customer_id,signup_date,tenure_months,age,region,plan,contract_type,monthly_charges,discount_pct,auto_pay,support_tickets,late_payments,usage_hours_month,satisfaction_score,last_login,total_charges,churn
CUST00001,2023-06-25,30,18,North,Standard,Monthly,1251.42,0.0,Yes,1,0,27.5,3.4,2025-12-22 09:04:28.246553827,37312.99,No
CUST00002,2023-07-16,29,47,Central,Standard,Quarterly,1049.84,0.0,No,3,1,26.2,2.2,2025-12-07 18:04:09.771690047,30161.56,No
CUST00003,2024-06-21,18,26,Central,Basic,Monthly,572.93,0.0,Yes,1,1,39.5,3.9,2025-12-29 08:04:11.023109588,10388.16,No
CUST00004,2024-05-17,19,18,East,Basic,Monthly,727.21,0.0,No,0,1,24.5,5.0,2025-12-03 21:59:56.264996216,14329.24,No
CUST00005,2024-08-02,16,34,West,Standard,Quarterly,1302.17,0.0,Yes,3,0,23.5,4.7,2025-12-01 03:55:23.358056042,21804.14,Yes
CUST00006,2023-07-31,29,23,West,Standard,Monthly,1123.14,0.05,Yes,2,0,20.1,5.0,2025-12-30 00:00:00.000000000,32599.97,No
CUST00007,2024-09-07,15,20,North,Premium,Monthly,2163.15,0.0,Yes,0,0,23.5,3.7,2025-12-17 18:31:42.100596636,34515.31,No
CUST00008,2023-12-15,24,23,North,Standard,Monthly,1180.88,0.0,Yes,0,0,11.7,3.6,2025-12-15 10:05:37.753826053,28285.17,No
CUST00009,2023-07-05,29,33,West,Standard,Annual,1261.42,0.05,No,3,2,26.2,4.1,2025-12-30 00:00:00.000000000,35871.37,No
CUST00010,2024-02-03,22,38,East,Standard,Quarterly,1370.05,0.1,Yes,0,1,24.3,3.3,2025-12-18 10:03:05.928471251,28777.71,No
CUST00011,2024-06-19,18,18,West,Standard,Monthly,1152.36,0.0,Yes,3,2,33.2,3.9,2025-12-19 09:34:04.976684608,19942.56,No
CUST00012,2024-08-07,16,33,South,Basic,Monthly,954.6,0.0,Yes,1,1,30.3,4.4,2025-12-08 01:04:36.607412079,14405.27,No
CUST00013,2023-12-12,24,24,East,Standard,Monthly,1080.55,0.0,No,2,1,30.8,3.2,2025-12-15 11:58:08.591593052,25800.18,No
CUST00014,2024-01-02,23,30,Central,Basic,Quarterly,661.96,0.05,Yes,1,1,32.7,3.4,2025-12-12 23:37:02.840636211,14890.99,No
CUST00015,2024-07-08,17,39,West,Standard,Quarterly,1026.77,0.0,No,0,1,27.5,4.3,2025-12-28 01:19:02.554155296,17972.06,No
CUST00016,2024-12-31,11,36,West,Standard,Monthly,1093.11,0.0,No,1,0,25.4,3.0,2025-12-25 14:39:45.654543479,12054.6,No
CUST00017,2025-06-23,6,45,South,Standard,Monthly,1085.96,0.0,No,0,2,48.0,2.4,2025-12-11 02:49:58.979229719,6547.51,No
CUST00018,2023-06-17,30,24,East,Basic,Monthly,589.19,0.05,Yes,3,1,25.3,3.2,2025-12-22 02:22:51.932744879,18250.97,No
CUST00019,2023-03-10,33,34,West,Standard,Annual,1295.84,0.1,Yes,2,0,23.7,4.4,2025-12-08 19:40:55.978806038,42219.17,No
CUST00020,2024-03-08,21,38,South,Basic,Monthly,652.26,0.05,No,0,0,23.8,4.4,2025-12-18 03:07:58.687400534,14090.58,No
CUST00021,2025-06-14,6,27,West,Premium,Quarterly,1978.42,0.0,No,2,1,27.2,3.8,2025-12-01 04:37:53.507700403,13479.08,Yes
CUST00022,2024-01-27,23,25,South,Premium,Monthly,1828.23,0.15,Yes,3,3,23.4,2.4,2025-12-10 11:26:49.460268005,43073.99,No
CUST00023,2024-05-27,19,18,West,Premium,Annual,1612.13,0.0,Yes,3,2,27.7,3.0,2025-12-24 02:40:06.339002051,29844.55,No
CUST00024,2023-03-17,33,19,West,Premium,Monthly,1854.23,0.0,Yes,2,0,24.6,3.4,2025-12-15 18:50:56.590784316,60281.74,No
CUST00025,2025-04-03,8,52,South,Standard,Quarterly,1035.99,0.0,Yes,2,1,36.1,4.3,2025-12-20 21:04:13.134748495,8039.76,No
CUST00026,2023-09-08,27,27,Central,Standard,Quarterly,994.26,0.0,Yes,1,1,30.1,3.9,2025-12-28 06:55:58.135083062,26280.98,No
CUST00027,2023-01-07,35,34,Central,Basic,Annual,747.52,0.0,No,2,0,29.3,2.7,2025-12-18 21:45:20.537580742,26444.73,No
CUST00028,2025-02-26,10,35,West,Standard,Annual,1127.16,0.0,No,3,1,34.1,3.6,2025-11-14 02:45:46.736509626,11513.55,Yes
CUST00029,2024-03-20,21,29,North,Standard,Monthly,1213.65,0.0,No,2,1,40.0,2.3,2025-12-28 02:12:05.140498087,26126.4,No
CUST00030,2023-02-14,34,35,North,Basic,Annual,797.0,0.05,Yes,3,1,16.6,2.2,2025-12-12 05:11:55.224610633,27181.94,No
CUST00031,2024-12-04,12,38,East,Basic,Monthly,771.46,0.0,Yes,5,0,24.7,2.9,2025-12-06 06:15:06.815600214,9694.2,No
CUST00032,2023-11-22,25,26,East,Basic,Annual,976.28,0.0,Yes,2,0,17.3,5.0,2025-12-15 23:53:04.801227611,24676.0,No
CUST00033,2025-04-04,8,46,North,Premium,Monthly,1912.64,0.05,Yes,3,0,30.1,3.2,2025-12-09 13:34:25.120530167,15189.21,No
CUST00034,2023-06-02,30,35,West,Standard,Annual,1272.44,0.05,Yes,1,0,12.7,3.1,2025-12-10 11:58:10.495356563,39275.89,No
CUST00035,2023-07-03,29,29,East,Standard,Monthly,1305.2,0.0,Yes,0,1,17.4,3.2,2025-12-17 03:37:37.496041876,37682.41,No
CUST00036,2023-04-23,32,31,North,Basic,Monthly,739.49,0.15,Yes,1,0,41.7,3.6,2025-12-30 00:00:00.000000000,23227.95,No
CUST00037,2025-02-02,10,45,West,Premium,Monthly,1678.54,0.0,Yes,4,0,38.2,4.1,2025-12-17 17:50:11.814014328,16503.34,No
CUST00038,2023-07-09,29,49,East,Basic,Annual,673.27,0.05,Yes,1,0,10.0,4.0,2025-12-09 14:35:04.002135983,20178.35,No
CUST00039,2023-10-18,26,28,North,Standard,Monthly,1286.98,0.05,No,1,0,13.6,3.3,2025-12-20 01:56:48.770662632,33375.1,No
CUST00040,2023-11-09,25,38,South,Basic,Monthly,526.63,0.0,Yes,4,1,25.6,4.2,2025-12-15 06:17:27.332640531,12786.72,No
CUST00041,2023-07-21,29,28,Central,Standard,Quarterly,1178.78,0.1,No,4,1,25.3,3.2,2025-12-09 20:04:51.772766328,34271.92,No
CUST00042,2024-04-07,20,24,North,Standard,Annual,1194.39,0.05,No,3,0,24.2,3.4,2025-11-30 08:30:23.700188178,23628.61,Yes
CUST00043,2024-07-04,17,33,Central,Basic,Annual,834.85,0.05,Yes,1,1,18.6,4.3,2025-12-27 08:34:09.933222029,13739.14,No
CUST00044,2025-02-11,10,38,Central,Standard,Monthly,1372.0,0.0,Yes,3,2,26.4,2.5,2025-12-25 12:10:25.590788815,12906.69,No
CUST00045,2024-05-09,19,53,South,Standard,Monthly,1342.88,0.0,Yes,2,0,35.8,3.9,2025-12-26 14:24:56.895322225,25723.69,No
CUST00046,2023-05-18,31,24,West,Basic,Monthly,620.09,0.05,No,0,1,55.7,4.4,2025-12-13 04:11:03.556614567,19733.44,No
CUST00047,2025-05-05,7,22,East,Basic,Monthly,650.01,0.0,Yes,3,1,7.3,2.5,2025-12-11 05:08:03.087074006,4769.21,No
CUST00048,2024-04-28,20,18,North,Premium,Annual,1933.35,0.0,Yes,3,1,9.0,3.2,2025-12-21 03:08:01.618520016,37024.44,No
CUST00049,2023-07-15,29,20,South,Premium,Monthly,1387.13,0.1,Yes,5,0,28.2,2.7,2025-12-13 12:58:06.422657160,39308.58,No
CUST00050,2023-03-14,33,40,East,Premium,Annual,1878.74,0.15,Yes,3,0,30.3,2.1,2025-12-26 20:50:57.621255133,62551.56,No
CUST00051,2025-05-01,8,39,North,Standard,Monthly,1248.1,0.1,Yes,0,1,27.1,3.6,2025-12-17 21:47:46.605139924,9755.39,No
CUST00052,2023-09-15,27,52,West,Standard,Monthly,1133.02,0.05,Yes,1,3,36.5,4.1,2025-12-08 09:38:36.894683608,31718.17,No
CUST00053,2024-12-05,12,43,East,Basic,Monthly,720.85,0.0,Yes,1,1,37.3,4.0,2025-12-21 07:59:51.900266766,8347.94,No
CUST00054,2024-02-05,22,32,Central,Premium,Annual,1971.89,0.05,No,1,2,28.8,2.8,2025-12-07 21:52:45.070293404,41758.99,No
CUST00055,2024-01-10,23,40,West,Premium,Annual,1963.0,0.0,Yes,3,0,51.3,3.8,2025-12-19 20:04:00.378538565,45271.75,No
CUST00056,2023-12-16,24,48,Central,Standard,Monthly,983.01,0.05,Yes,2,0,30.1,3.6,2025-12-14 22:13:16.258586929,24239.65,No
CUST00057,2024-08-27,16,18,North,Premium,Monthly,1706.84,0.0,Yes,2,2,33.5,2.3,2025-12-26 01:10:43.335037324,27268.12,No
CUST00058,2025-02-03,10,18,Central,Standard,Quarterly,1303.85,0.0,Yes,3,1,18.5,5.0,2025-12-19 04:21:02.047309656,13760.06,No
CUST00059,2024-08-06,16,37,South,Standard,Monthly,1373.86,0.0,Yes,2,0,29.3,3.3,2025-12-15 06:31:45.321945494,20611.8,No
CUST00060,2023-10-07,26,39,Central,Basic,Quarterly,624.56,0.0,No,1,0,42.8,4.3,2025-12-21 06:51:14.318486721,15873.55,No
CUST00061,2024-06-06,18,18,West,Standard,Monthly,1059.4,0.0,No,1,0,23.0,3.7,2025-12-06 07:33:50.163022178,18235.79,Yes
CUST00062,2025-01-15,11,29,Central,Standard,Quarterly,1014.74,0.05,Yes,4,0,37.1,4.2,2025-12-20 05:54:26.726691094,11613.25,No
CUST00063,2025-03-14,9,21,East,Basic,Monthly,622.42,0.0,Yes,1,0,10.7,2.6,2025-12-05 00:42:27.157406971,6176.31,Yes
CUST00064,2024-03-24,21,37,East,Standard,Monthly,1177.8,0.0,Yes,1,1,34.8,4.0,2025-12-25 01:58:57.777021365,24565.4,No
CUST00065,2023-11-14,25,48,Central,Basic,Annual,736.75,0.0,Yes,2,0,16.9,2.7,2025-12-05 04:53:32.260733947,18988.54,No
CUST00066,2024-01-27,23,43,North,Standard,Monthly,1187.36,0.0,No,0,1,29.3,3.5,2025-12-09 22:29:26.881804822,27532.53,No
CUST00067,2023-06-01,31,46,North,Basic,Monthly,752.25,0.1,Yes,4,0,35.8,1.5,2025-12-30 00:00:00.000000000,23970.61,No
CUST00068,2023-04-03,32,29,South,Standard,Annual,1173.82,0.0,No,5,1,44.4,2.5,2025-12-25 12:22:20.406963392,36785.91,No
CUST00069,2025-01-29,11,27,West,Standard,Monthly,1236.6,0.0,Yes,4,1,14.3,4.9,2025-12-12 21:53:53.617214015,14549.08,No
CUST00070,2023-08-13,28,44,North,Premium,Monthly,1852.35,0.0,Yes,2,0,31.7,4.9,2025-12-24 11:32:48.146774540,53489.82,No
CUST00071,2024-10-23,14,28,Central,Basic,Monthly,754.44,0.1,Yes,0,0,2.3,3.3,2025-12-30 00:00:00.000000000,11260.74,No
CUST00072,2023-12-23,24,35,West,Standard,Annual,1117.29,0.05,Yes,6,0,11.3,2.4,2025-12-24 12:44:13.034918386,26205.07,No
CUST00073,2024-04-26,20,40,South,Basic,Monthly,709.61,0.0,Yes,3,2,38.3,3.9,2025-12-29 03:26:42.413069323,14140.74,No
CUST00074,2024-08-02,16,23,North,Standard,Monthly,1235.08,0.0,No,3,2,33.0,3.7,2025-12-06 23:44:20.050681517,19266.54,No
CUST00075,2025-06-10,6,18,East,Basic,Quarterly,611.02,0.0,No,1,1,33.1,2.7,2025-11-19 11:31:10.446939757,4204.72,No
CUST00076,2023-08-08,28,46,Central,Basic,Monthly,868.26,0.0,Yes,5,2,32.4,2.8,2025-12-30 00:00:00.000000000,24657.9,No
CUST00077,2024-04-26,20,32,West,Standard,Quarterly,938.34,0.0,Yes,3,0,31.0,3.4,2025-12-10 11:31:02.110070571,19493.97,No
CUST00078,2023-01-20,35,42,North,Basic,Monthly,666.78,0.0,Yes,7,0,21.6,2.7,2025-12-20 00:19:04.971298991,23890.49,No
CUST00079,2024-05-31,19,38,West,Premium,Annual,1689.64,0.0,No,1,0,16.8,3.7,2025-12-14 03:15:19.550591502,31572.05,No
CUST00080,2025-02-26,10,18,West,Standard,Monthly,1063.13,0.0,No,0,2,38.9,4.4,2025-12-30 00:00:00.000000000,10556.41,No
CUST00081,2023-02-03,34,36,West,Standard,Monthly,1078.75,0.0,No,2,2,40.8,3.7,2025-12-05 20:46:40.334088121,37049.13,No
CUST00082,2023-05-04,31,28,North,Premium,Monthly,2118.43,0.0,Yes,2,1,20.5,3.1,2025-12-11 09:24:23.926196952,67258.99,No
CUST00083,2023-10-14,26,31,Central,Standard,Monthly,956.38,0.0,Yes,1,0,25.8,3.8,2025-12-20 01:25:39.290074326,24756.08,No
CUST00084,2024-11-28,13,28,East,Basic,Annual,629.19,0.0,No,2,0,35.6,4.3,2025-12-15 11:33:24.448711033,8603.78,No
CUST00085,2025-01-11,11,34,Central,Standard,Annual,1163.01,0.0,Yes,0,0,36.8,4.3,2025-12-18 13:38:12.742932912,13740.64,No
CUST00086,2025-04-21,8,37,North,Basic,Monthly,599.86,0.0,No,4,1,39.6,2.4,2025-12-21 10:48:24.450583398,4702.89,No
CUST00087,2025-06-14,6,26,West,Basic,Monthly,559.48,0.0,Yes,2,0,46.7,3.4,2025-12-18 10:37:21.999490107,3242.31,No
CUST00088,2024-02-20,22,40,Central,Basic,Monthly,476.94,0.05,No,1,1,36.2,2.8,2025-12-18 09:04:40.386045418,10682.01,No
CUST00089,2023-05-11,31,53,South,Premium,Quarterly,2124.98,0.0,Yes,2,0,23.9,3.0,2025-12-04 13:22:55.263860743,67692.84,No
CUST00090,2023-03-25,33,32,West,Basic,Annual,858.85,0.0,Yes,4,1,36.3,2.8,2025-12-16 19:01:29.262341534,29058.13,Yes
CUST00091,2024-02-07,22,49,East,Standard,Monthly,1167.41,0.0,No,3,0,31.4,4.1,2025-12-18 21:13:29.705896344,25585.38,No
CUST00092,2023-01-22,35,33,West,Basic,Monthly,728.98,0.0,No,4,0,30.8,2.3,2025-12-15 23:12:41.160464136,25017.1,No
CUST00093,2024-09-23,15,30,West,Premium,Annual,1991.38,0.0,Yes,4,1,26.9,3.3,2025-12-03 01:25:39.006274129,31843.51,Yes
CUST00094,2024-08-02,16,25,West,Standard,Quarterly,1260.55,0.0,Yes,2,1,17.4,4.4,2025-12-29 01:21:10.139155872,18965.3,No
CUST00095,2023-07-23,29,47,Central,Standard,Monthly,1197.56,0.05,Yes,6,0,12.4,3.1,2025-12-28 01:18:20.846385386,34427.06,No
CUST00096,2023-02-17,34,32,South,Standard,Quarterly,1201.6,0.05,Yes,1,1,38.4,3.7,2025-12-12 15:37:53.042626152,41273.75,No
CUST00097,2025-02-23,10,26,Central,Basic,Monthly,653.07,0.0,Yes,0,0,50.8,4.1,2025-12-22 01:14:39.273718926,6151.23,No
CUST00098,2024-06-08,18,44,East,Standard,Annual,1099.69,0.0,Yes,3,0,28.1,3.0,2025-12-21 06:23:45.120620712,20464.4,No
CUST00099,2023-12-16,24,31,West,Premium,Monthly,1981.43,0.0,No,3,1,31.4,3.8,2025-12-26 10:21:06.608395913,45577.4,No
CUST00100,2023-04-18,32,37,South,Standard,Monthly,1189.2,0.0,Yes,2,1,43.0,5.0,2025-12-20 16:38:02.795065199,38948.17,No
CUST00101,2025-01-15,11,18,Central,Standard,Annual,1019.61,0.0,Yes,1,2,24.2,3.3,2025-12-19 00:37:04.900387210,11082.26,No
CUST00102,2024-01-29,23,26,Central,Basic,Annual,603.7,0.0,No,4,0,40.9,1.1,2025-12-22 19:23:59.017798378,14390.02,No
CUST00103,2025-04-24,8,30,South,Standard,Annual,1422.66,0.1,No,0,2,35.6,5.0,2025-12-13 05:48:14.911338344,12040.2,No
CUST00104,2025-04-15,8,40,South,Standard,Monthly,1108.79,0.0,No,1,0,24.8,4.4,2025-12-12 14:25:59.525017202,7968.03,No
CUST00105,2024-09-14,15,39,East,Standard,Annual,1262.57,0.0,Yes,3,0,19.9,4.0,2025-12-24 08:01:06.473182248,18040.47,No
CUST00106,2024-10-16,14,36,Central,Standard,Monthly,1247.87,0.1,Yes,3,1,23.1,1.4,2025-12-07 15:25:33.669566058,16638.03,No
CUST00107,2024-09-28,15,28,Central,Standard,Monthly,1156.26,0.0,Yes,2,0,40.3,5.0,2025-12-30 00:00:00.000000000,17318.42,No
CUST00108,2023-10-04,26,47,East,Standard,Quarterly,1326.91,0.1,Yes,4,0,37.3,3.8,2025-12-11 17:47:49.152219386,35375.19,No
CUST00109,2023-11-06,25,32,East,Basic,Annual,625.23,0.0,Yes,2,1,22.5,3.7,2025-12-23 17:35:33.532497056,15808.02,No
CUST00110,2025-06-30,6,31,South,Basic,Annual,989.52,0.0,Yes,4,0,35.3,5.0,2025-12-14 09:27:26.830681860,6055.26,No
CUST00111,2025-04-07,8,19,North,Premium,Quarterly,1731.82,0.05,No,2,0,36.7,4.2,2025-12-15 21:29:46.205181537,13803.2,No
CUST00112,2023-02-05,34,42,East,Premium,Annual,1994.8,0.05,Yes,3,1,21.8,3.8,2025-12-21 15:03:19.695265238,69174.23,No
CUST00113,2025-03-27,9,43,North,Basic,Monthly,771.74,0.1,Yes,1,0,21.2,3.1,2025-12-18 21:38:47.671725063,6637.13,No
CUST00114,2023-09-18,27,46,South,Standard,Monthly,1179.71,0.1,No,0,0,16.7,4.1,2025-12-12 07:36:02.234234339,32984.47,No
CUST00115,2025-03-22,9,27,South,Basic,Annual,635.71,0.1,Yes,4,1,30.9,2.6,2025-12-28 22:10:11.058434288,5324.78,No
CUST00116,2024-04-01,20,47,Central,Standard,Monthly,1017.14,0.0,Yes,5,2,8.3,4.2,2025-12-30 00:00:00.000000000,19861.09,No
CUST00117,2024-04-19,20,38,North,Basic,Monthly,639.45,0.0,Yes,2,1,29.5,3.9,2025-12-09 12:52:36.357984457,12936.54,No
CUST00118,2025-02-01,10,18,West,Standard,Quarterly,1264.97,0.0,No,6,0,28.1,3.9,2025-12-16 12:44:43.700762049,13808.18,No
CUST00119,2024-07-20,17,35,Central,Standard,Monthly,1313.69,0.1,Yes,1,0,34.1,1.6,2025-12-30 00:00:00.000000000,22511.99,No
CUST00120,2024-07-09,17,29,East,Standard,Annual,1310.76,0.05,Yes,3,0,35.9,2.7,2025-12-09 20:44:59.171885797,22250.39,No
CUST00121,2023-08-04,28,40,East,Basic,Annual,830.22,0.05,No,2,2,17.3,2.4,2025-11-30 21:39:08.120484608,23745.54,No
CUST00122,2024-03-10,21,24,East,Standard,Monthly,1205.86,0.05,Yes,1,2,39.2,2.9,2025-12-24 10:05:42.795492162,24447.3,No
CUST00123,2023-02-09,34,21,West,Basic,Annual,683.35,0.05,Yes,1,1,42.3,4.1,2025-12-04 11:10:23.784592717,23452.78,No
CUST00124,2023-05-12,31,30,North,Standard,Monthly,1369.32,0.0,Yes,3,0,43.5,3.3,2025-11-29 06:24:35.547184829,41251.31,Yes
CUST00125,2024-02-18,22,58,East,Premium,Annual,1953.85,0.0,No,7,1,36.0,3.2,2025-12-13 23:03:45.475327423,41697.37,No
CUST00126,2025-06-27,6,29,North,Premium,Annual,1627.3,0.0,Yes,2,1,29.1,2.6,2025-12-15 15:08:53.350988813,9006.85,No
CUST00127,2024-04-05,20,28,Central,Standard,Annual,722.79,0.05,No,4,0,25.4,3.7,2025-12-30 00:00:00.000000000,15004.69,No
CUST00128,2025-04-27,8,25,West,Standard,Monthly,1361.16,0.05,Yes,2,0,22.7,4.3,2025-12-24 16:27:49.131467865,10748.23,No
CUST00129,2025-03-08,9,18,South,Basic,Quarterly,667.94,0.1,No,2,0,41.3,4.7,2025-12-30 00:00:00.000000000,5929.15,No
CUST00130,2024-10-10,14,25,East,Basic,Annual,714.98,0.0,No,1,1,24.0,3.2,2025-12-30 00:00:00.000000000,9721.41,No
CUST00131,2024-07-20,17,41,Central,Standard,Monthly,914.38,0.0,No,1,0,40.6,3.5,2025-12-18 17:54:12.326808854,15457.66,No
CUST00132,2024-11-09,13,20,Central,Basic,Monthly,735.98,0.15,Yes,1,1,32.3,4.8,2025-12-18 15:54:30.696811290,9836.46,No
CUST00133,2024-01-09,23,27,West,Basic,Annual,756.11,0.0,Yes,4,0,37.6,3.6,2025-12-07 01:36:37.915787918,17059.84,No
CUST00134,2024-12-11,12,29,North,Premium,Monthly,2112.54,0.0,Yes,2,0,26.3,4.0,2025-12-27 16:55:33.703106901,26688.35,No
CUST00135,2024-10-23,14,39,Central,Standard,Monthly,949.04,0.05,No,3,3,59.2,4.8,2025-12-24 05:39:05.776632170,12745.92,No
CUST00136,2023-02-14,34,33,West,Standard,Annual,1247.45,0.0,No,0,1,12.3,4.0,2025-12-30 00:00:00.000000000,43041.3,No
CUST00137,2024-10-09,14,30,East,Basic,Monthly,843.92,0.0,No,3,0,21.0,2.9,2025-12-18 06:10:17.464484067,11208.45,No
CUST00138,2024-12-22,12,53,Central,Premium,Quarterly,1941.27,0.0,Yes,3,0,15.9,5.0,2025-12-12 08:48:57.263200270,22809.16,No
CUST00139,2024-05-10,19,49,West,Standard,Monthly,1328.53,0.0,Yes,2,0,24.1,4.2,2025-12-03 18:58:00.902063557,25175.89,No
CUST00140,2023-07-17,29,40,West,Standard,Quarterly,987.71,0.0,Yes,1,1,16.5,4.2,2025-12-13 06:45:35.786975930,29314.53,No
CUST00141,2023-04-11,32,25,South,Premium,Annual,1887.17,0.05,Yes,1,0,16.9,4.6,2025-12-24 22:04:21.706282175,60666.12,No
CUST00142,2023-06-30,30,34,South,Basic,Annual,580.97,0.05,Yes,6,0,27.3,3.3,2025-12-17 22:07:11.151139521,17523.86,No
CUST00143,2023-06-19,30,18,North,Standard,Monthly,1361.19,0.1,No,1,0,32.8,3.0,2025-12-13 14:30:00.305644799,41432.34,No
CUST00144,2023-01-30,35,18,Central,Standard,Monthly,1182.75,0.0,Yes,2,3,39.4,1.8,2025-12-25 18:37:11.629526604,40720.92,No
CUST00145,2023-10-10,26,25,North,Basic,Monthly,737.49,0.0,Yes,3,0,27.8,3.5,2025-11-30 12:37:29.586568694,19282.48,Yes
CUST00146,2025-04-12,8,32,North,Basic,Quarterly,755.88,0.0,Yes,4,0,15.0,3.2,2025-12-18 07:19:22.276076846,6100.9,No
CUST00147,2025-02-03,10,38,West,Premium,Quarterly,1626.27,0.0,No,5,2,16.1,1.9,2025-12-14 22:26:37.912964888,17865.91,No
CUST00148,2023-07-10,29,30,North,Basic,Quarterly,632.28,0.0,No,0,0,27.7,2.8,2025-12-11 08:12:24.741007877,18801.62,No
CUST00149,2024-12-27,12,18,West,Basic,Annual,957.97,0.1,No,1,1,16.4,3.7,2025-12-14 10:23:43.785081102,11780.13,No
CUST00150,2025-01-08,11,32,North,Standard,Annual,1407.55,0.05,No,3,1,39.5,3.6,2025-12-17 13:26:17.944888745,15502.3,No
CUST00151,2023-01-13,35,32,North,Premium,Annual,1955.13,0.05,No,1,0,40.3,4.9,2025-12-19 17:54:46.538657471,69232.66,No
CUST00152,2024-10-08,14,39,Central,Standard,Monthly,1344.35,0.05,Yes,4,0,31.5,3.8,2025-12-24 13:45:41.435843858,18472.17,No
CUST00153,2024-05-03,19,43,West,Standard,Monthly,1204.24,0.0,No,0,1,30.6,3.8,2025-12-22 01:43:42.290440954,22319.82,No
CUST00154,2024-03-19,21,39,West,Standard,Monthly,1109.18,0.0,No,2,0,15.4,3.5,2025-12-24 10:28:12.730432037,23276.63,No
CUST00155,2023-04-17,32,47,North,Standard,Quarterly,1330.18,0.0,Yes,3,0,33.0,4.7,2025-12-20 06:26:39.767272164,41375.38,No
CUST00156,2024-09-14,15,39,West,Standard,Monthly,1179.62,0.0,Yes,0,1,18.4,4.6,2025-12-08 14:48:55.229958651,18681.49,Yes
CUST00157,2025-06-03,6,34,East,Premium,Monthly,1788.87,0.0,Yes,2,2,16.1,4.6,2025-12-19 03:14:36.635954416,12354.21,No
CUST00158,2024-05-12,19,44,West,Standard,Quarterly,1348.12,0.0,Yes,1,0,43.5,4.1,2025-12-22 17:03:35.097793935,24652.54,No
CUST00159,2023-12-16,24,37,East,Standard,Quarterly,1142.46,0.0,Yes,1,1,26.2,5.0,2025-12-29 06:50:52.561759203,28188.11,No
CUST00160,2024-05-01,20,18,East,Premium,Monthly,2146.86,0.05,Yes,1,0,25.0,4.3,2025-12-21 10:17:24.208510356,41236.58,No
CUST00161,2023-08-23,28,41,East,Standard,Monthly,1449.06,0.0,No,1,1,32.9,3.8,2025-12-12 03:34:42.131271761,41724.16,Yes
CUST00162,2024-06-13,18,40,South,Basic,Monthly,904.27,0.0,Yes,3,0,29.3,4.6,2025-11-30 04:19:28.434807069,16717.38,No
CUST00163,2023-01-06,35,24,North,Basic,Monthly,850.42,0.05,No,3,1,8.9,3.5,2025-12-17 20:15:01.677207393,30567.26,No
CUST00164,2025-04-27,8,43,West,Standard,Monthly,1267.02,0.0,Yes,2,1,26.6,3.3,2025-11-23 01:08:42.189511080,10284.67,Yes
CUST00165,2023-02-19,34,22,East,Standard,Annual,1127.37,0.0,Yes,5,1,32.7,3.0,2025-12-29 19:19:01.389906241,39364.75,No
CUST00166,2024-03-14,21,54,West,Standard,Monthly,1252.24,0.0,Yes,1,1,15.2,4.1,2025-12-20 22:57:00.018844981,25278.57,No
CUST00167,2023-11-29,25,18,West,Basic,Monthly,661.64,0.0,Yes,2,1,38.6,2.8,2025-11-22 04:27:27.194653631,16499.05,Yes
CUST00168,2024-09-09,15,38,South,Basic,Quarterly,730.27,0.0,Yes,0,1,19.4,2.6,2025-12-12 20:41:53.586120573,10452.64,No
CUST00169,2023-07-02,29,27,North,Standard,Monthly,1269.94,0.0,Yes,3,0,11.4,2.9,2025-12-28 11:14:18.399906514,35859.09,No
CUST00170,2024-11-18,13,30,Central,Standard,Monthly,984.71,0.15,Yes,2,0,16.9,4.5,2025-12-28 22:37:17.045393137,13287.53,No
CUST00171,2024-02-26,22,40,South,Basic,Quarterly,726.66,0.0,Yes,1,0,22.0,3.2,2025-12-18 07:18:12.128368225,15414.72,No
CUST00172,2024-08-22,16,41,South,Standard,Quarterly,1301.69,0.0,Yes,0,1,18.5,3.3,2025-12-15 04:07:31.328284466,20351.78,No
CUST00173,2024-10-23,14,43,South,Premium,Monthly,1869.47,0.0,Yes,2,1,29.7,2.9,2025-12-16 18:49:12.125233952,24691.39,No
CUST00174,2023-09-18,27,46,North,Standard,Monthly,1482.45,0.1,Yes,3,1,22.9,2.3,2025-12-18 03:05:37.742966952,38577.23,No
CUST00175,2024-04-20,20,23,Central,Premium,Monthly,1888.7,0.0,No,0,0,38.1,4.1,2025-12-21 00:25:30.142180892,37698.13,No
CUST00176,2024-08-11,16,32,East,Standard,Monthly,1164.16,0.0,Yes,3,1,17.0,4.6,2025-12-05 01:35:43.970358495,18014.25,No
CUST00177,2023-08-22,28,31,South,Standard,Monthly,937.09,0.05,Yes,3,0,27.3,2.7,2025-12-16 06:21:53.784707087,26246.25,No
CUST00178,2023-11-28,25,34,Central,Premium,Quarterly,1817.63,0.0,No,2,1,27.0,2.7,2025-12-06 16:51:06.082872705,45718.82,No
CUST00179,2025-02-13,10,18,East,Standard,Monthly,1406.14,0.1,No,1,0,20.8,4.7,2025-12-17 22:47:44.466057298,14440.14,No
CUST00180,2025-06-07,6,45,West,Standard,Monthly,1255.96,0.05,Yes,2,0,25.0,2.5,2025-11-29 22:13:55.315215072,7233.37,Yes
CUST00181,2023-08-14,28,39,South,Standard,Monthly,1212.25,0.0,Yes,5,0,18.7,2.9,2025-11-23 14:43:28.537985116,33247.26,Yes
CUST00182,2024-04-14,20,42,South,Premium,Annual,1783.54,0.0,No,5,0,10.9,4.3,2025-12-19 11:50:28.418091265,35326.13,No
CUST00183,2023-03-27,33,39,West,Premium,Quarterly,2023.01,0.1,Yes,3,1,17.9,3.1,2025-12-17 23:02:51.520000120,66202.34,No
CUST00184,2024-11-01,13,27,East,Basic,Monthly,833.52,0.0,Yes,3,1,4.2,3.1,2025-12-30 00:00:00.000000000,10279.27,No
CUST00185,2025-05-25,7,25,North,Standard,Annual,1261.35,0.15,No,1,2,4.6,3.6,2025-12-16 03:37:01.158081664,10088.55,No
CUST00186,2024-04-21,20,27,North,Premium,Annual,1966.79,0.0,No,2,3,6.3,3.5,2025-12-30 00:00:00.000000000,39515.4,No
CUST00187,2025-04-04,8,18,West,Standard,Annual,1162.17,0.0,Yes,2,1,23.1,3.4,2025-12-30 00:00:00.000000000,9389.83,No
CUST00188,2025-03-30,9,25,Central,Basic,Quarterly,689.46,0.0,Yes,2,2,11.5,2.6,2025-12-18 20:27:02.213677769,6723.03,No
CUST00189,2023-09-05,27,30,North,Standard,Monthly,814.08,0.0,Yes,5,3,26.8,4.0,2025-12-25 06:15:41.735719423,22726.93,No
CUST00190,2023-07-03,29,35,East,Basic,Quarterly,590.84,0.0,Yes,2,1,38.6,2.8,2025-12-30 00:00:00.000000000,17679.83,No
CUST00191,2024-09-25,15,27,North,Premium,Monthly,1909.06,0.0,No,2,0,10.2,2.2,2025-12-15 10:18:31.036951789,28816.07,No
CUST00192,2025-06-27,6,52,South,Standard,Quarterly,1030.39,0.1,Yes,2,1,34.6,3.9,2025-12-20 07:04:54.433210685,6483.73,No
CUST00193,2023-03-18,33,27,Central,Basic,Monthly,645.52,0.1,Yes,4,0,15.9,3.3,2025-12-17 09:22:47.330447569,21643.14,No
CUST00194,2025-05-27,7,36,Central,Premium,Monthly,1823.78,0.05,Yes,2,0,25.1,3.3,2025-12-23 04:08:21.367257925,12173.63,No
CUST00195,2024-12-12,12,36,South,Standard,Annual,1264.3,0.0,No,2,1,28.1,3.9,2025-12-23 01:26:36.432834807,14059.4,No
CUST00196,2023-03-27,33,18,West,Standard,Monthly,1401.77,0.0,Yes,4,0,24.7,4.4,2025-12-14 10:54:25.498412041,46578.48,No
CUST00197,2024-11-29,13,37,North,Standard,Monthly,977.5,0.0,Yes,6,1,2.0,2.5,2025-12-30 00:00:00.000000000,12970.79,No
CUST00198,2025-03-20,9,18,North,Basic,Monthly,658.84,0.0,Yes,4,4,21.8,3.4,2025-12-03 21:52:39.649752011,5346.53,No
CUST00199,2023-08-19,28,28,South,Premium,Monthly,1695.69,0.0,Yes,0,0,26.0,2.1,2025-12-13 12:50:21.556181737,49121.06,No
CUST00200,2025-06-30,6,27,South,Basic,Annual,775.76,0.1,Yes,5,1,18.2,2.1,2025-12-14 07:26:48.425707361,3943.38,No
CUST00201,2025-03-22,9,28,North,Standard,Annual,1324.46,0.0,Yes,4,0,30.4,3.0,2025-12-21 23:30:07.024790927,12103.03,No
CUST00202,2023-11-12,25,38,Central,Premium,Annual,1740.74,0.0,No,0,1,39.9,2.7,2025-12-30 00:00:00.000000000,41942.46,No
CUST00203,2025-04-30,8,47,South,Basic,Monthly,509.11,0.0,No,0,1,34.7,3.0,2025-12-16 01:12:21.436511899,3963.33,No
CUST00204,2024-07-29,17,36,North,Basic,Annual,745.37,0.0,Yes,5,1,20.5,5.0,2025-12-26 22:41:16.128201204,12030.63,No
CUST00205,2024-02-05,22,41,West,Standard,Annual,1130.64,0.0,Yes,3,1,10.8,3.1,2025-12-23 13:12:20.782132062,25849.94,No
CUST00206,2025-06-20,6,28,South,Standard,Monthly,1284.01,0.15,No,3,1,29.4,4.1,2025-12-17 11:26:42.413606045,8448.15,Yes
CUST00207,2023-02-05,34,25,East,Standard,Monthly,1185.16,0.05,Yes,1,0,27.8,4.5,2025-12-23 15:36:10.241957011,40004.8,No
CUST00208,2024-08-12,16,35,North,Premium,Monthly,1774.23,0.0,Yes,3,0,42.6,2.7,2025-12-30 00:00:00.000000000,29866.97,No
CUST00209,2023-10-16,26,24,Central,Basic,Monthly,697.19,0.0,No,3,1,19.0,3.3,2025-12-26 16:17:42.969223516,18310.36,No
CUST00210,2024-09-21,15,36,North,Standard,Quarterly,1376.57,0.0,Yes,1,1,23.5,3.3,2025-12-07 09:27:15.451164116,21842.59,No
CUST00211,2024-12-28,12,44,North,Premium,Annual,2300.54,0.05,Yes,2,1,20.3,5.0,2025-12-10 09:29:45.685262029,25830.15,No
CUST00212,2023-06-11,30,47,North,Basic,Monthly,870.23,0.05,No,3,1,14.9,4.6,2025-12-29 03:40:19.662921074,26712.62,No
CUST00213,2023-02-15,34,48,Central,Standard,Annual,1176.93,0.0,No,2,1,38.7,1.8,2025-12-09 14:40:13.421861317,40738.24,No
CUST00214,2024-09-20,15,23,North,Basic,Monthly,837.36,0.0,Yes,1,2,42.4,3.4,2025-12-30 00:00:00.000000000,12235.27,No
CUST00215,2024-04-20,20,41,West,Standard,Monthly,1317.17,0.0,Yes,1,1,20.3,3.6,2025-12-12 14:51:29.529071649,25621.02,No
CUST00216,2024-02-03,22,36,West,Basic,Quarterly,677.4,0.0,Yes,1,0,42.6,3.2,2025-12-11 21:30:28.249694600,14959.91,No
CUST00217,2023-02-15,34,32,South,Basic,Monthly,644.82,0.0,No,3,2,13.6,5.0,2025-12-23 08:19:44.598931355,21737.28,No
CUST00218,2025-05-23,7,24,North,Basic,Monthly,746.77,0.05,No,1,0,33.8,3.4,2025-12-13 09:49:46.724843090,5324.29,No
CUST00219,2023-02-12,34,36,Central,Premium,Monthly,2117.58,0.0,Yes,1,0,25.7,3.4,2025-12-13 20:19:32.749852438,72395.62,No
CUST00220,2025-05-14,7,47,West,Standard,Monthly,1056.63,0.1,Yes,3,2,27.4,3.4,2025-11-28 11:57:02.302165199,8444.32,No
CUST00221,2023-10-18,26,36,East,Standard,Quarterly,917.65,0.0,Yes,2,1,14.0,4.5,2025-12-10 10:17:26.487952187,23971.28,No
CUST00222,2023-04-06,32,33,North,Basic,Monthly,746.0,0.05,No,2,2,23.4,2.3,2025-12-11 05:06:55.245220198,24249.06,No
CUST00223,2025-05-30,7,50,Central,Standard,Monthly,1047.01,0.0,Yes,2,0,23.5,3.6,2025-12-11 14:41:50.775758302,8280.33,No
CUST00224,2023-07-03,29,33,North,Premium,Monthly,1628.39,0.0,Yes,3,0,11.3,2.3,2025-12-10 09:21:52.915030114,48443.74,No
CUST00225,2023-08-19,28,35,West,Premium,Monthly,1900.99,0.15,No,4,2,29.4,2.0,2025-12-30 00:00:00.000000000,54457.02,No
CUST00226,2023-09-23,27,51,South,Basic,Monthly,622.47,0.15,Yes,2,0,35.5,3.9,2025-12-21 00:11:54.311446600,16283.26,No
CUST00227,2023-09-27,27,54,North,Standard,Annual,1157.35,0.0,No,5,1,16.1,3.7,2025-12-06 20:49:36.125032112,30129.77,Yes
CUST00228,2023-12-08,24,36,West,Basic,Annual,675.12,0.0,Yes,3,0,22.0,3.6,2025-12-23 13:48:38.135377334,15896.83,No
CUST00229,2023-01-02,35,33,East,Basic,Quarterly,599.06,0.05,Yes,4,1,2.0,5.0,2025-12-18 18:54:11.351952421,21037.44,No
CUST00230,2023-10-15,26,30,East,Premium,Quarterly,1679.18,0.0,Yes,1,1,26.0,2.2,2025-12-19 06:24:39.289237906,43222.53,No
CUST00231,2025-06-29,6,27,South,Basic,Monthly,611.9,0.0,Yes,2,1,21.3,3.4,2025-11-25 11:49:41.304408278,3358.7,Yes
CUST00232,2023-07-28,29,30,North,Standard,Monthly,1329.41,0.05,Yes,4,0,30.0,1.9,2025-12-26 02:27:57.015351306,39701.35,No
CUST00233,2024-07-14,17,43,West,Standard,Monthly,1306.14,0.0,Yes,3,0,32.1,4.2,2025-12-11 14:00:50.259020760,23395.02,Yes
CUST00234,2024-10-27,14,50,East,Standard,Monthly,1250.33,0.0,Yes,4,2,21.3,3.8,2025-12-01 16:14:27.111894810,16488.41,Yes
CUST00235,2024-05-12,19,27,North,Basic,Monthly,662.84,0.0,No,3,0,23.4,3.6,2025-12-20 02:29:05.202594609,12649.78,No
CUST00236,2023-06-11,30,33,South,Basic,Annual,656.7,0.0,Yes,1,0,20.3,2.0,2025-12-20 15:59:20.058002074,20163.54,No
CUST00237,2023-09-13,27,38,North,Standard,Annual,1078.51,0.1,No,0,1,37.2,3.1,2025-12-04 00:23:30.497420081,28379.28,No
CUST00238,2023-12-05,24,36,North,Standard,Annual,1195.8,0.0,No,2,0,28.1,3.1,2025-12-24 15:56:43.691289453,29871.5,No
CUST00239,2024-07-30,17,27,North,Basic,Monthly,602.04,0.0,Yes,6,0,32.9,2.9,2025-12-16 18:25:30.554289236,10606.55,No
CUST00240,2024-04-06,20,22,South,Premium,Annual,1679.18,0.0,Yes,1,1,39.5,3.4,2025-12-26 00:18:11.113743992,34025.83,No
CUST00241,2025-04-06,8,18,Central,Basic,Quarterly,744.3,0.15,Yes,0,1,32.0,4.3,2025-12-16 14:09:07.517614914,6605.51,No
CUST00242,2023-09-24,27,36,South,Basic,Monthly,778.64,0.0,Yes,1,0,21.5,2.9,2025-12-29 13:09:22.184668605,21501.73,No
CUST00243,2024-03-12,21,37,West,Standard,Annual,1373.51,0.0,Yes,2,1,13.5,4.0,2025-12-09 07:56:27.801802623,29526.7,Yes
CUST00244,2024-05-21,19,34,East,Standard,Annual,1320.43,0.1,Yes,1,0,25.5,3.6,2025-12-13 04:33:58.156246224,24936.89,No
CUST00245,2024-06-23,18,41,North,Basic,Annual,730.35,0.0,Yes,1,1,27.8,3.8,2025-12-23 07:06:30.605612475,13376.93,No
CUST00246,2023-06-06,30,31,East,Standard,Monthly,1397.24,0.1,No,3,1,15.9,4.8,2025-12-28 20:49:03.857139734,41769.27,No
CUST00247,2023-01-09,35,32,East,Basic,Annual,813.03,0.05,Yes,2,1,44.1,4.4,2025-12-01 15:43:20.664270832,29073.27,Yes
CUST00248,2025-01-29,11,18,Central,Standard,Quarterly,1329.61,0.0,No,3,0,16.8,3.3,2025-12-04 02:53:47.698306515,14446.7,No
CUST00249,2024-04-26,20,50,Central,Standard,Annual,1251.83,0.05,No,2,1,2.4,2.4,2025-11-27 13:02:43.366725998,23798.03,Yes
CUST00250,2024-09-04,15,23,North,Premium,Quarterly,1781.07,0.1,Yes,2,0,11.7,5.0,2025-12-10 12:41:16.084982478,26753.21,No
CUST00251,2024-03-04,21,42,Central,Standard,Monthly,1002.19,0.0,Yes,1,2,33.6,1.9,2025-12-18 01:20:02.220746721,21405.17,No
CUST00252,2025-02-05,10,49,North,Standard,Quarterly,1286.63,0.0,Yes,3,0,19.2,4.6,2025-12-03 01:02:23.118169025,12749.14,No
CUST00253,2025-04-02,8,36,North,Standard,Monthly,1173.06,0.0,Yes,2,0,15.9,3.9,2025-12-30 00:00:00.000000000,10117.23,No
CUST00254,2023-10-26,26,40,Central,Basic,Monthly,634.54,0.0,Yes,3,2,53.9,4.5,2025-11-20 20:43:41.444912534,16779.94,Yes
CUST00255,2023-12-15,24,35,South,Basic,Monthly,750.59,0.05,No,1,0,23.7,3.9,2025-12-15 01:38:11.521477122,18012.51,No
CUST00256,2024-06-03,18,40,South,Standard,Quarterly,1331.28,0.0,Yes,1,0,38.4,4.0,2025-12-13 03:44:15.208546526,22721.01,No
CUST00257,2025-01-23,11,33,North,Premium,Monthly,1972.05,0.0,Yes,3,1,38.1,4.6,2025-12-16 14:14:45.179560007,22834.12,No
CUST00258,2023-05-24,31,20,West,Basic,Monthly,563.66,0.0,Yes,2,2,34.8,3.9,2025-12-29 20:06:59.893024364,17932.41,No
CUST00259,2024-10-02,14,33,Central,Basic,Monthly,612.6,0.0,No,5,0,21.4,2.0,2025-12-02 18:44:04.973431653,8616.88,Yes
CUST00260,2023-07-30,29,18,West,Standard,Quarterly,1193.28,0.15,Yes,3,0,31.7,4.6,2025-12-30 00:00:00.000000000,35109.91,No
CUST00261,2023-08-20,28,38,North,Standard,Monthly,1142.32,0.05,Yes,4,1,17.9,4.4,2025-12-13 22:19:05.974632956,31595.72,No
CUST00262,2024-11-19,13,36,East,Standard,Annual,1150.7,0.0,No,1,0,11.5,3.3,2025-12-20 07:43:07.796643477,14905.12,No
CUST00263,2024-03-24,21,44,East,Basic,Monthly,602.89,0.05,Yes,2,1,32.6,3.2,2025-12-24 13:32:08.786743429,12792.33,No
CUST00264,2023-02-14,34,27,West,Standard,Monthly,1333.28,0.05,No,8,1,34.1,3.3,2025-12-18 22:56:20.332319963,44890.44,No
CUST00265,2024-06-05,18,21,Central,Basic,Annual,690.48,0.1,Yes,4,0,27.7,3.0,2025-12-11 03:45:40.844475755,12395.02,No
CUST00266,2025-03-25,9,36,Central,Basic,Quarterly,740.27,0.0,Yes,7,0,21.8,2.7,2025-12-30 00:00:00.000000000,6212.0,No
CUST00267,2024-03-16,21,30,South,Basic,Monthly,619.47,0.0,Yes,0,1,32.0,4.9,2025-12-16 10:52:23.597928377,12966.91,No
CUST00268,2023-06-26,30,30,East,Basic,Annual,776.44,0.0,Yes,1,1,26.7,2.5,2025-12-23 07:00:51.820309875,23644.83,No
CUST00269,2024-10-01,14,24,West,Standard,Quarterly,1315.9,0.0,Yes,2,0,22.1,2.7,2025-12-25 19:07:19.331087143,17432.18,No
CUST00270,2024-03-03,21,26,East,Standard,Quarterly,1185.35,0.1,No,2,0,22.0,3.8,2025-12-12 16:00:31.026566794,25079.49,No
CUST00271,2024-06-01,18,40,East,Standard,Quarterly,1319.25,0.1,Yes,2,0,17.3,3.4,2025-12-25 20:57:38.757749688,22763.12,No
CUST00272,2023-05-25,31,32,South,Standard,Monthly,1159.34,0.05,Yes,2,1,43.0,4.4,2025-12-21 23:50:08.260127518,35302.33,No
CUST00273,2023-01-12,35,35,North,Basic,Monthly,788.68,0.0,Yes,2,0,28.1,3.9,2025-12-20 12:59:49.953433526,27584.83,No
CUST00274,2025-05-24,7,52,West,Basic,Annual,755.78,0.0,Yes,1,2,29.9,3.1,2025-12-30 00:00:00.000000000,5898.04,No
CUST00275,2023-06-10,30,45,North,Standard,Monthly,1077.29,0.05,Yes,3,3,40.5,3.3,2025-12-21 20:41:36.244162899,31825.72,No
CUST00276,2025-03-19,9,35,North,Standard,Quarterly,1107.26,0.0,Yes,4,0,8.0,3.2,2025-12-14 15:42:13.278942519,10398.31,No
CUST00277,2024-07-02,17,45,Central,Basic,Quarterly,718.45,0.05,No,2,0,46.3,2.6,2025-12-19 01:17:35.124809741,11936.93,No
CUST00278,2023-03-11,33,26,South,Basic,Annual,790.91,0.05,Yes,1,0,26.7,4.0,2025-12-17 20:13:45.034446890,26829.01,No
CUST00279,2023-12-30,24,25,West,Basic,Quarterly,768.15,0.0,No,2,1,20.4,1.9,2025-12-13 22:02:46.583841342,18070.72,No
CUST00280,2024-08-28,16,35,East,Premium,Monthly,1730.23,0.05,No,1,1,32.4,3.2,2025-12-22 21:28:41.056940635,26679.24,No
CUST00281,2023-02-19,34,37,North,Standard,Monthly,1050.46,0.05,Yes,1,2,25.4,3.8,2025-12-24 14:13:21.317517377,35428.62,No
CUST00282,2025-04-09,8,35,West,Basic,Annual,751.07,0.0,Yes,2,1,7.3,4.0,2025-12-14 20:37:58.272718285,5348.84,Yes
CUST00283,2024-01-02,23,52,Central,Standard,Monthly,1073.72,0.1,Yes,2,0,30.3,4.0,2025-12-09 22:56:10.975495131,25097.71,No
CUST00284,2024-05-05,19,21,West,Standard,Monthly,1214.52,0.15,No,3,1,7.3,3.5,2025-12-14 22:30:55.999343840,24138.56,No
CUST00285,2024-03-12,21,42,West,Basic,Monthly,890.48,0.0,No,5,0,18.1,2.8,2025-12-04 20:45:08.219237320,18422.39,Yes
CUST00286,2025-01-05,11,38,Central,Standard,Monthly,1246.53,0.05,Yes,3,1,17.0,1.8,2025-12-20 18:35:04.098535377,14424.03,No
CUST00287,2024-10-09,14,41,South,Basic,Monthly,776.97,0.0,Yes,3,2,18.7,2.3,2025-12-17 07:11:36.580821882,11380.58,No
CUST00288,2023-04-03,32,29,West,Basic,Annual,904.36,0.0,Yes,2,0,21.0,3.3,2025-12-18 22:03:56.489022415,28271.31,No
CUST00289,2024-05-10,19,25,East,Basic,Monthly,754.41,0.15,No,3,0,21.7,1.8,2025-12-11 20:33:20.573697324,13623.84,No
CUST00290,2025-04-06,8,31,East,Basic,Monthly,636.76,0.1,No,2,0,29.9,2.7,2025-12-18 19:50:07.555318366,5041.68,No
CUST00291,2024-11-21,13,32,North,Basic,Monthly,671.61,0.1,Yes,1,0,38.5,2.3,2025-12-30 00:00:00.000000000,8663.58,No
CUST00292,2024-11-19,13,20,East,Premium,Monthly,1801.72,0.0,Yes,3,1,16.9,3.2,2025-12-09 01:51:41.770413813,24592.35,Yes
CUST00293,2025-04-26,8,40,Central,Standard,Quarterly,1218.58,0.15,No,2,2,27.5,3.0,2025-12-09 09:27:26.184988515,10534.68,No
CUST00294,2024-07-13,17,25,East,Basic,Quarterly,656.5,0.0,Yes,2,2,22.3,3.4,2025-12-30 00:00:00.000000000,10877.01,No
CUST00295,2024-09-30,15,19,East,Basic,Monthly,870.88,0.0,Yes,1,1,28.7,4.2,2025-12-24 01:45:37.872630375,13154.33,No
CUST00296,2024-04-06,20,37,North,Basic,Monthly,727.25,0.1,Yes,5,0,2.0,2.0,2025-12-25 01:13:15.885532854,14034.45,No
CUST00297,2023-07-31,29,33,Central,Standard,Monthly,1085.59,0.1,Yes,3,0,21.9,3.9,2025-12-16 11:57:49.624816565,30908.27,No
CUST00298,2023-04-16,32,21,East,Basic,Annual,794.98,0.0,Yes,4,0,2.0,3.0,2025-12-10 16:28:41.000972783,25501.15,Yes
CUST00299,2023-03-19,33,28,South,Basic,Monthly,557.06,0.05,No,1,1,39.2,2.7,2025-11-27 23:51:56.118050286,18887.1,No
CUST00300,2024-06-20,18,27,West,Standard,Annual,1188.49,0.15,Yes,2,1,35.9,2.9,2025-12-21 15:17:33.767274846,21337.75,No
CUST00301,2023-03-09,33,25,Central,Standard,Monthly,1131.27,0.0,Yes,5,1,19.5,3.6,2025-12-05 16:41:45.738075869,37256.57,No
CUST00302,2025-06-22,6,21,Central,Standard,Quarterly,1441.19,0.05,Yes,3,2,29.6,4.4,2025-12-08 23:43:49.375926688,8906.62,No
CUST00303,2024-07-15,17,32,Central,Standard,Annual,1127.55,0.05,Yes,3,0,22.7,3.4,2025-12-12 17:59:50.546989678,20080.43,No
CUST00304,2024-05-05,19,38,South,Standard,Monthly,1132.61,0.0,Yes,1,0,27.5,4.0,2025-12-13 19:17:53.811298727,22177.06,No
CUST00305,2024-02-21,22,28,Central,Standard,Annual,1026.86,0.0,No,7,2,21.1,3.9,2025-12-18 20:51:07.539344862,23031.01,No
CUST00306,2023-02-03,34,42,North,Standard,Monthly,1237.39,0.0,Yes,5,2,34.4,3.5,2025-12-29 01:38:02.576288743,41735.26,No
CUST00307,2023-11-28,25,36,West,Basic,Annual,700.07,0.0,Yes,2,0,35.0,3.4,2025-12-30 00:00:00.000000000,17834.53,No
CUST00308,2025-05-09,7,47,East,Basic,Monthly,576.63,0.0,Yes,0,0,23.9,2.5,2025-12-30 00:00:00.000000000,3548.13,No
CUST00309,2023-03-10,33,36,East,Premium,Annual,2139.78,0.1,Yes,2,1,29.9,4.7,2025-12-14 12:56:28.903139428,70086.0,No
CUST00310,2023-08-19,28,28,East,Basic,Quarterly,820.66,0.05,No,2,0,27.1,2.9,2025-12-29 07:23:42.361707043,23609.37,No
CUST00311,2024-08-30,16,36,West,Standard,Monthly,1262.58,0.05,Yes,0,1,39.3,2.5,2025-12-11 01:02:42.594432729,20488.53,No
CUST00312,2024-09-29,15,35,West,Basic,Monthly,616.81,0.1,Yes,2,0,39.5,2.9,2025-12-09 11:08:24.958372313,8955.49,No
CUST00313,2025-02-02,10,21,West,Standard,Quarterly,1149.74,0.15,Yes,2,0,46.5,3.3,2025-12-18 01:07:26.439241495,10992.86,No
CUST00314,2024-07-27,17,25,South,Standard,Monthly,1140.92,0.0,Yes,1,3,35.4,3.8,2025-12-30 00:00:00.000000000,20044.66,No
CUST00315,2025-05-12,7,39,East,Basic,Monthly,685.13,0.05,Yes,1,2,27.7,2.2,2025-12-09 10:51:12.813325707,5339.94,Yes
CUST00316,2023-03-20,33,26,South,Premium,Monthly,1786.3,0.0,Yes,2,0,21.8,1.5,2025-12-10 18:37:57.181429255,59413.67,No
CUST00317,2025-05-26,7,41,East,Standard,Annual,1215.26,0.0,No,2,0,5.7,3.9,2025-12-11 09:25:52.932841156,8861.53,No
CUST00318,2024-03-03,21,20,South,Premium,Monthly,1861.7,0.05,Yes,1,1,16.6,3.4,2025-12-20 16:18:08.555887521,38707.78,No
CUST00319,2024-08-11,16,35,North,Standard,Monthly,1273.97,0.1,No,2,2,40.9,2.4,2025-12-18 17:06:56.997480989,20378.02,No
CUST00320,2024-02-05,22,29,North,Basic,Quarterly,694.5,0.05,No,2,1,28.1,4.4,2025-12-23 07:42:05.389986229,14923.7,No
CUST00321,2024-01-05,23,23,Central,Basic,Monthly,843.82,0.0,No,0,1,43.7,3.9,2025-12-13 03:28:19.527438801,20045.35,No
CUST00322,2024-09-26,15,28,West,Standard,Annual,1247.23,0.05,No,2,0,9.7,4.2,2025-12-05 14:05:14.105945496,18155.05,No
CUST00323,2024-02-15,22,27,South,Standard,Annual,1046.95,0.05,Yes,6,0,37.2,1.5,2025-12-21 16:32:26.086617788,22672.94,No
CUST00324,2024-01-16,23,52,Central,Basic,Monthly,565.48,0.0,Yes,3,0,7.6,3.5,2025-12-20 15:29:15.126951936,12822.25,No
CUST00325,2025-05-15,7,41,West,Standard,Annual,1145.85,0.0,No,0,1,34.0,3.5,2025-12-08 18:04:13.827937337,7023.12,Yes
CUST00326,2024-06-04,18,30,North,Basic,Annual,701.05,0.05,No,0,1,29.1,2.7,2025-12-16 04:03:32.218200430,12650.2,No
CUST00327,2024-11-23,13,50,Central,Premium,Annual,1787.11,0.05,Yes,0,0,22.9,3.9,2025-12-30 00:00:00.000000000,24725.57,No
CUST00328,2024-08-29,16,34,West,Standard,Monthly,1045.11,0.0,Yes,3,1,14.3,2.5,2025-12-23 09:28:16.519534845,16915.43,No
CUST00329,2025-05-15,7,32,West,Premium,Monthly,2028.78,0.0,No,3,2,24.5,4.0,2025-12-30 00:00:00.000000000,12178.9,No
CUST00330,2024-12-20,12,42,Central,Standard,Monthly,1003.36,0.0,Yes,0,2,35.3,5.0,2025-12-19 20:07:32.600828917,12790.87,No
CUST00331,2024-02-11,22,36,West,Basic,Monthly,642.46,0.1,Yes,2,4,21.6,4.2,2025-12-18 00:50:05.801999776,14334.44,No
CUST00332,2023-07-04,29,32,Central,Premium,Monthly,1705.51,0.1,No,0,1,41.6,3.9,2025-12-12 05:32:46.580087262,49255.13,No
CUST00333,2023-07-01,30,27,West,Standard,Quarterly,1367.01,0.1,No,4,0,24.6,2.2,2025-12-27 07:23:11.530144136,41741.44,No
CUST00334,2024-06-30,18,30,Central,Standard,Annual,1200.04,0.0,Yes,2,1,35.2,3.7,2025-12-20 03:31:30.247579252,21063.72,No
CUST00335,2025-02-19,10,28,South,Basic,Monthly,809.2,0.0,No,1,0,26.9,2.7,2025-12-11 22:48:04.867166068,8514.35,No
CUST00336,2023-09-18,27,23,West,Standard,Quarterly,1278.46,0.0,Yes,1,2,32.0,3.4,2025-12-12 20:58:57.075586338,34610.77,No
CUST00337,2023-02-14,34,28,South,Basic,Monthly,693.28,0.0,No,6,1,20.1,2.4,2025-12-09 21:05:39.868625933,22950.61,No
CUST00338,2023-11-08,25,27,North,Standard,Monthly,1225.21,0.1,No,2,0,18.8,3.4,2025-12-08 20:08:25.055688979,29968.58,No
CUST00339,2023-10-04,26,22,East,Premium,Monthly,1898.39,0.15,No,0,3,41.0,3.5,2025-12-20 12:46:52.508524343,49273.41,No
CUST00340,2025-03-22,9,25,West,Standard,Annual,1240.95,0.0,Yes,1,0,21.9,3.6,2025-12-19 14:20:08.072637948,12193.07,No
CUST00341,2024-03-09,21,41,North,Premium,Quarterly,1895.59,0.0,Yes,0,1,33.5,3.6,2025-12-17 17:59:06.784226431,40904.41,No
CUST00342,2023-10-02,26,43,West,Premium,Annual,2120.38,0.05,No,1,0,26.3,3.4,2025-12-20 14:37:50.992208055,54342.58,No
CUST00343,2023-07-04,29,35,South,Standard,Monthly,1202.65,0.05,Yes,6,0,24.1,4.1,2025-12-20 00:45:19.269715761,34622.19,No
CUST00344,2024-10-23,14,26,Central,Premium,Monthly,1807.64,0.0,Yes,2,0,16.0,3.2,2025-12-13 08:25:15.432968730,25618.17,No
CUST00345,2023-05-02,31,28,Central,Standard,Monthly,1186.0,0.0,No,5,0,18.1,2.5,2025-12-10 15:30:06.575591523,36544.71,No
CUST00346,2024-02-11,22,34,West,Premium,Monthly,1889.88,0.05,Yes,2,1,29.8,4.0,2025-11-29 07:46:41.681544840,42347.36,Yes
CUST00347,2023-01-19,35,42,West,Basic,Monthly,758.41,0.1,No,0,0,18.9,2.8,2025-12-04 02:51:16.536043331,26151.89,No
CUST00348,2025-05-21,7,27,West,Premium,Monthly,1977.45,0.0,Yes,6,0,13.4,2.0,2025-12-07 22:48:53.894199624,12241.57,No
CUST00349,2023-09-05,27,22,South,Basic,Monthly,792.15,0.1,Yes,4,1,2.7,4.8,2025-12-30 00:00:00.000000000,20612.72,No
CUST00350,2023-01-06,35,24,East,Standard,Quarterly,1503.06,0.0,Yes,0,0,17.0,3.2,2025-12-29 18:22:22.065090606,51663.73,No
CUST00351,2024-10-07,14,32,North,Standard,Monthly,950.27,0.15,No,2,2,44.0,3.9,2025-12-09 09:09:12.391466850,13426.98,Yes
CUST00352,2025-04-18,8,37,South,Basic,Monthly,570.32,0.0,No,2,0,26.1,3.6,2025-12-13 02:27:43.354651643,4796.97,No
CUST00353,2024-04-24,20,46,West,Standard,Monthly,876.25,0.0,Yes,1,2,13.5,1.9,2025-12-20 14:39:59.109448951,16813.92,No
CUST00354,2023-06-07,30,18,West,Basic,Monthly,529.88,0.15,No,2,0,11.0,3.6,2025-12-17 23:29:15.038154004,15523.78,No
CUST00355,2024-02-05,22,27,Central,Standard,Monthly,1229.64,0.05,Yes,1,1,20.4,4.1,2025-12-10 09:43:08.672672756,27059.73,Yes
CUST00356,2023-09-04,27,34,North,Basic,Monthly,631.2,0.0,No,2,1,4.1,4.5,2025-11-27 03:15:03.907167990,17622.69,Yes
CUST00357,2023-03-10,33,21,West,Standard,Monthly,1104.76,0.0,Yes,1,1,30.7,4.4,2025-12-10 18:13:04.897741518,36898.46,No
CUST00358,2023-08-27,28,28,North,Basic,Quarterly,807.25,0.05,Yes,3,2,11.9,3.3,2025-12-23 16:44:43.895571847,23140.54,No
CUST00359,2023-04-13,32,18,East,Standard,Monthly,1142.19,0.0,Yes,1,0,38.7,3.7,2025-12-11 19:10:14.227156552,36463.09,No
CUST00360,2024-12-18,12,30,South,Basic,Monthly,708.96,0.0,Yes,1,0,40.2,4.8,2025-11-22 00:48:01.716557216,9176.54,Yes
CUST00361,2024-03-26,21,42,Central,Premium,Monthly,2200.71,0.0,Yes,2,0,11.2,3.9,2025-12-25 11:39:48.359404455,47150.2,No
CUST00362,2025-06-27,6,49,West,Basic,Monthly,608.07,0.05,Yes,4,2,27.4,3.5,2025-12-24 14:26:45.771032346,4038.25,No
CUST00363,2025-04-02,8,27,North,Standard,Annual,1272.6,0.0,Yes,0,3,16.8,3.6,2025-12-15 09:28:53.697989825,11358.56,No
CUST00364,2023-03-30,33,32,South,Premium,Quarterly,1526.99,0.1,Yes,2,2,11.3,3.5,2025-12-27 14:06:20.735857717,51019.76,No
CUST00365,2023-04-02,32,45,East,Basic,Monthly,851.42,0.0,No,1,1,31.8,2.7,2025-11-29 07:06:43.499633115,27754.78,Yes
CUST00366,2024-03-15,21,41,Central,Basic,Monthly,711.22,0.0,No,1,0,35.9,5.0,2025-12-24 11:48:04.625137803,15370.88,No
CUST00367,2023-01-17,35,39,East,Basic,Quarterly,707.38,0.0,Yes,2,2,50.5,4.7,2025-12-18 00:23:04.629329944,24827.41,No
CUST00368,2024-05-09,19,39,North,Standard,Monthly,1167.43,0.1,Yes,2,0,39.0,4.5,2025-12-11 19:23:56.234298472,21621.61,No
CUST00369,2024-01-16,23,32,West,Basic,Annual,763.27,0.05,No,2,0,30.0,3.9,2025-12-05 13:26:59.290491783,16840.51,No
CUST00370,2024-10-07,14,24,East,Standard,Annual,1261.23,0.1,Yes,4,0,27.8,4.9,2025-12-19 12:38:28.310278224,16467.92,No
CUST00371,2023-04-15,32,30,North,Basic,Monthly,829.26,0.1,Yes,0,0,13.4,5.0,2025-12-26 23:42:21.158638293,26105.37,No
CUST00372,2024-08-28,16,41,Central,Standard,Quarterly,1361.23,0.0,No,5,0,41.8,3.5,2025-12-12 00:20:53.476524753,21201.3,No
CUST00373,2023-03-15,33,34,West,Basic,Quarterly,738.71,0.05,No,4,0,25.9,2.9,2025-12-17 09:20:56.321988502,24702.47,No
CUST00374,2024-03-04,21,41,North,Premium,Quarterly,2113.65,0.0,Yes,4,2,17.6,3.9,2025-12-21 13:50:59.303487659,43395.4,No
CUST00375,2024-11-26,13,40,South,Standard,Annual,1244.67,0.0,No,1,0,27.6,3.3,2025-12-27 20:09:19.382290725,15022.98,No
CUST00376,2023-10-23,26,36,West,Basic,Monthly,720.42,0.0,Yes,2,0,16.4,4.3,2025-12-22 04:21:55.608166432,18953.91,No
CUST00377,2023-07-26,29,39,North,Standard,Monthly,1218.26,0.0,Yes,2,1,27.4,4.2,2025-12-08 03:13:06.436276030,34150.23,No
CUST00378,2023-07-10,29,20,East,Premium,Monthly,1793.88,0.0,Yes,2,3,37.7,3.4,2025-11-17 04:29:05.737271692,51609.88,Yes
CUST00379,2024-01-22,23,28,South,Basic,Quarterly,827.36,0.1,No,2,2,27.8,3.0,2025-12-16 17:16:44.356520805,18595.37,No
CUST00380,2024-07-03,17,38,South,Basic,Monthly,780.13,0.1,Yes,2,1,22.5,2.9,2025-12-20 17:04:17.722029528,13369.95,No
CUST00381,2023-12-09,24,29,South,Standard,Monthly,960.41,0.0,Yes,1,2,5.6,2.7,2025-12-14 16:39:26.779934388,22196.31,No
CUST00382,2023-08-30,28,23,West,Standard,Annual,1089.0,0.1,No,5,2,26.1,5.0,2025-12-30 00:00:00.000000000,29418.04,No
CUST00383,2025-03-25,9,33,West,Basic,Annual,767.36,0.1,Yes,2,1,22.8,4.2,2025-12-30 00:00:00.000000000,7382.11,No
CUST00384,2023-09-23,27,23,East,Premium,Monthly,2021.09,0.0,Yes,1,2,36.1,2.5,2025-12-30 00:00:00.000000000,55796.73,No
CUST00385,2024-11-06,13,43,Central,Basic,Annual,765.33,0.1,Yes,1,2,13.2,2.5,2025-12-15 04:53:25.387215600,9973.19,No
CUST00386,2024-06-11,18,39,East,Standard,Annual,1247.77,0.0,No,3,0,28.3,3.6,2025-12-25 08:42:40.433762797,22307.0,No
CUST00387,2024-11-03,13,32,Central,Premium,Monthly,1733.73,0.15,Yes,6,1,20.9,1.1,2025-12-27 21:35:04.858958470,24140.95,No
CUST00388,2025-05-17,7,39,Central,Basic,Annual,491.96,0.0,No,3,3,18.5,2.9,2025-12-13 19:01:38.235001924,3863.9,No
CUST00389,2023-07-18,29,30,Central,Standard,Annual,1307.6,0.05,Yes,3,0,29.1,2.5,2025-12-07 15:12:08.818175520,37852.24,No
CUST00390,2024-04-13,20,46,Central,Standard,Quarterly,1189.78,0.1,Yes,6,0,17.3,3.9,2025-12-16 01:16:28.505871054,23750.31,Yes
CUST00391,2025-06-15,6,26,North,Standard,Monthly,1273.6,0.0,No,3,0,16.9,3.6,2025-12-30 00:00:00.000000000,7611.37,No
CUST00392,2023-08-01,29,46,South,Standard,Monthly,1281.25,0.0,No,3,0,19.9,2.0,2025-12-15 14:41:39.873860250,37177.21,No
CUST00393,2024-06-29,18,34,East,Basic,Monthly,622.57,0.05,No,0,1,19.1,3.5,2025-12-24 04:57:23.573275094,10999.94,No
CUST00394,2024-06-17,18,35,Central,Standard,Annual,1065.11,0.0,No,3,0,40.6,3.3,2025-12-19 06:05:32.507823725,19093.17,No
CUST00395,2025-04-14,8,27,North,Basic,Monthly,882.96,0.05,Yes,2,0,28.0,2.7,2025-12-30 00:00:00.000000000,7418.89,No
CUST00396,2023-09-25,27,31,Central,Premium,Monthly,1476.72,0.05,Yes,2,1,2.0,4.2,2025-12-16 20:10:14.218564213,38617.2,No
CUST00397,2023-10-31,26,39,North,Standard,Annual,1287.74,0.1,Yes,7,1,26.9,4.4,2025-12-07 01:56:44.110698254,34704.29,No
CUST00398,2023-05-20,31,33,North,Basic,Monthly,780.6,0.0,No,4,3,28.4,4.4,2025-12-01 09:19:57.739302849,23454.13,Yes
CUST00399,2023-02-06,34,31,East,Basic,Monthly,661.67,0.0,Yes,4,2,2.0,4.8,2025-11-24 09:37:40.899568003,23102.68,Yes
CUST00400,2024-04-01,20,52,South,Standard,Monthly,1288.3,0.1,No,2,0,20.7,3.2,2025-12-30 00:00:00.000000000,25892.98,No
CUST00401,2025-01-19,11,25,West,Standard,Annual,1248.94,0.0,Yes,2,2,40.9,3.7,2025-12-30 00:00:00.000000000,14332.73,No
CUST00402,2024-11-14,13,29,North,Standard,Monthly,1118.4,0.05,No,3,1,5.5,2.4,2025-12-17 19:09:34.269061292,15119.75,No
CUST00403,2025-02-04,10,22,Central,Standard,Monthly,1338.95,0.0,Yes,6,0,4.7,3.2,2025-12-21 08:57:12.926885017,13056.91,No
CUST00404,2024-12-12,12,18,South,Standard,Quarterly,1189.56,0.05,No,1,0,30.2,3.0,2025-12-10 18:40:27.782495789,14987.43,No
CUST00405,2025-04-01,9,36,North,Basic,Quarterly,787.63,0.1,Yes,0,1,33.3,5.0,2025-12-20 00:47:44.470091363,6924.08,No
CUST00406,2025-02-14,10,37,South,Standard,Monthly,1200.86,0.15,Yes,3,1,22.4,3.7,2025-12-21 13:08:30.806572923,12078.43,No
CUST00407,2024-02-10,22,26,Central,Standard,Monthly,1218.62,0.0,Yes,3,0,16.0,3.2,2025-12-16 15:35:31.662846600,25637.29,No
CUST00408,2023-05-07,31,22,South,Standard,Monthly,1434.36,0.0,Yes,1,2,24.8,3.5,2025-12-12 16:53:57.795758546,45787.17,No
CUST00409,2023-10-03,26,39,North,Standard,Monthly,1060.16,0.05,Yes,1,1,22.5,4.7,2025-11-27 20:36:26.765590413,27627.15,Yes
CUST00410,2025-05-04,7,26,Central,Basic,Monthly,563.49,0.05,Yes,2,0,40.8,3.0,2025-12-22 16:57:14.853763178,3930.72,No
CUST00411,2023-10-29,26,51,West,Basic,Monthly,692.49,0.1,Yes,3,2,28.8,4.0,2025-12-11 05:06:09.519965347,17486.65,Yes
CUST00412,2024-03-10,21,47,West,Standard,Annual,1328.81,0.0,Yes,3,2,24.6,3.1,2025-12-15 22:46:19.537827488,29212.34,No
CUST00413,2023-08-16,28,38,Central,Basic,Monthly,577.11,0.0,Yes,0,1,37.7,4.5,2025-12-30 00:00:00.000000000,16346.01,No
CUST00414,2025-06-13,6,32,West,Standard,Quarterly,1250.66,0.0,No,5,3,21.6,2.1,2025-12-15 19:58:47.959495421,7213.93,No
CUST00415,2025-04-29,8,39,West,Premium,Quarterly,1508.33,0.0,Yes,1,1,17.9,2.6,2025-12-08 03:00:45.997004140,10756.42,No
CUST00416,2024-06-29,18,18,West,Standard,Quarterly,1242.39,0.0,Yes,1,1,30.2,4.7,2025-12-15 23:09:36.834307586,22724.06,No
CUST00417,2025-02-15,10,41,West,Standard,Annual,1051.91,0.0,Yes,3,2,5.9,3.3,2025-12-30 00:00:00.000000000,10103.73,No
CUST00418,2025-06-03,6,49,West,Basic,Quarterly,800.0,0.0,Yes,1,1,14.3,2.3,2025-12-17 03:41:35.581849377,4577.27,No
CUST00419,2024-12-20,12,19,Central,Standard,Monthly,990.24,0.0,No,3,0,18.3,3.6,2025-12-18 09:35:53.557880301,11723.76,No
CUST00420,2025-02-25,10,30,South,Basic,Annual,795.01,0.0,Yes,2,2,33.0,3.4,2025-12-20 06:47:24.268741311,7581.65,No
CUST00421,2024-03-19,21,41,Central,Standard,Quarterly,972.25,0.0,Yes,4,0,33.9,3.4,2025-12-25 02:38:03.118144186,20342.41,No
CUST00422,2024-08-16,16,34,South,Premium,Monthly,1782.32,0.0,No,1,0,30.7,3.1,2025-12-24 23:39:43.360298260,28503.87,No
CUST00423,2023-04-14,32,30,West,Premium,Quarterly,1884.35,0.0,Yes,3,0,28.3,3.7,2025-12-18 23:30:58.140597670,58530.16,No
CUST00424,2025-06-15,6,47,East,Standard,Monthly,1233.11,0.1,Yes,4,0,25.7,3.2,2025-11-24 09:59:03.673806562,7013.81,Yes
CUST00425,2024-08-07,16,37,North,Standard,Annual,1205.1,0.0,No,1,0,36.6,5.0,2025-11-27 11:23:55.573697786,20273.68,Yes
CUST00426,2025-06-28,6,43,East,Premium,Monthly,1569.41,0.0,No,2,0,33.2,3.5,2025-12-29 11:46:15.771318773,9461.94,No
CUST00427,2023-06-02,30,30,Central,Standard,Annual,1349.52,0.05,Yes,4,1,33.8,4.0,2025-12-26 23:49:50.609869217,41331.88,No
CUST00428,2023-09-26,27,35,West,Premium,Monthly,1646.43,0.0,Yes,2,0,21.3,2.1,2025-12-28 00:11:42.556102896,44006.65,No
CUST00429,2024-11-20,13,22,East,Basic,Quarterly,805.55,0.15,Yes,3,0,25.9,3.0,2025-12-18 20:03:16.899482748,11180.14,No
CUST00430,2023-08-15,28,18,North,Basic,Quarterly,512.78,0.1,Yes,3,2,22.2,1.8,2025-12-19 16:50:52.232487018,14834.11,No
CUST00431,2023-07-15,29,25,North,Standard,Monthly,1154.82,0.1,No,3,0,32.5,4.3,2025-12-20 16:51:37.234653002,32449.23,No
CUST00432,2023-05-05,31,38,West,Standard,Monthly,1284.15,0.0,Yes,1,1,16.2,4.6,2025-12-24 06:21:21.633538378,39384.05,No
CUST00433,2024-08-31,15,44,West,Premium,Quarterly,2216.12,0.0,No,3,1,20.0,3.4,2025-12-09 06:46:45.952338525,32576.24,No
CUST00434,2024-12-31,11,22,South,Standard,Quarterly,1055.95,0.05,Yes,3,0,36.0,4.0,2025-12-14 01:20:30.697825811,11662.72,No
CUST00435,2023-12-04,24,45,South,Standard,Quarterly,1047.28,0.0,Yes,3,1,13.1,2.8,2025-12-30 00:00:00.000000000,24271.37,No
CUST00436,2024-12-16,12,27,East,Basic,Monthly,535.28,0.1,No,0,2,21.8,2.5,2025-12-23 09:16:21.555848727,6479.75,No
CUST00437,2023-05-10,31,21,West,Basic,Annual,670.22,0.0,No,0,0,36.7,4.4,2025-12-24 17:15:00.319369159,20124.25,No
CUST00438,2025-03-16,9,36,West,Basic,Quarterly,816.85,0.1,Yes,5,0,29.7,3.2,2025-12-24 04:52:20.093072114,7838.24,No
CUST00439,2025-03-16,9,37,East,Standard,Monthly,1302.95,0.1,Yes,4,1,28.8,3.0,2025-12-21 14:39:56.824211063,12160.01,No
CUST00440,2024-05-11,19,28,West,Basic,Monthly,591.29,0.0,Yes,4,1,25.1,2.3,2025-12-03 19:29:27.546328571,10853.36,No
CUST00441,2025-05-09,7,35,North,Standard,Annual,909.26,0.0,Yes,1,2,31.3,3.4,2025-12-28 13:30:53.463140666,6608.61,No
CUST00442,2024-12-24,12,38,East,Premium,Monthly,2037.81,0.0,Yes,3,0,17.0,2.9,2025-12-30 00:00:00.000000000,26087.51,No
CUST00443,2024-07-09,17,39,North,Standard,Quarterly,1153.69,0.05,Yes,1,4,36.8,2.8,2025-12-27 13:03:22.570311667,18992.14,No
CUST00444,2023-06-28,30,30,West,Standard,Monthly,1112.65,0.0,Yes,1,1,28.4,2.7,2025-12-30 00:00:00.000000000,34343.98,No
CUST00445,2025-05-02,7,27,North,Standard,Monthly,1327.83,0.05,Yes,5,1,20.2,2.4,2025-12-28 05:33:10.303936068,8821.22,No
CUST00446,2023-07-14,29,62,East,Standard,Monthly,1192.97,0.0,No,1,1,2.0,4.0,2025-12-22 19:31:33.079134237,35080.05,No
CUST00447,2023-04-22,32,39,South,Standard,Quarterly,1159.87,0.0,Yes,1,0,19.1,4.5,2025-12-23 07:13:46.943439586,37965.21,No
CUST00448,2023-05-17,31,25,North,Premium,Monthly,2092.29,0.1,Yes,1,0,44.3,5.0,2025-12-14 13:58:36.289098305,65916.0,No
CUST00449,2025-02-01,10,38,Central,Basic,Annual,652.47,0.0,Yes,1,1,27.9,4.0,2025-12-27 10:53:34.203329204,6258.77,No
CUST00450,2024-07-28,17,40,North,Premium,Annual,1667.18,0.05,No,3,0,18.8,3.7,2025-12-13 10:52:21.892895095,28665.71,No
CUST00451,2023-03-26,33,41,South,Standard,Monthly,1189.93,0.0,Yes,0,1,33.3,4.3,2025-12-08 04:19:04.566229424,39024.51,Yes
CUST00452,2023-11-10,25,19,North,Premium,Quarterly,1874.58,0.05,Yes,2,0,42.3,3.6,2025-12-30 00:00:00.000000000,46066.78,No
CUST00453,2024-01-19,23,31,Central,Standard,Monthly,1141.16,0.05,Yes,2,0,24.0,4.0,2025-12-19 14:01:21.069319806,26441.49,No
CUST00454,2024-04-03,20,39,Central,Standard,Annual,1137.98,0.0,Yes,2,0,31.5,2.8,2025-12-19 13:02:31.006042302,22560.33,No
CUST00455,2023-06-10,30,43,East,Standard,Monthly,1231.89,0.1,No,1,0,20.3,4.3,2025-12-13 20:56:02.071849215,38101.59,No
CUST00456,2023-09-12,27,46,Central,Standard,Annual,1032.79,0.0,No,2,2,24.7,3.8,2025-12-03 00:16:59.462896106,28709.94,Yes
CUST00457,2025-06-09,6,36,Central,Basic,Monthly,709.0,0.0,No,0,2,18.6,2.2,2025-12-19 15:30:55.468811135,4475.82,No
CUST00458,2025-01-19,11,26,West,Standard,Annual,1040.85,0.0,No,3,0,26.6,3.4,2025-12-09 09:18:57.270931779,12455.0,No
CUST00459,2025-04-14,8,54,South,Standard,Annual,1346.0,0.0,No,3,2,18.5,3.4,2025-12-16 15:52:47.887711807,9776.64,No
CUST00460,2025-06-11,6,24,East,Standard,Monthly,1093.38,0.05,No,2,1,30.3,3.0,2025-12-20 19:11:28.802457122,6739.61,No
CUST00461,2024-12-08,12,34,North,Premium,Annual,1954.66,0.0,Yes,3,0,20.5,2.9,2025-12-02 09:56:26.047796998,22333.36,Yes
CUST00462,2023-01-29,35,45,South,Premium,Monthly,1981.95,0.0,No,1,1,36.5,3.8,2025-12-25 22:56:04.153546706,71182.59,No
CUST00463,2024-11-24,13,33,West,Premium,Monthly,1681.01,0.0,Yes,5,0,23.9,3.3,2025-12-15 17:36:49.391535324,22350.73,No
CUST00464,2023-03-21,33,48,North,Standard,Monthly,1092.48,0.1,No,2,0,34.0,3.4,2025-12-21 06:13:27.483034080,35758.9,No
CUST00465,2024-03-05,21,40,East,Basic,Monthly,757.55,0.0,Yes,2,0,26.6,2.1,2025-12-24 00:01:19.679037684,15985.71,No
CUST00466,2024-09-06,15,42,South,Standard,Monthly,1067.66,0.0,Yes,0,0,54.1,5.0,2025-12-17 22:10:33.618633223,16374.55,No
CUST00467,2023-11-26,25,47,Central,Standard,Annual,1168.8,0.0,No,0,0,46.4,2.4,2025-12-08 22:57:37.548020267,28629.98,No
CUST00468,2025-05-23,7,37,North,Standard,Monthly,1329.11,0.1,Yes,1,0,36.9,4.2,2025-12-01 12:08:51.475028010,8955.19,Yes
CUST00469,2023-02-11,34,21,South,Standard,Monthly,1250.41,0.0,Yes,0,1,32.9,2.7,2025-12-07 22:30:12.022978151,42718.55,Yes
CUST00470,2023-10-20,26,44,Central,Standard,Quarterly,1104.39,0.05,No,1,0,16.6,4.2,2025-12-11 09:36:08.921234808,29340.76,No
CUST00471,2024-02-29,22,41,North,Standard,Annual,1499.97,0.0,Yes,2,0,25.9,2.9,2025-12-23 16:41:58.640753729,34096.73,No
CUST00472,2025-02-19,10,37,West,Basic,Annual,844.71,0.05,No,1,3,32.7,3.1,2025-12-24 01:45:10.611613884,7933.33,No
CUST00473,2023-12-21,24,37,East,Basic,Monthly,576.82,0.15,Yes,2,1,23.8,3.0,2025-12-19 23:10:13.256132650,13703.53,No
CUST00474,2024-11-07,13,29,Central,Basic,Monthly,781.36,0.1,No,1,0,29.4,3.5,2025-12-21 14:49:53.706960506,10424.99,No
CUST00475,2025-05-04,7,27,East,Premium,Monthly,2162.95,0.15,Yes,7,1,37.0,3.8,2025-12-17 11:35:47.658839756,15222.05,No
CUST00476,2024-12-10,12,41,South,Premium,Monthly,1976.88,0.05,Yes,2,1,36.2,2.1,2025-12-20 20:47:42.297593350,24464.14,No
CUST00477,2023-03-01,34,26,Central,Premium,Monthly,1863.39,0.0,No,0,1,23.8,3.2,2025-12-17 08:01:18.600701711,63380.07,No
CUST00478,2023-12-02,24,42,East,Standard,Quarterly,1147.8,0.1,No,0,3,35.8,3.1,2025-12-16 00:05:41.319318576,27077.32,No
CUST00479,2023-05-12,31,31,West,Basic,Annual,745.74,0.0,No,1,0,31.9,2.8,2025-12-18 20:57:02.651456829,23657.18,No
CUST00480,2023-06-15,30,30,West,Basic,Annual,625.47,0.0,Yes,1,0,34.3,3.7,2025-12-13 00:40:47.895953515,18905.33,No
CUST00481,2024-01-06,23,25,West,Standard,Monthly,1276.67,0.1,Yes,4,1,25.5,2.9,2025-12-15 20:29:24.950576308,28749.22,No
CUST00482,2023-03-28,33,30,North,Standard,Quarterly,1394.61,0.0,No,3,0,46.0,4.3,2025-12-16 11:59:03.217556326,46163.75,No
CUST00483,2024-11-17,13,36,Central,Basic,Monthly,594.75,0.0,Yes,0,0,18.9,2.6,2025-12-21 08:03:24.673049404,8113.42,No
CUST00484,2023-01-15,35,35,Central,Standard,Monthly,1357.7,0.0,No,0,1,36.7,3.5,2025-12-08 10:14:35.109911930,46560.62,No
CUST00485,2024-10-21,14,36,Central,Standard,Monthly,1185.99,0.0,Yes,3,0,14.1,4.6,2025-12-20 13:13:33.933417753,16515.56,No
CUST00486,2023-06-28,30,41,Central,Standard,Quarterly,1341.96,0.1,Yes,1,0,28.2,3.9,2025-12-17 03:15:58.949349967,40675.55,No
CUST00487,2023-12-31,24,31,Central,Premium,Monthly,1902.2,0.1,Yes,3,0,21.8,3.4,2025-12-30 00:00:00.000000000,44911.99,No
CUST00488,2023-10-21,26,35,West,Basic,Monthly,672.3,0.0,Yes,2,1,17.8,3.0,2025-12-05 23:07:02.565762425,17596.57,No
CUST00489,2023-11-10,25,29,East,Standard,Monthly,1023.31,0.0,Yes,2,0,35.9,3.3,2025-12-20 19:30:41.634778983,24768.86,No
CUST00490,2024-05-09,19,43,North,Standard,Monthly,1009.38,0.0,Yes,2,1,26.6,3.5,2025-12-03 19:37:25.546718796,18815.49,Yes
CUST00491,2023-12-10,24,45,East,Premium,Quarterly,2021.93,0.05,Yes,5,1,29.4,3.9,2025-12-30 00:00:00.000000000,47920.57,No
CUST00492,2024-08-04,16,40,West,Standard,Quarterly,980.29,0.1,No,2,1,19.7,3.9,2025-12-13 09:27:51.099878178,15863.88,No
CUST00493,2024-12-29,12,51,South,Standard,Monthly,1141.66,0.0,Yes,4,0,16.2,4.8,2025-12-29 10:05:11.361378619,12637.64,No
CUST00494,2023-09-25,27,29,West,Standard,Monthly,1255.05,0.0,No,3,1,21.2,3.2,2025-12-20 17:46:59.468692677,34401.24,No
CUST00495,2024-06-22,18,28,East,Premium,Monthly,1970.76,0.1,No,1,0,21.5,3.6,2025-12-28 02:53:20.321831000,34422.06,No
CUST00496,2024-05-16,19,34,South,Standard,Monthly,1349.08,0.1,Yes,1,0,25.8,3.4,2025-12-01 11:49:36.386855873,26640.84,No
CUST00497,2023-10-18,26,58,West,Standard,Annual,1331.38,0.05,Yes,1,0,22.7,2.1,2025-12-21 16:56:02.416798715,35530.53,No
CUST00498,2024-08-15,16,41,West,Basic,Monthly,743.06,0.0,No,3,0,26.4,2.7,2025-12-14 01:48:30.092227825,12297.57,No
CUST00499,2025-03-20,9,40,North,Standard,Quarterly,1233.02,0.0,No,2,0,30.7,3.2,2025-12-07 08:43:40.019940973,10442.49,No
CUST00500,2025-05-01,8,35,North,Standard,Quarterly,1386.8,0.0,Yes,3,0,22.8,2.7,2025-12-09 22:25:21.180981818,11803.44,No
CUST00501,2025-03-13,9,45,South,Premium,Monthly,1775.6,0.1,Yes,2,1,36.6,3.4,2025-12-12 05:19:18.657544072,15226.12,No
CUST00502,2025-04-22,8,40,West,Basic,Monthly,751.54,0.0,Yes,1,3,21.8,1.8,2025-12-07 09:34:29.679004929,6643.15,Yes
CUST00503,2025-04-16,8,47,East,Premium,Monthly,2100.19,0.0,Yes,1,1,27.4,3.0,2025-12-20 11:31:20.792513661,16681.35,No
CUST00504,2023-07-15,29,43,West,Premium,Annual,1660.59,0.0,No,1,0,22.4,2.5,2025-12-18 11:37:02.279643336,48318.5,No
CUST00505,2024-05-31,19,50,West,Basic,Quarterly,791.52,0.05,No,3,1,12.5,2.3,2025-12-16 09:29:15.922336762,15550.05,No
CUST00506,2024-09-08,15,18,West,Basic,Quarterly,769.65,0.0,No,2,1,31.5,3.6,2025-12-12 04:34:38.258458032,11822.08,No
CUST00507,2023-05-16,31,32,East,Standard,Monthly,1260.0,0.1,No,0,0,22.1,3.4,2025-12-10 13:29:41.318222675,38983.4,No
CUST00508,2023-08-23,28,36,West,Basic,Monthly,727.05,0.0,No,4,0,26.8,3.1,2025-12-17 19:26:02.558959127,20598.71,No
CUST00509,2025-04-06,8,22,East,Basic,Monthly,815.02,0.0,Yes,0,0,14.4,4.0,2025-12-23 03:51:25.871495795,5990.89,No
CUST00510,2024-09-16,15,30,East,Basic,Annual,621.32,0.0,Yes,4,3,14.9,2.9,2025-12-26 18:23:56.682291861,9284.07,No
CUST00511,2023-09-16,27,45,South,Standard,Monthly,1186.18,0.0,No,1,1,43.2,4.2,2025-12-16 06:18:03.260811143,31603.58,No
CUST00512,2025-03-18,9,41,Central,Standard,Monthly,1203.72,0.0,Yes,6,1,15.2,3.6,2025-11-25 06:00:39.190028334,11014.27,Yes
CUST00513,2025-04-22,8,47,North,Standard,Annual,1311.11,0.0,No,6,0,5.7,3.3,2025-12-08 20:49:34.045219546,11650.74,No
CUST00514,2023-03-14,33,26,West,Standard,Annual,1449.2,0.0,Yes,0,0,34.4,3.9,2025-12-21 19:57:41.908501285,47197.54,No
CUST00515,2025-05-11,7,48,South,Standard,Quarterly,1348.57,0.05,Yes,4,1,19.6,3.4,2025-12-25 20:16:38.069328047,10014.27,No
CUST00516,2024-05-31,19,30,East,Premium,Monthly,1847.48,0.0,No,3,1,31.5,3.2,2025-12-11 14:38:15.393271509,34756.62,No
CUST00517,2024-05-27,19,43,West,Standard,Monthly,1277.89,0.0,Yes,4,0,21.0,3.6,2025-12-15 22:07:18.697909832,24977.92,No
CUST00518,2024-11-23,13,31,South,Basic,Monthly,749.79,0.0,No,1,0,27.6,3.8,2025-11-24 17:00:21.691542076,9773.97,Yes
CUST00519,2024-09-17,15,46,North,Standard,Monthly,1189.4,0.0,No,2,0,23.6,3.6,2025-12-02 08:03:13.562488406,17388.0,Yes
CUST00520,2024-06-16,18,38,West,Basic,Monthly,887.82,0.0,No,0,0,44.7,4.2,2025-12-24 20:07:47.525814319,15364.22,No
CUST00521,2024-09-28,15,32,North,Basic,Quarterly,699.55,0.05,Yes,8,0,22.6,2.8,2025-12-14 17:52:25.400193966,10529.91,No
CUST00522,2024-04-22,20,33,Central,Standard,Annual,1578.42,0.05,Yes,2,1,34.9,3.9,2025-12-24 18:04:23.397767769,32722.51,No
CUST00523,2025-06-08,6,38,North,Basic,Quarterly,709.47,0.0,Yes,3,2,26.6,4.2,2025-12-09 16:53:35.653424787,4651.04,No
CUST00524,2024-06-27,18,53,West,Basic,Quarterly,704.3,0.0,No,3,1,20.0,3.5,2025-12-28 12:17:55.325246171,12376.58,No
CUST00525,2024-01-04,23,28,North,Basic,Quarterly,531.44,0.1,No,0,0,28.5,3.3,2025-12-14 08:31:20.110111151,11816.56,No
CUST00526,2024-07-15,17,46,Central,Standard,Annual,1152.72,0.0,Yes,3,1,15.0,3.0,2025-12-21 22:30:59.491066534,18543.51,No
CUST00527,2024-01-04,23,39,North,Basic,Monthly,846.63,0.0,Yes,3,0,14.4,3.8,2025-12-24 06:01:24.130839899,19790.64,No
CUST00528,2023-08-23,28,40,East,Standard,Annual,1285.96,0.0,Yes,3,1,12.1,3.8,2025-12-29 22:30:48.770237826,35797.17,No
CUST00529,2023-05-31,31,43,South,Basic,Annual,727.44,0.0,No,2,0,31.8,4.3,2025-12-14 23:58:52.951565496,22489.68,No
CUST00530,2024-11-01,13,45,South,Basic,Monthly,884.13,0.05,No,4,2,23.9,3.1,2025-12-28 06:40:21.595472141,10953.88,No
CUST00531,2023-04-25,32,34,South,Standard,Monthly,1290.71,0.05,Yes,1,1,16.9,4.1,2025-12-05 03:14:26.097437346,42146.78,No
CUST00532,2025-04-12,8,33,West,Basic,Quarterly,802.81,0.0,Yes,3,0,22.3,3.2,2025-12-19 16:48:04.322332006,6333.71,No
CUST00533,2023-06-12,30,30,North,Basic,Annual,610.45,0.0,Yes,3,1,30.3,1.5,2025-12-21 13:25:09.337937129,18519.79,No
CUST00534,2023-03-26,33,44,Central,Premium,Annual,1804.79,0.0,No,3,0,38.8,4.3,2025-12-29 06:29:41.464863595,61036.81,No
CUST00535,2023-03-21,33,48,Central,Standard,Quarterly,1196.77,0.0,Yes,5,1,32.6,2.6,2025-12-04 16:47:34.684775878,38739.78,No
CUST00536,2024-02-09,22,47,West,Premium,Monthly,2021.83,0.05,Yes,2,1,21.6,2.7,2025-12-22 21:21:33.608474232,42968.32,No
CUST00537,2024-02-06,22,40,South,Standard,Monthly,1244.99,0.05,No,1,2,27.3,1.4,2025-12-09 10:00:21.940014684,27466.47,Yes
CUST00538,2024-01-30,23,37,North,Basic,Monthly,618.56,0.0,Yes,2,0,10.4,3.2,2025-12-17 14:35:22.427608632,13843.92,No
CUST00539,2023-01-01,35,30,South,Premium,Monthly,2567.14,0.0,Yes,4,0,21.6,3.3,2025-12-23 22:22:55.170369282,88839.84,No
CUST00540,2025-06-15,6,40,West,Standard,Monthly,1241.4,0.15,No,2,1,38.9,3.0,2025-12-14 18:25:31.765641575,6446.16,No
CUST00541,2023-08-15,28,32,West,Standard,Monthly,1147.21,0.1,Yes,3,0,22.6,4.1,2025-12-30 00:00:00.000000000,31825.0,No
CUST00542,2024-11-06,13,29,Central,Basic,Quarterly,668.81,0.0,No,4,3,29.4,4.3,2025-12-30 00:00:00.000000000,9078.16,No
CUST00543,2023-04-30,32,29,South,Standard,Quarterly,1123.13,0.05,Yes,3,0,31.0,2.6,2025-12-20 19:21:24.480545812,35172.43,No
CUST00544,2023-04-29,32,24,West,Basic,Quarterly,703.39,0.0,Yes,0,1,33.3,3.0,2025-12-09 09:18:29.072353948,22688.3,No
CUST00545,2023-06-06,30,38,East,Premium,Monthly,1459.78,0.0,No,0,1,41.6,4.1,2025-12-13 04:28:09.695498670,42666.81,No
CUST00546,2024-03-01,22,35,Central,Standard,Monthly,1502.31,0.05,Yes,4,2,14.0,2.5,2025-12-18 15:14:37.922356508,33185.05,No
CUST00547,2025-03-14,9,49,North,Standard,Quarterly,1221.04,0.05,Yes,2,0,20.1,3.3,2025-12-22 00:16:58.018171536,10336.71,No
CUST00548,2025-05-03,7,33,South,Standard,Quarterly,1551.69,0.0,No,1,0,42.2,2.5,2025-12-04 10:20:43.483802439,11240.68,Yes
CUST00549,2023-06-23,30,61,Central,Basic,Monthly,835.39,0.05,Yes,1,0,30.8,3.5,2025-12-23 14:12:30.826946515,24246.41,No
CUST00550,2025-05-06,7,39,North,Standard,Monthly,1219.24,0.0,No,0,1,12.2,3.0,2025-12-30 00:00:00.000000000,9081.84,No
CUST00551,2024-03-20,21,32,West,Basic,Annual,720.56,0.0,Yes,3,0,27.9,4.3,2025-12-16 11:26:36.280339933,15805.07,No
CUST00552,2023-08-03,28,43,North,Premium,Monthly,1942.66,0.0,Yes,0,0,28.5,4.1,2025-12-30 00:00:00.000000000,52573.61,No
CUST00553,2023-03-29,33,32,Central,Basic,Quarterly,823.93,0.0,No,2,0,31.4,4.2,2025-11-25 06:34:09.879808515,27592.19,No
CUST00554,2024-04-21,20,47,South,Standard,Monthly,1423.38,0.1,Yes,3,1,21.0,4.5,2025-12-14 20:31:41.036712402,27144.36,No
CUST00555,2023-09-01,27,28,North,Basic,Monthly,709.15,0.0,Yes,3,1,19.1,3.5,2025-12-29 16:16:10.615592413,19790.74,No
CUST00556,2025-06-26,6,24,West,Basic,Monthly,625.86,0.05,Yes,3,1,22.2,2.5,2025-12-11 19:33:39.688457343,3223.29,No
CUST00557,2024-01-12,23,59,East,Basic,Quarterly,863.02,0.05,No,1,0,35.8,3.9,2025-12-15 17:15:43.978722760,19890.25,No
CUST00558,2023-01-12,35,42,North,Basic,Monthly,605.24,0.0,Yes,3,1,39.8,2.2,2025-12-15 12:13:56.596726359,20894.78,No
CUST00559,2025-06-04,6,40,North,Standard,Monthly,1225.73,0.0,Yes,0,1,20.6,3.0,2025-12-27 08:53:20.044059873,6885.27,No
CUST00560,2024-02-11,22,30,West,Basic,Quarterly,662.49,0.0,Yes,3,0,17.5,4.5,2025-12-29 07:44:58.976870566,14381.39,No
CUST00561,2025-04-14,8,30,South,Basic,Quarterly,833.16,0.0,No,2,1,16.0,2.0,2025-11-28 15:20:33.724977196,6830.79,No
CUST00562,2023-04-04,32,33,East,Basic,Monthly,670.96,0.1,No,2,0,29.9,3.8,2025-12-17 05:20:47.554124802,21341.66,No
CUST00563,2023-12-26,24,39,South,Premium,Annual,1753.92,0.0,Yes,4,0,26.1,2.6,2025-12-05 14:29:58.100483916,41771.2,No
CUST00564,2025-05-23,7,38,East,Basic,Quarterly,794.31,0.0,No,2,0,23.2,3.9,2025-12-21 04:57:30.935467098,5228.16,No
CUST00565,2023-11-07,25,19,West,Basic,Annual,636.42,0.0,No,3,0,22.6,3.5,2025-12-03 21:05:41.651968667,15388.91,No
CUST00566,2024-11-13,13,47,North,Basic,Quarterly,638.41,0.0,Yes,2,3,24.4,5.0,2025-12-28 23:44:52.743130622,8461.33,No
CUST00567,2025-02-01,10,42,East,Premium,Monthly,1848.44,0.0,Yes,1,0,29.4,4.0,2025-12-19 21:31:41.001508474,18434.14,No
CUST00568,2024-01-28,23,46,West,Basic,Annual,892.77,0.0,No,2,1,24.1,4.2,2025-12-08 22:05:49.354869933,19781.67,No
CUST00569,2024-11-09,13,23,West,Standard,Quarterly,1186.61,0.05,Yes,3,1,17.3,5.0,2025-12-15 22:17:16.429619317,15179.88,No
CUST00570,2023-04-01,33,33,East,Premium,Monthly,2235.74,0.05,No,0,0,36.2,3.3,2025-12-13 14:18:52.697520706,73811.01,No
CUST00571,2023-05-26,31,30,East,Standard,Monthly,1177.01,0.0,Yes,5,0,2.0,4.4,2025-12-21 09:47:57.610455035,37261.91,No
CUST00572,2023-05-25,31,35,West,Standard,Monthly,1344.2,0.0,No,1,0,35.8,3.9,2025-12-20 20:14:45.163615353,42427.31,No
CUST00573,2024-08-06,16,18,East,Standard,Monthly,1255.39,0.0,Yes,2,1,26.8,2.5,2025-12-12 04:23:48.702082370,21026.42,No
CUST00574,2024-09-22,15,44,East,Standard,Monthly,981.68,0.0,Yes,2,0,38.3,3.1,2025-12-21 20:25:09.762548264,15122.92,No
CUST00575,2023-02-26,34,30,North,Basic,Quarterly,707.21,0.1,Yes,1,0,27.4,4.2,2025-12-22 03:57:35.336319679,24152.52,No
CUST00576,2023-09-03,27,18,East,Basic,Monthly,695.07,0.0,No,0,0,33.9,3.7,2025-12-24 03:34:22.695457763,18573.24,No
CUST00577,2025-02-11,10,41,South,Standard,Annual,1263.73,0.0,Yes,1,2,36.4,2.9,2025-12-23 23:47:14.055463067,11701.5,No
CUST00578,2025-02-05,10,26,South,Basic,Annual,645.85,0.1,Yes,3,0,33.4,3.6,2025-12-22 15:34:56.835358620,6352.75,No
CUST00579,2023-06-24,30,45,North,Premium,Monthly,2053.62,0.0,No,1,2,34.8,3.4,2025-12-12 17:51:33.493724528,61804.16,No
CUST00580,2023-03-09,33,18,South,Basic,Monthly,699.75,0.0,Yes,0,2,25.1,3.7,2025-12-14 18:30:58.462975936,22709.16,No
CUST00581,2023-08-29,28,30,South,Premium,Monthly,2066.79,0.0,No,0,0,33.6,3.2,2025-12-11 02:12:54.147372648,56657.1,Yes
CUST00582,2024-12-28,12,21,West,Standard,Annual,1287.48,0.1,Yes,2,1,39.0,4.3,2025-12-14 14:17:40.002237592,14729.19,No
CUST00583,2025-03-07,9,40,West,Premium,Quarterly,1883.7,0.0,No,3,1,16.0,1.9,2025-12-23 04:43:12.262315579,18357.04,No
CUST00584,2024-11-15,13,23,South,Standard,Annual,1077.01,0.0,Yes,5,0,28.0,2.9,2025-12-17 15:26:51.448722467,14102.28,No
CUST00585,2023-10-20,26,23,South,Standard,Monthly,1474.4,0.0,Yes,1,2,24.6,3.5,2025-12-15 10:04:56.633308865,37738.95,No
CUST00586,2023-02-01,34,27,South,Standard,Monthly,1355.36,0.05,Yes,1,2,24.8,5.0,2025-12-07 08:35:22.209275694,46087.6,Yes
CUST00587,2023-11-01,25,27,East,Basic,Monthly,879.68,0.1,Yes,3,0,30.0,3.9,2025-12-21 18:45:21.774687512,21835.48,No
CUST00588,2024-07-06,17,45,North,Standard,Monthly,1099.47,0.1,No,4,1,24.4,2.7,2025-12-05 04:31:00.330728362,19443.26,No
CUST00589,2024-09-26,15,30,West,Premium,Annual,1796.1,0.0,Yes,4,1,19.7,3.4,2025-12-25 18:20:57.814968172,25801.92,No
CUST00590,2023-07-07,29,30,South,Premium,Monthly,1771.38,0.0,Yes,2,1,44.8,3.7,2025-12-23 10:13:31.640784733,51284.89,No
CUST00591,2023-09-13,27,35,North,Basic,Monthly,849.98,0.1,Yes,1,0,27.0,3.1,2025-12-15 17:17:57.649824059,23167.34,No
CUST00592,2023-11-17,25,36,East,Premium,Quarterly,1950.03,0.0,Yes,0,2,30.4,3.1,2025-12-25 16:41:17.503666118,48906.75,No
CUST00593,2023-01-29,35,36,North,Standard,Monthly,1346.29,0.1,No,3,1,36.7,4.4,2025-12-10 07:42:49.594975555,46203.1,No
CUST00594,2023-01-08,35,30,South,Basic,Monthly,689.74,0.1,No,3,1,22.1,3.7,2025-11-28 03:21:46.140559051,23687.68,No
CUST00595,2024-07-09,17,31,South,Basic,Monthly,673.06,0.0,Yes,2,3,36.0,4.0,2025-12-06 12:34:57.113871145,11983.95,No
CUST00596,2023-12-13,24,30,North,Standard,Annual,1112.84,0.0,Yes,2,0,34.2,3.6,2025-12-21 04:58:20.005316881,27451.58,No
CUST00597,2023-05-14,31,34,West,Basic,Annual,836.3,0.0,Yes,1,1,31.1,4.2,2025-12-02 20:13:57.447620565,25582.78,Yes
CUST00598,2023-11-29,25,34,North,Basic,Quarterly,627.9,0.0,Yes,1,0,11.2,4.6,2025-12-21 01:30:29.559704536,15252.62,No
CUST00599,2025-04-13,8,47,East,Basic,Annual,615.82,0.15,Yes,2,0,19.7,2.7,2025-12-08 17:34:27.466169685,4647.84,No
CUST00600,2023-08-02,28,23,Central,Basic,Monthly,889.93,0.0,No,1,0,29.4,4.8,2025-12-10 05:48:38.625631560,24681.7,No
CUST00601,2024-08-24,16,23,Central,Basic,Monthly,756.76,0.0,No,3,2,41.4,3.9,2025-12-17 09:06:50.422024916,11687.64,No
CUST00602,2024-11-23,13,34,Central,Standard,Monthly,1149.89,0.1,Yes,0,1,15.4,4.5,2025-12-11 10:01:16.446444223,14641.66,No
CUST00603,2023-03-31,33,36,Central,Premium,Annual,2126.81,0.0,No,2,0,14.6,4.6,2025-12-28 19:27:46.860844053,71962.97,No
CUST00604,2024-01-14,23,44,East,Standard,Monthly,1237.09,0.0,No,4,1,22.8,3.3,2025-12-18 10:17:54.712734888,29237.63,No
CUST00605,2023-01-22,35,40,Central,Basic,Annual,677.01,0.0,Yes,0,0,36.0,4.6,2025-12-30 00:00:00.000000000,24307.77,No
CUST00606,2024-09-06,15,38,Central,Standard,Monthly,1116.15,0.05,Yes,5,0,5.6,2.1,2025-12-30 00:00:00.000000000,17009.94,No
CUST00607,2023-04-18,32,53,East,Basic,Annual,698.71,0.0,No,5,2,7.2,2.2,2025-12-30 00:00:00.000000000,22375.99,No
CUST00608,2024-01-12,23,44,North,Standard,Annual,1337.26,0.0,No,2,1,29.3,4.5,2025-12-21 00:17:57.891363168,30780.85,No
CUST00609,2023-06-15,30,27,East,Premium,Annual,1749.54,0.0,Yes,1,1,28.2,3.2,2025-12-30 00:00:00.000000000,52200.01,No
CUST00610,2025-03-04,9,38,West,Premium,Quarterly,2098.68,0.05,Yes,3,1,23.8,3.6,2025-12-28 09:08:33.451458810,18723.28,No
CUST00611,2024-01-18,23,26,Central,Premium,Annual,1831.85,0.0,Yes,3,0,20.4,4.1,2025-12-21 09:06:55.504189798,42287.74,No
CUST00612,2024-08-03,16,36,West,Standard,Quarterly,1095.06,0.0,No,2,0,30.1,1.7,2025-12-15 09:56:38.829855912,17926.02,No
CUST00613,2024-02-18,22,30,East,Standard,Quarterly,1332.84,0.1,Yes,2,0,13.2,3.3,2025-12-20 19:04:32.941180938,29116.98,No
CUST00614,2023-05-31,31,30,West,Premium,Monthly,1727.51,0.1,Yes,6,0,11.6,3.2,2025-12-19 03:37:54.860806212,52798.03,No
CUST00615,2023-02-02,34,26,East,Standard,Monthly,1208.78,0.0,Yes,1,0,25.1,4.0,2025-12-12 23:49:12.380291389,41921.85,No
CUST00616,2025-04-11,8,35,Central,Basic,Monthly,752.1,0.0,Yes,4,0,30.9,3.9,2025-12-20 23:15:00.180503338,6744.73,No
CUST00617,2024-04-15,20,38,East,Basic,Annual,797.66,0.05,Yes,2,2,46.8,3.2,2025-12-05 20:11:07.101769702,15543.69,No
CUST00618,2025-01-08,11,39,Central,Standard,Annual,1279.48,0.1,Yes,0,1,35.0,4.4,2025-12-10 10:05:23.208412198,14977.64,No
CUST00619,2023-01-11,35,36,West,Basic,Monthly,486.86,0.15,Yes,2,1,4.7,3.5,2025-12-15 06:25:29.324681398,16821.84,No
CUST00620,2023-11-30,25,33,Central,Standard,Monthly,1200.84,0.0,No,2,1,36.0,3.8,2025-12-09 10:50:15.128891641,31038.83,No
CUST00621,2024-11-06,13,37,East,Premium,Monthly,2107.57,0.0,Yes,1,2,10.5,2.8,2025-12-20 16:49:04.418755948,28836.17,No
CUST00622,2024-07-04,17,46,West,Standard,Annual,1066.05,0.15,Yes,4,2,13.2,3.4,2025-12-30 00:00:00.000000000,19133.59,No
CUST00623,2023-12-26,24,26,Central,Standard,Monthly,1151.65,0.0,Yes,3,1,24.1,2.0,2025-12-17 01:59:52.892610104,28074.09,No
CUST00624,2024-09-16,15,20,West,Standard,Monthly,1203.49,0.05,Yes,1,0,24.0,2.7,2025-12-03 20:42:41.365997059,17775.77,No
CUST00625,2024-04-09,20,32,Central,Basic,Monthly,748.99,0.0,Yes,2,0,32.9,3.8,2025-12-30 00:00:00.000000000,14457.84,No
CUST00626,2024-05-27,19,31,West,Standard,Monthly,1142.42,0.0,No,2,1,30.4,3.9,2025-12-10 11:16:44.558079520,22254.05,No
CUST00627,2023-03-24,33,44,Central,Standard,Monthly,1076.68,0.0,Yes,2,0,21.0,4.9,2025-12-21 16:14:41.501230582,34591.69,No
CUST00628,2025-02-13,10,45,East,Standard,Annual,1101.75,0.05,Yes,4,0,22.1,2.5,2025-12-27 06:11:57.907354414,10212.17,No
CUST00629,2023-09-16,27,48,North,Basic,Monthly,629.33,0.1,Yes,5,1,17.8,3.3,2025-12-25 03:33:49.103877969,16965.53,No
CUST00630,2023-01-15,35,21,East,Basic,Monthly,912.52,0.0,Yes,1,1,18.3,3.6,2025-12-30 00:00:00.000000000,31244.5,No
CUST00631,2024-11-17,13,43,South,Standard,Monthly,1174.4,0.1,No,4,0,41.5,3.0,2025-12-06 17:57:24.632395500,15189.86,Yes
CUST00632,2023-11-19,25,49,South,Basic,Quarterly,584.46,0.05,Yes,0,1,19.7,3.2,2025-12-17 18:25:09.073381656,14998.3,No
CUST00633,2023-10-15,26,42,South,Basic,Annual,537.84,0.0,Yes,4,1,22.7,3.7,2025-12-11 03:32:34.567237493,14468.98,No
CUST00634,2025-06-23,6,50,North,Standard,Monthly,1232.54,0.05,Yes,5,1,20.3,3.4,2025-12-12 19:50:37.121767034,8058.7,No
CUST00635,2023-03-19,33,45,South,Basic,Monthly,669.58,0.05,Yes,2,1,31.0,3.0,2025-12-20 09:57:07.471465071,21892.34,No
CUST00636,2024-04-21,20,35,South,Basic,Quarterly,645.16,0.1,Yes,0,0,34.6,3.2,2025-12-24 22:14:59.120103754,13126.81,No
CUST00637,2023-06-19,30,48,North,Basic,Annual,603.01,0.0,No,6,2,18.4,2.7,2025-12-18 12:27:59.558275487,18414.46,No
CUST00638,2023-06-04,30,39,South,Standard,Annual,1138.13,0.1,Yes,2,1,37.1,3.9,2025-12-21 18:46:34.849547521,34852.4,No
CUST00639,2024-09-07,15,22,West,Standard,Monthly,1423.38,0.0,Yes,0,1,2.8,3.9,2025-12-26 01:37:15.643028698,21263.66,No
CUST00640,2025-02-25,10,42,Central,Standard,Monthly,977.43,0.05,Yes,1,0,27.9,4.1,2025-12-16 04:10:22.704892747,10459.45,No
CUST00641,2023-12-07,24,26,West,Standard,Quarterly,1246.49,0.15,Yes,1,0,28.9,3.2,2025-12-07 18:15:31.257854859,30483.89,No
CUST00642,2024-06-19,18,33,Central,Standard,Monthly,974.59,0.0,No,3,0,17.4,2.1,2025-12-19 15:18:04.802454386,17401.67,No
CUST00643,2024-11-26,13,18,South,Premium,Monthly,2127.52,0.05,Yes,2,0,22.3,3.5,2025-12-16 08:40:27.654400779,27330.19,No
CUST00644,2023-12-15,24,29,West,Standard,Annual,1129.27,0.0,Yes,0,0,31.3,2.6,2025-12-10 23:35:56.356883440,26184.57,No
CUST00645,2025-06-10,6,42,North,Basic,Annual,680.0,0.0,Yes,0,1,25.6,4.4,2025-12-12 00:06:03.367123347,4224.71,No
CUST00646,2024-05-20,19,32,East,Standard,Quarterly,1225.11,0.05,No,4,1,27.3,3.4,2025-12-16 15:34:31.541475496,23135.74,No
CUST00647,2024-12-20,12,18,West,Basic,Quarterly,676.92,0.0,Yes,2,0,35.1,4.4,2025-12-16 23:49:52.558178659,8281.64,No
CUST00648,2025-03-24,9,24,West,Basic,Annual,736.99,0.0,No,0,0,21.7,3.5,2025-12-02 03:01:47.509950277,6383.71,Yes
CUST00649,2025-05-15,7,47,North,Basic,Annual,612.96,0.0,Yes,0,0,33.9,2.9,2025-12-24 05:03:12.195047365,4783.46,No
CUST00650,2025-02-08,10,32,Central,Basic,Monthly,542.37,0.0,No,0,3,40.6,2.8,2025-12-27 06:52:12.918862523,5733.54,No
CUST00651,2025-03-03,9,41,East,Premium,Quarterly,1970.73,0.05,Yes,3,0,8.7,3.4,2025-12-30 00:00:00.000000000,17201.63,No
CUST00652,2024-09-07,15,53,South,Standard,Monthly,1209.73,0.05,No,3,2,24.3,2.2,2025-12-06 23:45:33.900288659,17033.01,No
CUST00653,2025-04-06,8,39,Central,Premium,Monthly,2081.24,0.0,No,1,1,14.4,3.3,2025-11-23 08:45:23.550338181,16421.85,Yes
CUST00654,2025-03-15,9,38,East,Standard,Annual,1341.37,0.05,Yes,3,0,27.5,2.7,2025-12-10 16:48:00.255094169,10863.03,No
CUST00655,2024-07-08,17,52,East,Standard,Monthly,1231.4,0.15,Yes,3,0,41.2,4.4,2025-12-21 04:54:52.634417400,20721.96,No
CUST00656,2023-02-17,34,18,North,Standard,Monthly,918.4,0.05,Yes,1,0,26.2,3.8,2025-12-18 13:39:32.551266468,31726.17,No
CUST00657,2025-05-04,7,39,West,Standard,Monthly,1037.39,0.15,No,1,1,39.4,4.6,2025-11-26 17:15:13.272093381,8182.16,Yes
CUST00658,2024-03-03,21,39,South,Basic,Quarterly,585.53,0.0,No,1,2,32.3,4.3,2025-12-03 02:41:13.057086146,11848.25,No
CUST00659,2025-06-16,6,42,South,Standard,Monthly,1073.52,0.0,No,2,0,23.8,3.7,2025-12-15 16:53:26.429428490,6502.87,No
CUST00660,2024-08-19,16,40,West,Standard,Annual,1201.67,0.05,No,2,1,30.7,3.5,2025-12-22 03:28:09.997696828,19132.19,No
CUST00661,2023-07-20,29,32,West,Basic,Monthly,788.06,0.05,No,5,0,14.5,3.6,2025-12-20 16:21:20.390196071,22625.07,No
CUST00662,2023-12-10,24,26,Central,Basic,Quarterly,614.45,0.05,Yes,1,1,38.7,3.1,2025-12-14 16:49:11.048680762,14987.57,No
CUST00663,2024-11-17,13,49,South,Basic,Monthly,742.18,0.05,Yes,2,1,39.7,3.8,2025-12-28 22:51:04.565473025,9915.36,No
CUST00664,2025-03-30,9,43,West,Premium,Annual,1977.08,0.0,Yes,3,2,14.2,2.7,2025-12-06 23:21:04.901697913,19576.85,No
CUST00665,2024-01-17,23,19,North,Basic,Monthly,743.21,0.05,Yes,6,1,21.2,2.4,2025-12-29 06:26:58.476563483,17396.13,No
CUST00666,2024-06-23,18,27,West,Basic,Monthly,790.35,0.0,Yes,6,1,22.2,3.8,2025-12-20 13:30:59.777505741,13930.59,No
CUST00667,2023-10-19,26,43,North,Standard,Quarterly,1226.95,0.0,Yes,2,0,14.0,3.7,2025-12-24 13:19:56.014455735,31670.25,No
CUST00668,2023-07-26,29,41,West,Standard,Annual,1174.85,0.1,No,0,0,29.3,3.3,2025-12-12 19:54:10.441403283,34769.66,No
CUST00669,2023-05-31,31,32,South,Basic,Quarterly,823.43,0.0,No,3,1,15.9,4.1,2025-12-15 00:30:30.800059296,26212.69,No
CUST00670,2024-09-20,15,33,South,Basic,Monthly,818.55,0.1,No,3,0,22.5,3.6,2025-12-15 16:02:36.771679231,12209.54,No
CUST00671,2024-08-24,16,33,North,Basic,Monthly,713.03,0.0,Yes,5,0,24.4,2.7,2025-12-10 20:03:08.097706291,11988.5,No
CUST00672,2023-04-28,32,39,North,Standard,Monthly,1179.13,0.0,No,0,1,38.3,1.8,2025-12-12 11:25:37.204301252,38102.6,No
CUST00673,2024-12-02,12,32,South,Premium,Monthly,1655.46,0.0,Yes,3,1,17.7,4.7,2025-12-16 21:48:34.749966287,19854.71,No
CUST00674,2025-03-04,9,33,South,Basic,Monthly,625.2,0.15,No,0,0,46.0,3.1,2025-12-21 00:55:06.676073962,5335.55,No
CUST00675,2024-06-26,18,24,North,Premium,Annual,2113.99,0.0,Yes,3,0,22.8,2.5,2025-12-21 11:10:53.475109816,36450.62,No
CUST00676,2023-04-17,32,46,West,Premium,Quarterly,1885.19,0.0,Yes,1,0,45.3,4.0,2025-12-22 06:13:37.086714555,58448.75,No
CUST00677,2024-08-11,16,26,East,Basic,Quarterly,779.42,0.0,Yes,0,1,29.1,2.5,2025-11-28 17:07:08.408900862,12770.65,Yes
CUST00678,2024-03-17,21,32,West,Standard,Monthly,1184.44,0.0,No,1,0,48.5,2.7,2025-12-24 21:42:23.547778958,24225.6,No
CUST00679,2025-05-05,7,35,West,Standard,Monthly,1247.59,0.0,No,4,1,20.7,2.7,2025-12-23 08:01:37.912779158,8774.39,No
CUST00680,2025-05-20,7,32,North,Standard,Annual,904.05,0.05,Yes,4,0,30.8,3.1,2025-12-12 05:53:26.250597151,6200.09,No
CUST00681,2025-01-31,10,23,North,Standard,Monthly,1012.31,0.1,Yes,1,0,55.8,2.9,2025-12-21 06:05:34.944604000,10747.72,No
CUST00682,2023-09-06,27,27,Central,Basic,Annual,690.04,0.05,Yes,1,1,13.5,4.8,2025-12-30 00:00:00.000000000,19307.9,No
CUST00683,2024-03-19,21,31,South,Standard,Monthly,1268.31,0.1,No,0,3,47.5,3.9,2025-12-30 00:00:00.000000000,27301.18,No
CUST00684,2024-08-23,16,18,East,Standard,Monthly,1128.78,0.0,No,3,1,30.1,4.0,2025-12-26 09:57:24.744934138,17412.23,No
CUST00685,2023-12-09,24,37,South,Basic,Quarterly,689.09,0.0,Yes,0,2,22.0,3.0,2025-12-08 12:46:25.060991834,16919.16,No
CUST00686,2023-06-05,30,58,West,Standard,Monthly,1324.45,0.05,No,5,1,20.2,3.8,2025-12-22 20:49:41.953911206,39603.25,No
CUST00687,2024-01-22,23,27,East,Premium,Quarterly,1914.42,0.0,Yes,2,2,41.0,2.6,2025-12-16 05:06:39.810208476,45859.35,No
CUST00688,2025-03-29,9,27,West,Basic,Quarterly,648.68,0.15,Yes,1,0,39.2,3.9,2025-12-25 07:05:45.847932104,5502.31,No
CUST00689,2024-02-07,22,36,West,Standard,Monthly,960.87,0.1,No,3,0,35.9,5.0,2025-12-21 23:20:06.901894888,21756.94,No
CUST00690,2025-05-25,7,28,South,Standard,Annual,1094.45,0.0,Yes,4,1,29.6,2.4,2025-12-18 17:16:48.580953791,7746.1,No
CUST00691,2024-04-30,20,23,East,Standard,Monthly,1176.44,0.05,Yes,2,2,32.3,2.2,2025-12-15 11:44:42.204373731,22566.43,No
CUST00692,2024-06-13,18,33,North,Standard,Annual,1308.19,0.0,Yes,3,2,40.3,3.4,2025-12-21 22:41:22.293928202,24551.99,No
CUST00693,2023-02-22,34,29,South,Basic,Annual,716.26,0.05,Yes,4,0,5.0,4.2,2025-12-16 11:43:49.474665308,24497.23,No
CUST00694,2024-04-10,20,29,West,Basic,Monthly,782.39,0.0,Yes,3,0,22.3,2.1,2025-12-19 05:33:23.093515610,15091.04,No
CUST00695,2024-05-31,19,41,Central,Standard,Annual,1344.69,0.0,Yes,2,0,34.3,3.1,2025-12-17 14:13:55.916690523,26803.62,No
CUST00696,2024-08-24,16,36,North,Standard,Monthly,1259.6,0.0,Yes,2,1,22.8,2.3,2025-12-18 16:48:09.316909942,19867.09,No
CUST00697,2023-08-10,28,39,East,Standard,Annual,1206.18,0.05,Yes,3,0,40.7,2.1,2025-12-12 14:49:29.168790672,32727.73,No
CUST00698,2025-04-23,8,46,North,Basic,Quarterly,682.35,0.0,No,2,0,33.5,3.7,2025-12-13 17:05:02.788940700,4866.0,No
CUST00699,2024-09-05,15,39,East,Standard,Monthly,1445.17,0.0,Yes,2,2,32.8,3.2,2025-12-15 02:17:13.418761442,21946.85,No
CUST00700,2025-02-05,10,42,South,Basic,Quarterly,774.0,0.1,Yes,2,0,34.0,2.8,2025-12-13 15:44:58.712934789,7540.68,No
CUST00701,2023-08-12,28,34,South,Basic,Monthly,753.18,0.15,Yes,3,1,15.7,2.9,2025-12-11 22:04:23.947104104,21206.02,Yes
CUST00702,2024-07-24,17,42,Central,Basic,Quarterly,689.2,0.0,Yes,1,2,22.2,2.8,2025-12-30 00:00:00.000000000,11704.45,No
CUST00703,2024-05-30,19,49,West,Standard,Annual,1093.77,0.0,Yes,1,1,26.0,4.0,2025-12-16 19:01:24.985177159,20640.78,No
CUST00704,2024-03-29,21,30,East,Basic,Annual,815.36,0.0,Yes,3,0,15.5,3.3,2025-12-13 23:21:15.710482236,17790.29,No
CUST00705,2023-09-06,27,37,West,Standard,Quarterly,1469.38,0.05,Yes,1,0,39.6,3.9,2025-12-22 07:29:18.805788684,40259.37,No
CUST00706,2025-01-13,11,24,Central,Premium,Monthly,2076.82,0.0,No,3,2,33.3,2.1,2025-12-30 00:00:00.000000000,24680.84,No
CUST00707,2023-03-04,33,32,East,Basic,Monthly,736.0,0.05,No,3,1,36.4,2.6,2025-12-13 08:15:10.126205453,24452.74,No
CUST00708,2023-01-01,35,34,Central,Basic,Annual,708.34,0.0,Yes,3,0,23.9,4.5,2025-12-19 21:18:31.687343787,25102.78,No
CUST00709,2024-05-05,19,40,West,Standard,Monthly,1061.84,0.05,No,2,1,28.9,3.3,2025-12-28 07:00:49.864445712,19649.17,No
CUST00710,2023-12-31,24,31,East,Standard,Monthly,1294.32,0.0,Yes,0,0,28.5,4.3,2025-12-16 22:00:08.056678922,31089.71,No
CUST00711,2023-05-01,32,48,North,Premium,Monthly,1919.76,0.05,No,3,1,22.8,4.4,2025-12-18 05:02:24.952050923,59651.01,No
CUST00712,2023-03-21,33,49,North,Standard,Monthly,1228.84,0.05,No,4,1,18.7,3.4,2025-12-20 13:36:18.416327205,40740.5,No
CUST00713,2024-03-20,21,42,East,Standard,Quarterly,1218.04,0.05,Yes,1,0,24.4,2.7,2025-12-22 21:23:55.782191928,26063.9,No
CUST00714,2025-01-27,11,56,East,Basic,Annual,626.1,0.0,No,1,0,31.7,3.8,2025-12-29 17:47:21.387607121,6822.37,No
CUST00715,2023-04-11,32,26,West,Basic,Monthly,620.4,0.05,No,3,1,30.3,4.1,2025-12-30 00:00:00.000000000,19488.78,No
CUST00716,2023-02-14,34,18,West,Premium,Monthly,1830.01,0.0,Yes,5,0,6.5,3.0,2025-12-20 02:19:12.379012914,63067.52,No
CUST00717,2024-10-15,14,30,Central,Standard,Annual,1131.08,0.0,Yes,1,0,34.3,3.2,2025-11-27 08:11:41.568803345,15187.0,No
CUST00718,2024-08-31,15,26,North,Basic,Monthly,617.38,0.0,Yes,3,0,21.3,3.0,2025-12-15 04:52:13.219176769,9718.44,No
CUST00719,2023-04-27,32,26,North,Standard,Monthly,1174.66,0.05,No,3,0,18.5,5.0,2025-12-17 01:16:13.057726438,36807.03,Yes
CUST00720,2024-07-21,17,30,East,Standard,Annual,1188.73,0.0,Yes,3,1,38.7,3.1,2025-12-08 19:33:51.888228806,20306.75,No
CUST00721,2024-04-25,20,40,Central,Standard,Annual,1177.5,0.05,No,0,1,22.8,4.6,2025-12-05 13:49:24.021278098,23841.91,No
CUST00722,2024-11-25,13,46,West,Standard,Annual,1416.61,0.0,No,4,0,18.4,2.5,2025-12-17 23:31:09.387363438,18017.13,No
CUST00723,2023-11-28,25,32,West,Standard,Monthly,1283.42,0.05,Yes,4,1,15.5,3.3,2025-12-09 08:16:26.684093257,33048.31,Yes
CUST00724,2023-08-24,28,43,Central,Premium,Monthly,1586.92,0.0,Yes,5,0,7.9,4.0,2025-12-20 04:12:51.445882072,45119.59,No
CUST00725,2023-07-13,29,34,North,Standard,Monthly,1530.51,0.05,Yes,3,0,15.1,3.1,2025-12-21 21:24:03.477142291,45904.04,No
CUST00726,2023-12-19,24,36,Central,Premium,Monthly,1844.29,0.15,Yes,2,0,6.8,2.8,2025-12-28 03:18:03.087604665,43075.9,No
CUST00727,2025-01-13,11,48,Central,Standard,Monthly,1127.7,0.0,Yes,4,0,37.5,4.3,2025-12-15 11:24:21.859719403,13398.72,No
CUST00728,2024-01-26,23,35,East,Standard,Quarterly,1219.6,0.0,No,0,1,22.8,3.5,2025-12-21 01:30:42.978218112,26919.07,No
CUST00729,2023-11-01,25,38,East,Basic,Monthly,599.27,0.05,Yes,2,0,20.8,3.9,2025-12-11 11:14:00.142153881,14841.88,No
CUST00730,2024-01-23,23,37,North,Basic,Monthly,631.14,0.0,No,4,1,15.5,3.1,2025-12-14 15:30:53.575090638,14250.53,No
CUST00731,2024-07-21,17,26,West,Basic,Quarterly,799.36,0.1,Yes,3,0,27.9,2.4,2025-12-24 08:07:51.249346770,13699.4,No
CUST00732,2025-06-19,6,43,North,Standard,Quarterly,1187.2,0.05,No,3,3,17.8,4.0,2025-12-23 06:28:39.020433468,6175.08,No
CUST00733,2023-08-08,28,58,Central,Basic,Annual,681.65,0.05,No,2,0,48.0,4.2,2025-11-26 04:19:10.906849419,18436.14,No
CUST00734,2024-09-08,15,35,North,Basic,Annual,638.56,0.0,No,3,1,26.6,3.8,2025-12-03 06:03:01.660913966,9839.59,No
CUST00735,2023-10-14,26,44,Central,Premium,Quarterly,1473.82,0.15,Yes,2,0,18.8,3.3,2025-12-21 21:22:21.539495880,37237.24,No
CUST00736,2025-03-05,9,48,North,Standard,Quarterly,1081.26,0.05,No,4,0,50.7,3.6,2025-12-23 14:50:09.060797121,9061.77,No
CUST00737,2023-10-30,26,38,North,Standard,Monthly,1303.4,0.0,No,3,1,16.8,4.0,2025-12-20 05:21:19.694075533,35047.01,No
CUST00738,2023-02-25,34,37,Central,Standard,Monthly,1337.5,0.0,Yes,1,1,46.6,2.4,2025-12-02 04:18:16.313803284,44852.27,No
CUST00739,2024-07-07,17,32,East,Standard,Quarterly,1089.74,0.15,Yes,3,2,29.4,4.7,2025-12-20 08:32:36.018856963,17804.12,No
CUST00740,2025-04-02,8,23,South,Basic,Monthly,615.87,0.15,Yes,2,2,18.9,3.4,2025-11-29 09:21:00.901698141,4856.75,Yes
CUST00741,2024-05-14,19,31,North,Basic,Quarterly,521.04,0.0,No,1,4,39.3,3.6,2025-12-30 00:00:00.000000000,10409.64,No
CUST00742,2025-03-05,9,41,East,Premium,Monthly,1687.43,0.0,No,1,3,49.1,2.6,2025-12-22 11:07:10.846520124,14774.94,No
CUST00743,2023-04-02,32,43,Central,Premium,Monthly,1806.11,0.1,Yes,1,0,15.1,3.3,2025-12-10 12:03:04.187338336,56271.51,No
CUST00744,2024-12-30,12,26,East,Basic,Quarterly,675.97,0.0,Yes,3,0,26.8,3.5,2025-12-27 17:46:41.830941044,8144.23,No
CUST00745,2024-10-23,14,51,South,Standard,Quarterly,1157.35,0.15,No,3,0,29.8,4.2,2025-12-07 02:19:38.240300545,16160.44,No
CUST00746,2023-08-25,28,19,South,Basic,Quarterly,695.44,0.0,No,3,0,29.8,3.7,2025-12-30 00:00:00.000000000,18866.47,No
CUST00747,2024-12-15,12,25,Central,Standard,Quarterly,1164.57,0.0,Yes,0,0,16.9,3.4,2025-12-09 17:41:14.886856698,13062.77,Yes
CUST00748,2024-05-12,19,37,West,Standard,Annual,1070.09,0.1,Yes,3,3,15.0,1.8,2025-12-25 18:51:10.258245703,20540.66,No
CUST00749,2023-12-20,24,24,East,Standard,Monthly,1130.42,0.1,No,0,0,20.9,3.6,2025-12-21 06:26:31.400018716,27840.25,No
CUST00750,2023-02-07,34,32,South,Premium,Monthly,1849.69,0.0,Yes,4,1,19.1,3.6,2025-12-17 17:00:14.729702159,64431.52,No
CUST00751,2025-03-23,9,40,North,Standard,Monthly,880.12,0.0,Yes,4,0,35.0,1.7,2025-12-17 17:05:30.085965048,7938.98,No
CUST00752,2024-11-20,13,25,North,Standard,Monthly,1382.96,0.0,Yes,3,0,23.9,5.0,2025-12-14 08:19:50.152274386,16774.94,No
CUST00753,2024-12-23,12,23,South,Basic,Annual,575.52,0.1,Yes,2,0,15.5,3.1,2025-12-27 07:38:06.821517509,7223.35,No
CUST00754,2023-10-29,26,41,Central,Basic,Monthly,720.15,0.0,No,1,1,21.6,5.0,2025-12-29 01:54:40.809124688,18354.54,No
CUST00755,2025-04-29,8,50,Central,Premium,Monthly,1953.16,0.05,No,1,0,33.4,3.5,2025-12-15 14:52:12.426825553,15544.76,No
CUST00756,2023-11-08,25,34,West,Basic,Monthly,634.8,0.0,No,2,0,21.5,3.3,2025-12-10 03:58:10.672694605,15994.47,Yes
CUST00757,2024-05-09,19,46,North,Premium,Monthly,2193.32,0.0,No,1,0,21.8,4.3,2025-11-27 23:26:51.358290936,43515.85,Yes
CUST00758,2025-02-24,10,19,North,Standard,Quarterly,1213.16,0.0,No,0,1,41.9,3.4,2025-12-17 17:00:40.192610449,12084.9,No
CUST00759,2023-08-15,28,27,South,Standard,Quarterly,1264.15,0.0,Yes,3,1,33.3,3.4,2025-12-23 23:52:34.218934873,34750.64,No
CUST00760,2025-06-05,6,46,South,Premium,Annual,1997.72,0.05,Yes,2,0,34.7,3.0,2025-12-13 22:25:28.555762492,10763.21,No
CUST00761,2024-08-12,16,41,North,Basic,Monthly,668.74,0.0,Yes,0,1,19.9,3.8,2025-11-27 11:04:59.472212480,10193.36,Yes
CUST00762,2023-03-04,33,34,Central,Premium,Monthly,1993.12,0.0,No,1,1,30.5,3.9,2025-12-23 18:50:33.337767524,67508.3,No
CUST00763,2024-07-13,17,24,Central,Standard,Annual,1168.9,0.05,No,4,0,20.8,3.5,2025-12-14 14:52:29.188704142,20302.37,No
CUST00764,2023-03-11,33,18,Central,Basic,Annual,724.31,0.15,Yes,2,2,22.5,4.3,2025-12-26 00:15:57.111131734,23299.63,No
CUST00765,2024-02-11,22,43,North,Standard,Annual,1314.15,0.05,No,1,0,27.3,3.4,2025-12-22 08:39:25.357574244,28495.57,No
CUST00766,2024-07-06,17,44,East,Basic,Quarterly,539.32,0.0,No,4,0,19.0,3.0,2025-12-17 08:45:06.381609207,8843.2,No
CUST00767,2025-03-30,9,36,South,Standard,Monthly,1372.93,0.0,Yes,3,0,32.0,2.7,2025-12-15 04:12:33.086886195,12615.92,No
CUST00768,2024-07-31,17,40,East,Standard,Monthly,1188.22,0.0,No,1,1,31.3,2.5,2025-12-19 21:35:56.181465609,20621.14,No
CUST00769,2023-02-02,34,34,South,Premium,Monthly,1986.94,0.0,No,2,0,35.0,4.7,2025-12-21 15:58:46.875838089,67656.25,No
CUST00770,2023-06-30,30,30,East,Basic,Annual,667.84,0.1,Yes,2,1,20.0,4.5,2025-12-16 19:57:38.108321494,19479.13,No
CUST00771,2024-01-07,23,28,West,Standard,Quarterly,1051.09,0.0,Yes,1,1,44.2,2.8,2025-12-21 17:11:03.814238461,25135.32,No
CUST00772,2024-12-12,12,29,North,Standard,Monthly,1090.67,0.0,No,1,3,32.1,4.6,2025-12-16 10:26:04.448841467,13573.98,No
CUST00773,2025-06-19,6,27,West,Premium,Monthly,1494.92,0.0,Yes,4,1,36.4,5.0,2025-12-20 02:21:17.946585412,8566.97,No
CUST00774,2023-01-30,35,47,South,Standard,Monthly,1334.93,0.05,No,4,0,22.7,2.2,2025-12-25 09:01:43.116461219,45414.78,No
CUST00775,2023-03-18,33,38,North,Basic,Annual,793.96,0.0,No,1,0,26.0,4.1,2025-12-08 19:37:01.191129503,26766.73,No
CUST00776,2023-12-23,24,35,North,Basic,Quarterly,720.13,0.05,Yes,3,1,4.8,4.2,2025-12-26 02:53:33.541919019,17342.47,No
CUST00777,2023-01-01,35,48,South,Basic,Monthly,716.39,0.05,Yes,1,0,5.7,3.2,2025-11-30 05:48:39.019049727,25331.92,Yes
CUST00778,2023-08-18,28,41,South,Basic,Annual,742.64,0.0,Yes,2,0,28.0,3.9,2025-12-28 05:11:17.852589508,21102.02,No
CUST00779,2023-01-03,35,36,North,Standard,Monthly,1239.64,0.1,No,2,0,28.6,2.5,2025-12-09 10:19:06.799442667,44281.91,No
CUST00780,2025-03-26,9,37,West,Basic,Quarterly,687.12,0.0,Yes,2,1,30.0,2.3,2025-12-19 02:08:37.158119947,5999.51,No
CUST00781,2023-12-08,24,40,North,Standard,Annual,1600.26,0.1,No,0,0,30.3,4.0,2025-12-13 08:15:11.107456077,39949.62,No
CUST00782,2025-03-01,10,28,South,Standard,Monthly,1477.06,0.0,Yes,0,1,34.7,3.6,2025-12-04 06:56:16.318206917,13835.85,Yes
CUST00783,2023-11-26,25,36,North,Premium,Annual,2138.98,0.0,Yes,2,2,23.8,4.0,2025-12-05 15:47:43.739861217,54299.52,No
CUST00784,2025-05-04,7,25,West,Premium,Monthly,1987.46,0.0,Yes,1,1,18.7,2.9,2025-12-12 17:12:50.124460966,15734.06,No
CUST00785,2023-04-30,32,29,Central,Premium,Quarterly,1726.49,0.15,Yes,2,0,12.5,3.0,2025-12-04 23:56:13.528553185,53888.07,No
CUST00786,2024-03-13,21,34,South,Standard,Monthly,1118.93,0.05,No,1,1,17.6,3.5,2025-12-27 02:32:27.398592649,24262.72,No
CUST00787,2025-05-05,7,29,East,Standard,Monthly,1048.07,0.0,Yes,2,1,39.3,4.3,2025-12-30 00:00:00.000000000,7286.43,No
CUST00788,2023-02-22,34,39,East,Basic,Monthly,816.61,0.1,No,1,0,32.2,4.0,2025-12-28 03:19:19.331748737,28289.8,No
CUST00789,2025-02-17,10,38,South,Basic,Monthly,592.47,0.0,Yes,1,0,45.3,3.7,2025-12-18 11:45:41.838455610,5842.54,No
CUST00790,2023-05-17,31,54,West,Standard,Annual,1398.65,0.15,Yes,2,1,34.9,4.4,2025-12-23 10:45:03.579108123,43077.08,No
CUST00791,2025-04-23,8,36,North,Basic,Monthly,764.16,0.0,No,1,0,23.7,3.8,2025-12-01 13:02:24.956940478,5767.5,Yes
CUST00792,2024-09-23,15,40,Central,Premium,Monthly,1876.2,0.0,No,2,0,11.8,4.1,2025-12-17 06:08:40.893644288,28862.31,No
CUST00793,2023-10-23,26,30,South,Premium,Quarterly,1809.57,0.0,No,1,0,30.1,3.6,2025-12-23 11:56:17.202734241,46888.67,No
CUST00794,2025-04-04,8,35,Central,Standard,Annual,1259.05,0.0,Yes,0,1,20.4,3.7,2025-12-22 21:58:41.895730226,10866.23,No
CUST00795,2023-11-20,25,36,North,Premium,Monthly,1964.2,0.0,Yes,3,2,24.4,2.9,2025-12-14 15:53:39.440747349,49172.68,No
CUST00796,2024-05-10,19,45,East,Basic,Monthly,518.23,0.1,Yes,3,0,24.9,2.6,2025-12-19 10:43:36.347605496,9526.42,No
CUST00797,2024-09-19,15,37,Central,Basic,Monthly,910.49,0.0,Yes,2,0,24.1,2.7,2025-12-25 14:27:28.718789663,13256.67,No
CUST00798,2025-04-19,8,33,West,Premium,Annual,2069.48,0.0,No,2,1,30.4,2.4,2025-12-30 00:00:00.000000000,14625.23,No
CUST00799,2024-09-16,15,28,North,Basic,Quarterly,787.2,0.0,No,2,1,17.8,3.4,2025-12-24 00:25:08.666227670,11281.45,No
CUST00800,2025-02-23,10,36,East,Basic,Monthly,856.02,0.0,Yes,0,0,22.8,4.0,2025-11-28 22:29:00.835697688,8843.57,Yes
CUST00801,2024-08-05,16,44,North,Basic,Monthly,772.3,0.0,No,2,1,39.6,4.9,2025-11-25 16:25:43.285996048,11842.76,Yes
CUST00802,2025-02-14,10,22,Central,Premium,Monthly,1839.4,0.0,No,0,3,32.5,3.8,2025-11-28 18:56:38.376135212,18972.53,Yes
CUST00803,2023-11-30,25,47,Central,Standard,Quarterly,1263.38,0.05,Yes,0,0,28.2,4.7,2025-12-28 00:49:01.211118517,32384.97,No
CUST00804,2023-01-17,35,36,East,Premium,Annual,1772.06,0.15,Yes,2,0,17.6,3.6,2025-12-21 21:19:26.811099979,62526.19,No
CUST00805,2025-02-03,10,24,South,Basic,Monthly,694.34,0.15,No,2,2,7.6,3.4,2025-12-17 02:10:56.126492907,7362.37,No
CUST00806,2023-01-03,35,33,North,Basic,Monthly,698.72,0.0,Yes,4,0,26.6,2.7,2025-12-19 17:31:45.881067168,24562.36,No
CUST00807,2023-12-26,24,44,West,Basic,Monthly,428.88,0.0,Yes,5,0,25.7,2.5,2025-12-09 04:50:07.442643884,10462.0,No
CUST00808,2024-10-06,14,44,Central,Standard,Annual,1110.05,0.05,Yes,2,2,39.2,4.4,2025-12-30 00:00:00.000000000,14735.98,No
CUST00809,2023-01-30,35,27,Central,Standard,Quarterly,1041.67,0.05,No,4,1,20.8,4.4,2025-12-06 01:40:47.270698646,37066.39,No
CUST00810,2023-08-18,28,33,West,Standard,Monthly,1089.48,0.1,Yes,4,0,21.5,3.9,2025-12-17 05:14:07.451031322,30333.22,No
CUST00811,2023-11-30,25,49,South,Basic,Quarterly,635.04,0.05,Yes,2,2,25.7,3.4,2025-12-15 23:53:32.266869576,16289.09,No
CUST00812,2023-07-11,29,43,Central,Basic,Annual,693.58,0.1,Yes,4,1,24.1,2.3,2025-12-15 00:53:11.329218148,19958.84,No
CUST00813,2025-03-03,9,52,South,Basic,Monthly,603.82,0.05,Yes,1,1,31.5,3.0,2025-11-28 13:18:30.534879505,5192.8,Yes
CUST00814,2023-07-12,29,45,East,Premium,Quarterly,1974.31,0.0,Yes,1,1,5.8,4.1,2025-12-13 17:57:12.368857096,58057.21,No
CUST00815,2024-12-26,12,33,Central,Premium,Monthly,2042.1,0.0,Yes,0,1,25.4,3.6,2025-12-08 01:47:39.233343717,24937.2,No
CUST00816,2025-05-17,7,38,Central,Basic,Quarterly,736.27,0.0,Yes,5,1,20.0,4.4,2025-12-18 07:58:11.309572232,4704.2,No
CUST00817,2023-04-18,32,29,South,Standard,Monthly,1159.95,0.05,No,1,1,28.2,4.4,2025-12-19 03:55:40.812509289,37570.74,No
CUST00818,2023-08-28,28,38,East,Premium,Monthly,1762.74,0.1,No,3,1,36.3,3.1,2025-12-13 14:50:35.849803414,49280.45,No
CUST00819,2023-08-07,28,45,Central,Basic,Quarterly,619.15,0.0,No,2,1,14.9,2.3,2025-12-20 02:00:56.804458712,17552.38,No
CUST00820,2025-01-03,11,41,South,Basic,Monthly,724.61,0.0,No,1,1,19.7,4.6,2025-11-24 07:26:30.703516835,8508.42,Yes
CUST00821,2024-12-20,12,31,West,Basic,Monthly,717.5,0.1,Yes,3,2,29.8,3.5,2025-12-30 00:00:00.000000000,8196.3,No
CUST00822,2024-10-06,14,23,Central,Standard,Monthly,1180.75,0.0,No,4,2,25.6,2.7,2025-12-26 12:26:58.587970477,17226.15,No
CUST00823,2023-05-30,31,36,East,Basic,Quarterly,725.25,0.05,Yes,3,0,34.8,3.7,2025-12-16 21:49:58.492466248,22380.73,No
CUST00824,2023-08-27,28,18,West,Premium,Monthly,1842.74,0.0,Yes,3,1,24.2,3.8,2025-12-23 22:01:25.991660185,51930.14,No
CUST00825,2024-10-29,14,34,East,Standard,Monthly,1190.09,0.0,No,2,1,23.3,3.1,2025-11-29 07:52:55.472759706,16982.51,Yes
CUST00826,2024-03-04,21,49,Central,Basic,Monthly,654.64,0.15,No,3,0,17.0,3.5,2025-12-15 20:45:30.320550078,13108.36,No
CUST00827,2024-01-12,23,35,East,Premium,Monthly,1676.63,0.0,Yes,1,3,18.6,3.2,2025-11-28 14:44:39.500241003,38099.28,No
CUST00828,2024-04-03,20,18,South,Premium,Quarterly,2113.55,0.0,No,0,2,2.0,3.3,2025-12-19 15:04:20.852185167,43893.29,No
CUST00829,2024-02-16,22,34,West,Standard,Monthly,1398.05,0.05,Yes,1,1,37.7,4.6,2025-12-24 08:11:31.486691354,31819.37,No
CUST00830,2024-03-24,21,29,West,Standard,Monthly,1121.96,0.0,Yes,1,0,23.6,3.6,2025-12-07 00:17:59.484425358,22637.73,No
CUST00831,2023-03-27,33,43,Central,Premium,Monthly,1819.59,0.15,Yes,6,1,23.3,3.6,2025-12-17 02:31:59.803886684,60704.72,No
CUST00832,2025-03-04,9,18,East,Standard,Annual,1337.17,0.0,Yes,3,0,14.2,2.2,2025-12-18 23:25:40.418620571,11337.56,No
CUST00833,2025-05-27,7,36,Central,Premium,Monthly,2095.19,0.05,Yes,2,1,23.9,3.2,2025-12-23 16:55:38.025292596,13364.23,No
CUST00834,2023-01-06,35,28,South,Basic,Quarterly,664.04,0.0,Yes,1,1,19.3,3.0,2025-12-12 09:41:00.230182636,23811.31,No
CUST00835,2025-06-15,6,45,South,Standard,Monthly,1144.86,0.05,Yes,4,0,53.5,2.9,2025-12-10 19:26:31.303209938,6258.72,No
CUST00836,2024-11-16,13,39,North,Premium,Annual,1796.86,0.0,Yes,1,0,27.8,3.3,2025-12-30 00:00:00.000000000,24475.83,No
CUST00837,2023-10-01,27,27,East,Standard,Annual,1010.6,0.1,Yes,0,1,32.1,3.7,2025-12-29 00:15:27.936067764,26515.87,No
CUST00838,2025-04-22,8,42,East,Standard,Annual,1415.86,0.1,No,2,1,23.2,3.1,2025-12-14 22:57:59.519808988,11017.98,No
CUST00839,2025-03-18,9,32,Central,Basic,Monthly,622.86,0.0,Yes,4,0,39.4,3.6,2025-12-25 05:44:45.133630178,6171.44,No
CUST00840,2024-10-25,14,46,West,Basic,Quarterly,670.59,0.0,Yes,3,0,11.7,3.5,2025-12-17 20:59:56.894895189,9530.38,No
CUST00841,2024-05-02,19,40,North,Basic,Quarterly,744.55,0.0,Yes,2,1,28.7,3.2,2025-12-17 14:47:59.495259705,14126.82,No
CUST00842,2024-12-07,12,43,West,Standard,Quarterly,1020.0,0.0,Yes,1,2,13.2,2.7,2025-12-06 23:54:41.764892412,12838.36,No
CUST00843,2025-04-24,8,32,North,Basic,Quarterly,609.93,0.0,Yes,2,1,18.1,4.4,2025-12-16 03:51:25.066219724,4278.62,No
CUST00844,2023-02-22,34,32,South,Standard,Monthly,1087.62,0.05,No,2,0,27.0,5.0,2025-12-30 00:00:00.000000000,36422.98,No
CUST00845,2025-03-03,9,30,South,Standard,Annual,1375.32,0.0,Yes,4,0,29.0,3.1,2025-12-25 02:19:44.176685474,13380.55,No
CUST00846,2024-05-29,19,36,North,Premium,Monthly,1941.5,0.0,Yes,4,2,23.6,3.6,2025-12-04 22:16:58.477702587,37901.1,No
CUST00847,2024-12-12,12,18,Central,Standard,Monthly,1216.45,0.1,Yes,4,2,15.7,2.9,2025-12-17 11:01:29.556453453,14583.97,No
CUST00848,2024-04-21,20,50,South,Basic,Annual,841.47,0.0,No,2,0,39.5,3.8,2025-12-25 16:00:51.568217934,16672.57,No
CUST00849,2024-09-05,15,36,West,Standard,Monthly,1055.15,0.0,No,2,4,20.5,4.4,2025-12-07 19:11:49.335676789,16116.07,No
CUST00850,2024-08-06,16,35,East,Premium,Quarterly,2009.25,0.05,Yes,5,1,29.6,3.0,2025-12-12 06:40:39.221731468,33152.09,No
CUST00851,2023-09-09,27,20,Central,Standard,Monthly,1189.33,0.1,No,2,0,24.9,3.3,2025-12-15 17:29:01.407475248,32499.0,No
CUST00852,2024-03-10,21,23,Central,Basic,Monthly,736.49,0.0,Yes,3,0,38.2,2.8,2025-12-28 03:13:30.998445321,15529.96,No
CUST00853,2023-07-08,29,24,West,Basic,Monthly,750.41,0.0,Yes,3,1,24.3,4.2,2025-12-07 04:03:00.608015584,21636.78,No
CUST00854,2025-01-15,11,41,East,Basic,Monthly,838.91,0.0,Yes,4,0,31.0,3.4,2025-12-11 09:35:30.549369849,8967.72,No
CUST00855,2023-10-19,26,27,East,Standard,Annual,1216.69,0.0,Yes,3,2,14.1,3.2,2025-12-15 07:46:42.105398382,31256.0,No
CUST00856,2023-12-19,24,26,South,Basic,Monthly,684.27,0.0,Yes,2,0,35.6,4.7,2025-12-21 02:59:37.440073277,16277.03,No
CUST00857,2024-09-18,15,42,Central,Basic,Annual,637.77,0.0,No,1,1,38.2,3.0,2025-12-30 00:00:00.000000000,9617.61,No
CUST00858,2023-10-09,26,27,North,Premium,Monthly,1994.8,0.0,No,2,1,33.4,3.9,2025-11-26 12:55:08.647392113,50359.89,Yes
CUST00859,2023-06-19,30,18,South,Premium,Monthly,2129.02,0.05,No,2,0,19.6,4.7,2025-12-19 10:48:51.006399668,61743.45,No
CUST00860,2024-12-25,12,18,East,Basic,Monthly,623.66,0.1,No,1,1,21.4,3.6,2025-12-24 20:43:32.698542133,7474.05,No
CUST00861,2025-03-30,9,34,Central,Basic,Quarterly,616.85,0.0,Yes,2,0,16.6,4.0,2025-12-17 00:53:59.794299891,6035.71,No
CUST00862,2023-09-19,27,51,North,Premium,Monthly,1657.77,0.1,Yes,1,3,25.0,3.9,2025-12-20 23:28:11.766811155,44406.29,No
CUST00863,2024-03-14,21,41,Central,Basic,Quarterly,591.06,0.0,No,3,0,34.7,3.8,2025-12-25 09:37:45.070251177,11861.2,No
CUST00864,2025-06-11,6,39,East,Standard,Quarterly,1223.22,0.0,Yes,2,1,37.2,3.2,2025-12-21 01:06:40.661537101,7638.51,No
CUST00865,2025-02-06,10,24,South,Basic,Monthly,635.54,0.1,No,7,0,41.8,1.0,2025-12-24 04:02:23.917826340,6843.19,No
CUST00866,2024-02-24,22,50,North,Standard,Monthly,1308.84,0.0,No,4,0,11.2,3.4,2025-12-06 03:46:07.025005261,29898.3,Yes
CUST00867,2024-08-14,16,29,Central,Premium,Monthly,1935.72,0.05,No,2,5,26.2,3.3,2025-12-24 02:26:58.875225142,29260.88,No
CUST00868,2023-10-24,26,46,South,Basic,Quarterly,805.3,0.1,Yes,1,0,45.1,4.3,2025-12-25 16:36:29.318095095,20488.85,No
CUST00869,2023-09-18,27,58,North,Standard,Monthly,1295.03,0.05,Yes,1,1,25.3,4.8,2025-12-13 23:00:27.918458816,35628.49,No
CUST00870,2024-02-16,22,41,Central,Premium,Annual,2113.6,0.05,Yes,3,1,38.3,2.9,2025-12-13 16:05:18.247053040,47337.98,No
CUST00871,2024-06-04,18,20,North,Premium,Annual,2080.69,0.0,No,2,0,20.6,3.0,2025-12-18 06:59:43.972459406,36088.55,No
CUST00872,2023-03-07,33,36,Central,Standard,Annual,1219.12,0.0,Yes,0,1,28.6,5.0,2025-12-15 08:03:58.521816718,39704.72,No
CUST00873,2024-06-16,18,28,East,Standard,Monthly,1039.06,0.1,Yes,4,0,17.4,4.0,2025-12-03 02:42:58.601231525,18603.54,No
CUST00874,2023-09-16,27,34,South,Standard,Quarterly,1026.49,0.1,No,3,1,33.5,4.9,2025-12-16 10:39:43.147401391,26905.32,No
CUST00875,2024-11-17,13,44,North,Standard,Monthly,1198.66,0.0,Yes,0,0,34.7,4.8,2025-12-28 03:59:21.464472025,15746.86,No
CUST00876,2024-05-06,19,52,East,Premium,Annual,1785.68,0.0,No,3,0,40.6,4.5,2025-11-20 07:09:11.060143811,33224.64,Yes
CUST00877,2023-03-19,33,45,South,Basic,Monthly,626.72,0.05,Yes,1,0,37.8,2.5,2025-12-20 22:00:59.688253818,20723.41,No
CUST00878,2025-02-15,10,34,East,Basic,Monthly,691.69,0.05,No,2,0,37.0,2.5,2025-12-23 03:47:43.713282521,6574.63,No
CUST00879,2024-02-10,22,39,South,Basic,Annual,618.89,0.0,No,0,3,14.1,4.7,2025-12-30 00:00:00.000000000,13225.46,No
CUST00880,2023-05-20,31,28,East,Standard,Monthly,1199.73,0.15,Yes,1,0,17.2,4.7,2025-12-14 12:45:15.198455218,37306.5,No
CUST00881,2023-03-06,33,38,West,Premium,Monthly,2019.57,0.0,Yes,3,1,24.5,2.8,2025-12-12 20:50:39.297834785,67982.82,No
CUST00882,2023-01-11,35,32,East,Premium,Monthly,2008.6,0.05,Yes,2,1,38.7,3.9,2025-12-11 08:03:40.647087916,71477.82,No
CUST00883,2025-05-23,7,44,East,Premium,Quarterly,1543.01,0.0,Yes,5,0,16.3,3.8,2025-12-13 05:52:42.954751765,11599.66,No
CUST00884,2024-09-24,15,44,North,Standard,Quarterly,1244.73,0.0,Yes,1,0,8.4,3.7,2025-12-28 01:33:02.125689927,18138.74,No
CUST00885,2025-05-31,7,38,East,Basic,Monthly,918.74,0.0,Yes,1,0,24.5,3.3,2025-12-04 08:39:58.262206663,6001.95,No
CUST00886,2024-02-22,22,35,Central,Premium,Monthly,1767.52,0.0,Yes,0,1,25.7,2.7,2025-12-25 17:34:37.517447304,37602.39,No
CUST00887,2025-03-06,9,32,West,Standard,Quarterly,1554.2,0.05,No,2,3,33.8,3.8,2025-12-26 10:28:54.537459235,14079.14,No
CUST00888,2023-02-01,34,48,East,Basic,Quarterly,598.0,0.0,No,4,0,2.0,3.7,2025-12-08 17:21:05.645542513,20399.23,No
CUST00889,2025-06-26,6,43,West,Basic,Annual,683.71,0.0,Yes,1,0,36.9,3.4,2025-12-09 21:58:17.813971235,4594.68,No
CUST00890,2023-02-01,34,45,West,Basic,Quarterly,610.31,0.0,Yes,2,0,19.0,3.3,2025-12-09 07:38:09.690473832,21175.4,No
CUST00891,2025-03-12,9,31,Central,Basic,Monthly,729.72,0.0,Yes,4,1,6.4,3.8,2025-12-27 23:22:39.220120494,6081.24,No
CUST00892,2023-09-23,27,41,South,Standard,Monthly,1234.07,0.0,No,4,1,27.5,3.0,2025-12-18 12:14:54.984062130,33905.7,No
CUST00893,2025-01-03,11,36,West,Standard,Annual,1255.03,0.0,Yes,3,0,45.9,4.0,2025-12-23 07:33:50.216254774,12599.94,No
CUST00894,2025-04-26,8,43,South,Standard,Quarterly,1051.18,0.1,Yes,1,3,33.0,2.6,2025-12-17 10:21:43.408196845,8310.3,No
CUST00895,2023-03-08,33,58,West,Standard,Monthly,1193.46,0.1,Yes,3,0,27.3,3.8,2025-12-25 07:02:39.343220808,39282.93,No
CUST00896,2025-04-21,8,43,West,Standard,Monthly,1219.39,0.0,Yes,3,1,33.9,3.5,2025-12-19 17:30:38.307038231,9545.68,No
CUST00897,2023-07-23,29,40,West,Basic,Monthly,754.86,0.0,Yes,3,0,21.6,2.4,2025-12-19 06:57:55.682593653,21675.99,No
CUST00898,2024-05-20,19,18,West,Premium,Annual,1581.2,0.0,Yes,0,2,30.1,2.4,2025-12-09 05:14:04.618103937,30943.99,No
CUST00899,2023-05-02,31,30,Central,Standard,Quarterly,1254.08,0.1,Yes,4,2,7.7,2.3,2025-12-22 06:38:02.742088759,39052.76,No
CUST00900,2023-11-18,25,18,West,Premium,Annual,1850.17,0.0,Yes,0,0,30.9,4.6,2025-12-19 09:06:06.951874873,44887.97,No
CUST00901,2024-04-27,20,29,Central,Basic,Monthly,636.02,0.1,Yes,1,0,27.2,3.3,2025-12-19 14:57:01.532841636,12288.46,No
CUST00902,2024-12-04,12,45,West,Standard,Quarterly,1382.59,0.1,No,1,2,31.4,3.8,2025-12-29 22:14:09.992230020,16062.2,No
CUST00903,2023-03-23,33,52,East,Standard,Quarterly,1170.12,0.05,Yes,2,1,10.6,3.6,2025-12-17 15:47:39.513056387,39662.6,No
CUST00904,2023-05-14,31,34,West,Standard,Monthly,1234.09,0.0,Yes,2,1,26.2,3.9,2025-12-21 15:32:39.489157401,38564.03,No
CUST00905,2024-09-15,15,18,South,Basic,Monthly,686.16,0.1,Yes,2,1,15.2,4.1,2025-11-29 04:36:57.190339150,10020.37,Yes
CUST00906,2024-03-19,21,47,East,Premium,Monthly,1997.16,0.0,Yes,3,1,17.6,5.0,2025-12-02 17:33:53.877744009,43383.41,No
CUST00907,2024-11-09,13,44,Central,Standard,Monthly,1290.56,0.0,No,0,0,17.8,4.4,2025-11-26 09:43:33.503421813,16499.53,Yes
CUST00908,2025-05-13,7,32,South,Standard,Monthly,1286.04,0.0,Yes,1,1,5.2,4.2,2025-12-22 04:14:28.292483219,8179.52,No
CUST00909,2023-02-20,34,18,West,Standard,Quarterly,1165.94,0.15,Yes,7,1,25.5,3.9,2025-12-24 15:52:11.001812195,40769.37,No
CUST00910,2023-05-23,31,46,South,Premium,Quarterly,1991.06,0.0,Yes,3,0,26.3,2.7,2025-12-16 08:05:21.166070468,60323.67,No
CUST00911,2024-05-17,19,33,South,Basic,Annual,865.96,0.0,No,2,0,16.2,3.2,2025-12-24 04:35:53.147396444,15640.86,No
CUST00912,2023-05-01,32,36,South,Premium,Monthly,1743.06,0.0,Yes,2,0,24.5,3.9,2025-12-19 04:54:51.807450972,57273.66,No
CUST00913,2024-12-22,12,18,Central,Basic,Monthly,602.08,0.0,Yes,1,0,36.6,4.8,2025-12-26 07:37:01.176927408,7638.63,No
CUST00914,2024-04-15,20,26,Central,Basic,Monthly,793.19,0.1,No,5,0,26.8,1.9,2025-12-12 15:27:10.614682351,16202.16,No
CUST00915,2024-02-05,22,49,East,Basic,Quarterly,755.39,0.0,No,1,1,27.3,4.2,2025-12-27 00:01:26.231682605,16257.27,No
CUST00916,2025-05-30,7,25,East,Standard,Annual,1276.51,0.0,Yes,7,1,11.0,2.8,2025-12-26 20:49:57.909391879,9651.13,No
CUST00917,2025-02-12,10,40,South,Standard,Quarterly,1270.91,0.0,No,3,0,30.8,3.4,2025-12-28 04:54:23.133564882,13130.31,No
CUST00918,2025-05-31,7,33,East,Standard,Quarterly,1378.28,0.15,No,6,0,9.3,4.9,2025-12-10 14:36:52.369629613,8723.12,No
CUST00919,2024-02-28,22,35,East,Premium,Monthly,2102.7,0.0,No,3,1,16.2,2.3,2025-12-21 02:59:32.829832513,48343.79,No
CUST00920,2023-05-05,31,41,East,Standard,Monthly,1331.43,0.0,No,1,2,21.4,4.7,2025-11-25 13:59:58.728634789,41522.84,Yes
CUST00921,2025-05-02,7,26,North,Premium,Quarterly,1943.05,0.0,Yes,2,1,25.7,2.1,2025-12-24 13:05:38.166054087,13782.73,No
CUST00922,2023-05-05,31,36,North,Basic,Annual,618.23,0.05,Yes,4,2,42.5,3.8,2025-12-06 12:52:39.045276106,19052.49,No
CUST00923,2025-06-17,6,35,West,Standard,Annual,1238.1,0.05,Yes,3,3,42.0,3.0,2025-12-14 20:55:46.993137546,8223.93,No
CUST00924,2023-01-23,35,27,South,Standard,Monthly,1230.91,0.1,Yes,3,1,27.7,3.8,2025-12-15 12:32:30.075411506,43158.04,No
CUST00925,2024-01-24,23,37,South,Standard,Annual,1248.67,0.05,Yes,2,1,26.5,4.2,2025-12-27 08:34:46.728448773,29328.81,No
CUST00926,2025-01-20,11,31,South,Standard,Monthly,1311.84,0.0,No,2,0,18.5,4.3,2025-11-28 01:20:34.318436828,14337.28,No
CUST00927,2023-08-14,28,22,Central,Standard,Quarterly,1437.98,0.1,Yes,3,0,22.0,3.9,2025-12-10 17:21:48.887666920,41494.18,No
CUST00928,2025-05-21,7,50,North,Standard,Quarterly,1258.34,0.1,No,2,0,23.5,3.8,2025-12-30 00:00:00.000000000,7773.08,No
CUST00929,2024-07-17,17,43,West,Basic,Monthly,781.64,0.0,Yes,1,1,25.1,2.7,2025-12-11 22:06:35.756756473,13687.6,No
CUST00930,2023-12-19,24,32,North,Basic,Annual,673.54,0.15,Yes,3,0,26.2,4.2,2025-12-10 21:12:02.120560031,16053.72,No
CUST00931,2024-04-17,20,39,South,Standard,Monthly,1343.4,0.0,No,4,2,33.8,4.0,2025-12-04 15:09:32.523093363,26322.04,Yes
CUST00932,2024-11-20,13,19,North,Premium,Monthly,1903.71,0.05,Yes,0,2,26.6,4.3,2025-12-08 07:50:00.946487507,25410.18,Yes
CUST00933,2025-04-02,8,33,North,Standard,Monthly,948.72,0.0,Yes,5,0,36.5,3.5,2025-12-30 00:00:00.000000000,7778.85,No
CUST00934,2025-06-25,6,36,East,Basic,Monthly,599.57,0.0,Yes,3,1,31.2,4.4,2025-12-13 19:56:43.131203244,3856.73,No
CUST00935,2023-01-17,35,38,North,Premium,Annual,1999.02,0.0,Yes,1,1,35.9,4.5,2025-12-11 13:26:12.030952808,70338.55,Yes
CUST00936,2024-03-01,22,23,West,Standard,Monthly,1219.63,0.05,Yes,2,1,15.7,3.5,2025-12-18 01:11:41.001649507,26647.55,No
CUST00937,2024-04-25,20,33,North,Standard,Monthly,1245.72,0.0,Yes,2,1,18.3,2.5,2025-12-30 00:00:00.000000000,24124.01,No
CUST00938,2024-01-11,23,37,East,Standard,Monthly,1232.47,0.05,No,4,1,25.8,2.8,2025-12-21 12:06:55.628260949,28986.57,No
CUST00939,2024-09-19,15,24,East,Premium,Monthly,2054.5,0.05,Yes,3,0,13.2,3.7,2025-12-30 00:00:00.000000000,29653.18,No
CUST00940,2023-10-27,26,53,Central,Standard,Monthly,1018.96,0.0,No,0,1,18.8,3.7,2025-12-21 23:57:04.328285712,27475.6,No
CUST00941,2024-03-18,21,29,West,Premium,Annual,2120.57,0.0,No,3,0,10.2,4.4,2025-12-14 10:11:31.841992084,44620.02,No
CUST00942,2024-10-21,14,18,East,Standard,Annual,1130.5,0.0,No,2,1,49.6,3.5,2025-12-11 16:27:55.347548092,16538.67,No
CUST00943,2025-02-25,10,30,South,Standard,Annual,1399.09,0.0,Yes,3,0,29.9,4.7,2025-12-30 00:00:00.000000000,14072.94,No
CUST00944,2024-12-23,12,47,West,Basic,Quarterly,580.79,0.0,Yes,5,0,16.8,2.2,2025-12-25 21:39:27.812042252,6936.06,No
CUST00945,2024-03-17,21,18,Central,Premium,Monthly,1528.47,0.0,Yes,2,0,21.9,4.2,2025-12-30 00:00:00.000000000,31233.48,No
CUST00946,2023-01-01,35,52,North,Premium,Annual,1596.94,0.0,Yes,4,0,31.9,2.2,2025-12-23 12:58:23.971025635,54910.38,No
CUST00947,2024-06-08,18,43,North,Premium,Monthly,2053.25,0.0,No,1,0,29.9,2.2,2025-11-29 07:51:01.322364984,35069.67,Yes
CUST00948,2023-02-15,34,36,North,Standard,Monthly,1081.18,0.0,Yes,2,1,7.8,3.3,2025-12-27 10:55:02.018054848,35753.65,No
CUST00949,2023-10-05,26,37,North,Basic,Quarterly,704.61,0.15,Yes,4,2,36.3,3.4,2025-12-14 02:02:24.943710714,18822.74,No
CUST00950,2025-02-23,10,49,East,Basic,Annual,759.08,0.0,No,1,1,28.7,4.4,2025-12-21 02:49:04.773189219,7189.29,No
CUST00951,2023-06-24,30,24,South,Basic,Monthly,500.9,0.0,Yes,3,1,29.7,3.1,2025-12-17 12:56:57.602942702,14934.28,No
CUST00952,2024-04-20,20,31,North,Standard,Monthly,1257.57,0.05,No,5,2,17.4,1.4,2025-12-28 09:19:12.857052263,24722.29,No
CUST00953,2024-04-11,20,29,North,Basic,Quarterly,730.16,0.0,No,1,1,20.9,3.8,2025-12-19 08:33:34.596348619,14372.49,No
CUST00954,2023-09-29,27,40,East,Premium,Monthly,1676.48,0.0,No,4,0,21.1,3.2,2025-12-12 16:57:30.035755697,46181.86,No
CUST00955,2023-12-29,24,28,West,Premium,Annual,1887.72,0.0,No,2,1,28.8,4.2,2025-12-21 13:43:03.293895104,45510.38,No
CUST00956,2023-09-08,27,29,North,Basic,Monthly,679.94,0.0,Yes,2,0,27.5,3.6,2025-12-30 00:00:00.000000000,18592.36,No
CUST00957,2024-02-08,22,31,East,Standard,Quarterly,1255.94,0.0,No,3,2,13.5,3.8,2025-12-21 05:31:49.308070481,27106.93,No
CUST00958,2024-12-15,12,37,North,Standard,Monthly,1111.25,0.1,Yes,2,0,38.7,2.9,2025-12-20 15:53:06.957575590,14176.55,No
CUST00959,2024-05-06,19,42,West,Basic,Monthly,623.36,0.0,Yes,1,1,55.9,4.3,2025-12-14 05:55:05.583284478,12285.92,No
CUST00960,2024-08-24,16,26,South,Basic,Monthly,725.14,0.0,Yes,1,0,21.0,3.8,2025-12-16 19:23:48.880247024,12300.46,No
CUST00961,2025-04-12,8,34,Central,Standard,Annual,1164.7,0.0,No,1,0,37.6,3.2,2025-12-27 01:19:41.538700117,9125.16,No
CUST00962,2024-08-23,16,34,Central,Basic,Monthly,647.0,0.0,No,4,1,22.1,2.4,2025-12-08 08:38:29.610522785,9713.58,No
CUST00963,2024-06-28,18,40,Central,Basic,Quarterly,533.88,0.15,Yes,3,0,22.7,3.3,2025-12-28 20:03:12.858500886,9180.51,No
CUST00964,2024-07-05,17,49,South,Standard,Annual,1511.46,0.05,Yes,2,0,38.8,3.7,2025-12-30 00:00:00.000000000,25314.92,No
CUST00965,2024-11-19,13,28,North,Basic,Annual,797.24,0.0,Yes,3,0,48.0,3.3,2025-12-27 00:35:10.995670093,10839.52,No
CUST00966,2024-02-26,22,26,West,Standard,Annual,1243.42,0.0,No,3,2,24.2,3.8,2025-12-26 22:24:41.345360139,27307.71,No
CUST00967,2024-09-26,15,31,North,Standard,Monthly,1382.89,0.0,No,2,0,22.2,3.7,2025-12-07 11:54:50.175501959,19721.32,No
CUST00968,2023-02-09,34,34,Central,Basic,Annual,560.15,0.0,Yes,1,2,27.8,3.2,2025-12-16 20:55:49.601697056,19392.39,No
CUST00969,2025-06-29,6,44,South,Basic,Monthly,585.85,0.0,No,3,0,22.3,2.1,2025-12-02 01:27:11.506995807,3988.64,Yes
CUST00970,2024-06-23,18,33,North,Basic,Monthly,742.27,0.0,Yes,4,0,23.7,3.5,2025-12-26 20:26:17.882657748,12869.1,No
CUST00971,2024-03-11,21,42,West,Basic,Monthly,706.17,0.0,Yes,3,0,15.0,3.0,2025-12-18 16:04:21.625100372,14509.03,No
CUST00972,2025-01-23,11,36,North,Basic,Quarterly,940.18,0.1,No,4,2,39.6,3.7,2025-12-02 17:44:33.114826030,9846.22,Yes
CUST00973,2025-01-22,11,50,Central,Premium,Annual,2097.13,0.1,Yes,2,2,20.7,3.5,2025-12-30 00:00:00.000000000,25000.69,No
CUST00974,2025-02-09,10,37,East,Standard,Quarterly,1258.57,0.0,No,3,0,19.6,3.1,2025-12-11 23:05:14.080660224,13758.04,No
CUST00975,2024-05-17,19,50,Central,Basic,Monthly,738.41,0.05,No,6,1,15.9,2.8,2025-12-17 03:01:26.714456377,13750.28,No
CUST00976,2023-07-29,29,45,Central,Standard,Monthly,1302.09,0.05,Yes,2,0,33.7,3.2,2025-12-14 20:53:57.705552577,37102.98,No
CUST00977,2024-11-27,13,21,North,Standard,Quarterly,1124.53,0.0,No,1,1,11.4,3.1,2025-12-19 09:06:54.698807688,14715.75,No
CUST00978,2024-10-03,14,34,South,Standard,Annual,1097.4,0.0,Yes,1,0,11.1,3.1,2025-12-24 16:13:54.120514760,15964.43,No
CUST00979,2024-05-09,19,29,East,Basic,Monthly,747.85,0.0,No,1,1,11.9,4.0,2025-12-02 03:02:55.932454793,14175.49,Yes
CUST00980,2025-04-14,8,28,Central,Basic,Annual,756.4,0.0,No,4,1,20.8,4.5,2025-12-26 14:11:25.348575040,6417.03,No
CUST00981,2023-08-31,28,36,Central,Basic,Monthly,621.75,0.15,Yes,3,0,34.1,3.1,2025-12-14 03:33:49.664831654,17103.28,No
CUST00982,2023-01-31,34,23,East,Premium,Monthly,1701.95,0.0,Yes,2,1,10.5,1.8,2025-12-28 12:52:23.928885025,56271.33,No
CUST00983,2023-11-26,25,41,West,Standard,Monthly,1246.69,0.05,Yes,2,0,19.8,3.0,2025-12-07 21:36:37.707505042,31907.8,No
CUST00984,2023-08-04,28,53,West,Basic,Quarterly,680.21,0.1,No,1,0,32.9,4.4,2025-12-02 23:25:29.340689941,18458.29,No
CUST00985,2025-01-22,11,53,South,Premium,Quarterly,2279.1,0.15,No,1,2,41.6,2.7,2025-12-12 15:31:25.308258799,26133.96,No
CUST00986,2025-04-16,8,37,West,Basic,Quarterly,589.77,0.1,Yes,2,0,41.9,4.3,2025-12-23 06:02:03.553508061,4427.5,No
CUST00987,2023-10-29,26,41,North,Premium,Quarterly,2033.59,0.0,No,1,1,19.4,2.3,2025-12-30 00:00:00.000000000,51132.68,No
CUST00988,2025-03-23,9,27,Central,Standard,Annual,1320.8,0.05,Yes,3,2,44.7,3.8,2025-12-12 19:51:47.743184961,11145.82,No
CUST00989,2024-09-04,15,39,North,Standard,Annual,1511.65,0.0,No,2,0,33.1,3.4,2025-12-24 17:19:04.429622128,23576.58,No
CUST00990,2023-03-22,33,30,North,Basic,Annual,712.39,0.05,Yes,3,1,24.7,3.2,2025-12-07 06:46:20.605354704,22913.01,No
CUST00991,2023-03-11,33,33,Central,Standard,Quarterly,953.41,0.05,No,3,0,28.3,4.8,2025-12-30 00:00:00.000000000,30822.57,No
CUST00992,2024-11-23,13,36,North,Basic,Monthly,649.55,0.0,Yes,2,1,22.7,4.6,2025-11-30 02:29:27.034665623,9015.91,Yes
CUST00993,2024-11-10,13,40,North,Basic,Monthly,722.87,0.0,Yes,1,0,27.8,4.3,2025-12-09 01:27:01.308590168,8711.46,Yes
CUST00994,2025-01-19,11,33,East,Basic,Monthly,511.53,0.1,No,1,1,32.6,4.2,2025-12-23 02:12:01.193818560,5237.39,No
CUST00995,2024-03-25,21,50,North,Basic,Annual,673.8,0.0,No,1,0,26.8,4.7,2025-12-24 08:14:26.276002366,13658.82,No
CUST00996,2023-08-07,28,31,East,Basic,Monthly,680.88,0.1,Yes,3,1,7.8,4.3,2025-12-29 21:28:59.346560266,18981.61,No
CUST00997,2023-12-19,24,44,South,Premium,Quarterly,1732.09,0.1,Yes,2,1,34.0,3.4,2025-12-08 16:30:37.302380574,41250.29,No
CUST00998,2025-03-26,9,38,Central,Standard,Annual,1329.71,0.0,Yes,0,1,17.5,3.4,2025-12-15 16:27:19.772719232,12309.56,No
CUST00999,2025-02-01,10,32,East,Basic,Monthly,835.05,0.1,No,3,2,31.7,2.4,2025-12-30 00:00:00.000000000,8662.53,No
CUST01000,2024-10-01,14,46,Central,Basic,Monthly,736.14,0.05,Yes,1,0,34.3,2.6,2025-12-11 19:17:45.977147466,10275.87,No
CUST01001,2024-08-12,16,38,East,Basic,Monthly,713.9,0.05,Yes,2,0,33.1,1.3,2025-12-25 05:48:57.729693733,11363.25,No
CUST01002,2024-04-04,20,28,Central,Basic,Monthly,656.91,0.0,Yes,3,1,8.7,3.8,2025-12-19 07:20:41.395368604,13097.56,No
CUST01003,2023-10-23,26,43,Central,Basic,Monthly,897.27,0.05,Yes,3,0,35.4,3.0,2025-12-15 16:45:20.992398449,23823.04,No
CUST01004,2025-06-26,6,27,Central,Basic,Monthly,715.36,0.0,Yes,1,1,36.2,4.5,2025-12-30 00:00:00.000000000,4537.39,No
CUST01005,2025-05-15,7,36,West,Standard,Monthly,1336.76,0.05,Yes,0,1,22.0,1.9,2025-12-21 04:50:28.499732074,10309.06,No
CUST01006,2025-03-16,9,23,West,Standard,Monthly,1159.5,0.15,Yes,4,1,19.0,2.3,2025-12-08 08:18:13.046482250,10397.91,No
CUST01007,2023-11-07,25,39,West,Premium,Monthly,2065.2,0.0,No,4,0,25.4,3.0,2025-12-12 13:05:56.475718043,49895.91,No
CUST01008,2024-08-23,16,18,West,Premium,Annual,1871.47,0.0,Yes,1,1,18.2,3.1,2025-12-18 16:30:25.103345697,28579.2,No
CUST01009,2024-02-27,22,23,East,Basic,Monthly,833.33,0.0,Yes,2,0,26.7,3.9,2025-12-19 09:50:31.727393296,18812.08,No
CUST01010,2023-05-02,31,30,East,Standard,Monthly,1113.72,0.05,No,3,1,30.8,5.0,2025-12-30 00:00:00.000000000,33474.1,No
CUST01011,2023-11-04,25,39,East,Standard,Monthly,1152.75,0.1,No,2,0,17.3,3.0,2025-12-19 20:45:11.573301831,29367.57,No
CUST01012,2024-04-21,20,25,East,Basic,Monthly,635.58,0.15,Yes,2,0,17.7,4.6,2025-12-20 01:39:45.592016418,12993.6,No
CUST01013,2025-04-30,8,46,Central,Premium,Monthly,1926.01,0.0,Yes,2,1,27.0,3.9,2025-12-30 00:00:00.000000000,14032.66,No
CUST01014,2023-04-23,32,32,East,Premium,Monthly,1786.41,0.05,No,1,3,17.4,2.4,2025-12-30 00:00:00.000000000,58710.55,No
CUST01015,2024-10-03,14,31,South,Basic,Monthly,595.77,0.05,Yes,0,1,25.4,3.0,2025-11-19 05:09:51.359693861,7979.77,Yes
CUST01016,2024-03-04,21,18,Central,Premium,Monthly,1949.39,0.0,Yes,4,0,31.4,2.5,2025-12-14 07:17:17.289824836,41779.25,No
CUST01017,2025-04-22,8,44,East,Premium,Quarterly,1580.74,0.1,Yes,1,2,43.1,1.4,2025-12-30 00:00:00.000000000,12683.89,No
CUST01018,2023-07-22,29,29,Central,Standard,Monthly,1081.41,0.0,No,2,1,30.3,3.9,2025-12-10 03:00:30.787459327,31665.51,No
CUST01019,2024-07-14,17,31,West,Basic,Annual,632.77,0.05,Yes,1,0,14.0,2.5,2025-12-09 03:40:14.157398240,11014.66,No
CUST01020,2023-12-27,24,38,North,Standard,Monthly,1108.03,0.0,No,3,0,25.8,2.2,2025-12-17 11:47:42.927164402,26501.81,No
CUST01021,2023-01-03,35,45,West,Standard,Monthly,1380.38,0.0,Yes,4,0,24.6,4.6,2025-12-15 17:59:49.517965747,46950.23,No
CUST01022,2025-03-10,9,34,North,Standard,Monthly,1270.16,0.0,Yes,0,2,37.0,2.4,2025-12-24 00:25:29.792331031,12084.97,No
CUST01023,2023-06-09,30,45,West,Standard,Monthly,1159.42,0.0,Yes,2,1,8.4,3.6,2025-12-12 07:13:59.582975022,34839.8,No
CUST01024,2024-03-09,21,35,South,Premium,Quarterly,1910.94,0.0,Yes,4,0,12.9,2.7,2025-12-17 23:39:07.819579800,41113.04,No
CUST01025,2024-06-11,18,31,East,Basic,Quarterly,613.66,0.0,Yes,2,0,37.2,1.9,2025-12-27 09:55:33.631902325,11134.07,No
CUST01026,2024-11-16,13,38,South,Standard,Annual,1402.19,0.0,No,1,1,34.4,3.2,2025-12-12 17:59:56.011669504,16885.58,No
CUST01027,2025-01-31,10,55,North,Standard,Monthly,1361.83,0.1,Yes,2,1,40.3,3.4,2025-12-08 23:30:18.937784235,12680.93,Yes
CUST01028,2025-06-21,6,41,West,Standard,Monthly,1168.02,0.0,No,2,0,28.5,2.8,2025-12-24 01:54:36.128175149,7345.9,No
CUST01029,2024-05-20,19,28,Central,Basic,Monthly,696.24,0.0,Yes,1,1,35.6,3.9,2025-12-28 19:28:06.489998743,12622.01,No
CUST01030,2024-08-19,16,42,North,Basic,Quarterly,635.96,0.0,Yes,2,0,39.2,3.2,2025-12-20 09:20:44.463939977,10802.72,No
CUST01031,2024-10-24,14,43,Central,Basic,Quarterly,586.21,0.0,Yes,0,1,28.7,2.4,2025-11-26 23:21:19.164217225,8285.33,Yes
CUST01032,2025-06-23,6,32,South,Basic,Quarterly,790.54,0.1,Yes,0,1,23.2,4.9,2025-12-15 13:33:16.950605285,4025.25,No
CUST01033,2024-06-27,18,40,Central,Standard,Monthly,1400.67,0.1,Yes,4,1,22.9,3.3,2025-12-16 00:31:23.419643342,24587.77,No
CUST01034,2024-03-31,21,39,Central,Basic,Monthly,651.43,0.05,No,0,0,17.9,2.3,2025-12-10 23:13:38.570276822,14143.82,No
CUST01035,2023-10-26,26,21,East,Basic,Monthly,564.53,0.0,No,3,2,36.1,3.3,2025-12-17 16:29:59.566687723,14417.77,No
CUST01036,2025-04-21,8,44,Central,Basic,Monthly,749.99,0.0,Yes,6,1,39.8,2.6,2025-12-23 02:42:17.575485936,6438.98,No
CUST01037,2025-05-09,7,20,Central,Standard,Monthly,1292.53,0.0,Yes,1,0,17.2,3.5,2025-12-14 17:06:34.420951253,8592.46,No
CUST01038,2023-12-24,24,41,West,Basic,Quarterly,716.64,0.1,Yes,1,1,34.8,2.1,2025-12-16 13:53:18.930950889,17730.31,No
CUST01039,2023-11-11,25,27,East,Standard,Monthly,1189.81,0.0,Yes,5,0,41.9,3.2,2025-12-10 22:26:15.475499875,28623.56,No
CUST01040,2025-04-20,8,30,North,Standard,Annual,1127.29,0.1,No,5,1,27.7,4.3,2025-11-26 06:12:43.598407539,9679.36,No
CUST01041,2024-02-27,22,35,North,Basic,Monthly,757.16,0.05,Yes,4,1,28.7,3.2,2025-12-15 17:41:02.877290964,16384.08,No
CUST01042,2023-06-27,30,31,West,Standard,Quarterly,1273.25,0.1,No,3,1,18.9,3.2,2025-12-13 14:57:52.308278387,39085.46,No
CUST01043,2025-01-20,11,40,South,Basic,Quarterly,758.57,0.1,Yes,3,2,29.2,3.6,2025-12-16 05:57:08.393895867,8774.99,No
CUST01044,2024-01-20,23,39,East,Standard,Monthly,1308.14,0.05,Yes,2,1,30.6,2.6,2025-12-16 06:41:51.371686994,31320.18,No
CUST01045,2025-03-10,9,53,North,Premium,Monthly,2019.54,0.0,Yes,1,2,38.2,3.1,2025-12-16 01:17:10.959412025,17134.84,Yes
CUST01046,2025-03-02,9,29,Central,Standard,Monthly,1167.22,0.0,Yes,4,0,37.2,2.9,2025-11-29 02:28:15.348170652,10386.53,Yes
CUST01047,2024-08-31,15,33,South,Basic,Monthly,844.07,0.0,Yes,1,0,39.7,3.4,2025-12-22 03:20:59.136331644,12490.73,No
CUST01048,2023-01-08,35,38,West,Standard,Quarterly,1156.78,0.05,Yes,1,1,29.8,3.2,2025-12-18 21:16:12.432361999,40378.17,No
CUST01049,2023-09-14,27,30,East,Premium,Quarterly,1930.97,0.1,Yes,2,2,20.7,4.7,2025-12-28 08:05:39.532716667,52665.3,No
CUST01050,2023-11-12,25,26,Central,Standard,Annual,846.35,0.0,Yes,1,1,12.4,3.4,2025-12-14 04:46:31.400628143,21880.73,No
CUST01051,2023-06-08,30,32,East,Basic,Quarterly,737.96,0.0,Yes,4,1,30.1,3.4,2025-12-29 19:22:42.331572385,21621.42,No
CUST01052,2024-04-28,20,35,South,Standard,Annual,1281.3,0.0,Yes,0,0,26.5,3.6,2025-12-06 09:40:43.249328268,25112.09,No
CUST01053,2023-09-08,27,56,South,Basic,Annual,649.05,0.0,Yes,4,0,5.4,4.3,2025-11-30 12:53:45.252856807,17325.62,No
CUST01054,2024-02-09,22,18,East,Standard,Annual,1125.3,0.0,No,3,1,26.2,3.7,2025-12-05 09:16:58.317623775,25676.67,No
CUST01055,2023-07-12,29,33,Central,Premium,Monthly,1930.12,0.0,Yes,2,2,21.2,4.5,2025-12-20 08:18:08.534215250,54213.51,No
CUST01056,2025-04-07,8,20,Central,Standard,Quarterly,1392.41,0.05,Yes,0,0,24.4,3.5,2025-12-14 07:37:46.591382062,11934.42,No
CUST01057,2025-01-14,11,56,North,Basic,Monthly,679.92,0.0,No,1,1,21.6,4.1,2025-12-09 21:59:50.536890108,8139.61,Yes
CUST01058,2024-05-17,19,32,South,Standard,Monthly,1129.78,0.0,Yes,4,0,22.5,3.4,2025-12-15 19:25:50.033885330,20441.19,No
CUST01059,2025-02-09,10,43,West,Standard,Monthly,1276.03,0.05,No,7,0,12.0,3.7,2025-12-10 13:21:11.321716577,12745.6,No
CUST01060,2023-07-18,29,18,West,Basic,Monthly,451.73,0.0,Yes,3,0,25.1,2.7,2025-12-26 15:43:51.629677361,12690.5,No
CUST01061,2023-06-12,30,39,South,Basic,Monthly,572.87,0.0,No,2,0,25.7,2.0,2025-12-23 16:06:01.569949316,17541.23,No
CUST01062,2025-05-30,7,38,South,Standard,Monthly,1106.42,0.05,Yes,1,1,25.4,4.2,2025-12-16 08:11:03.145539103,7411.33,No
CUST01063,2024-11-20,13,42,West,Basic,Monthly,526.94,0.0,No,1,1,38.6,2.5,2025-11-27 02:24:27.363388966,6885.67,Yes
CUST01064,2024-08-12,16,49,North,Premium,Monthly,1888.26,0.15,No,2,1,18.1,4.5,2025-12-10 12:35:22.512048340,28464.01,Yes
CUST01065,2024-01-01,23,42,East,Basic,Monthly,750.62,0.05,Yes,1,0,6.7,3.5,2025-12-02 23:11:22.498389886,17460.77,No
CUST01066,2023-09-04,27,53,East,Standard,Annual,996.45,0.0,Yes,0,0,37.2,3.3,2025-12-11 04:57:23.929281706,26372.1,No
CUST01067,2023-01-29,35,36,North,Basic,Quarterly,779.15,0.15,Yes,0,1,31.6,2.5,2025-12-20 18:33:34.670025366,27569.35,No
CUST01068,2025-06-19,6,23,North,Basic,Quarterly,676.74,0.0,No,4,0,17.0,3.6,2025-12-21 14:17:11.294304597,4470.06,No
CUST01069,2023-07-10,29,41,South,Standard,Quarterly,1334.84,0.0,Yes,1,1,23.0,3.8,2025-12-17 08:43:44.872984589,39891.28,No
CUST01070,2023-10-31,26,41,East,Standard,Annual,1159.12,0.15,No,1,1,49.2,4.2,2025-12-08 14:48:08.322506355,30281.55,No
CUST01071,2023-05-29,31,28,South,Premium,Quarterly,2072.02,0.0,Yes,6,0,12.9,3.7,2025-12-18 01:50:37.811454093,65256.96,No
CUST01072,2024-10-19,14,38,South,Standard,Monthly,1276.96,0.0,Yes,1,1,36.3,4.4,2025-12-12 07:48:44.173597225,17750.4,No
CUST01073,2023-10-23,26,37,East,Standard,Annual,1113.95,0.0,Yes,1,0,42.5,3.6,2025-12-21 23:44:42.904636184,28107.43,No
CUST01074,2023-12-05,24,27,Central,Basic,Annual,891.29,0.0,Yes,2,0,28.8,2.8,2025-12-30 00:00:00.000000000,20725.93,No
CUST01075,2024-04-24,20,25,North,Basic,Monthly,708.56,0.1,No,1,0,21.5,3.1,2025-12-14 22:48:05.622543945,14274.04,No
CUST01076,2023-03-29,33,52,East,Standard,Annual,1218.06,0.0,Yes,2,1,9.3,3.7,2025-12-21 17:50:35.541868638,39448.19,No
CUST01077,2024-06-10,18,38,West,Standard,Monthly,1576.34,0.0,Yes,1,1,47.1,3.7,2025-12-04 13:45:19.682475097,26924.71,No
CUST01078,2024-06-12,18,40,Central,Standard,Monthly,1120.57,0.0,Yes,2,1,35.9,5.0,2025-12-23 01:32:08.859358292,19886.67,No
CUST01079,2023-05-26,31,48,North,Basic,Monthly,609.32,0.0,Yes,2,0,2.0,5.0,2025-12-09 19:32:06.123927475,18524.73,No
CUST01080,2023-05-16,31,23,East,Basic,Monthly,597.84,0.0,No,0,2,27.5,4.6,2025-12-24 10:11:24.519340548,18336.35,No
CUST01081,2023-11-14,25,30,Central,Standard,Monthly,1353.14,0.05,No,5,0,20.0,3.1,2025-12-19 22:04:29.135275228,32945.49,No
CUST01082,2023-11-24,25,39,North,Standard,Monthly,1115.33,0.0,No,4,0,31.2,3.1,2025-12-20 00:49:59.407953010,27297.45,No
CUST01083,2023-08-31,28,46,East,Premium,Annual,1963.03,0.05,Yes,1,1,30.3,4.6,2025-12-25 17:00:46.014140351,53761.53,No
CUST01084,2023-02-05,34,38,Central,Basic,Quarterly,702.07,0.0,Yes,1,0,16.6,2.5,2025-12-15 19:22:54.964923629,23554.22,No
CUST01085,2024-01-04,23,34,West,Premium,Monthly,1910.47,0.0,Yes,2,0,17.5,4.8,2025-12-20 01:30:56.287476081,44067.11,No
CUST01086,2024-03-24,21,35,South,Standard,Monthly,1200.45,0.05,Yes,1,0,31.9,3.9,2025-12-18 13:04:11.507969278,26130.08,No
CUST01087,2024-02-10,22,35,West,Premium,Annual,1876.58,0.0,Yes,4,1,21.6,4.8,2025-12-24 01:23:52.260880045,42087.64,No
CUST01088,2025-05-11,7,41,East,Standard,Monthly,1225.19,0.15,No,2,0,32.6,3.7,2025-11-20 19:31:52.313904999,9595.78,Yes
CUST01089,2023-06-08,30,18,South,Basic,Monthly,707.69,0.1,Yes,1,0,30.0,3.2,2025-12-24 11:01:09.914429430,21319.86,No
CUST01090,2023-03-15,33,52,Central,Standard,Quarterly,1156.94,0.05,No,2,2,28.3,2.9,2025-12-22 04:35:40.331926727,37489.02,No
CUST01091,2024-11-28,13,25,South,Standard,Monthly,1384.85,0.0,Yes,2,0,30.3,3.5,2025-12-07 17:55:29.341758136,18715.67,No
CUST01092,2024-07-11,17,35,North,Basic,Monthly,635.83,0.0,Yes,1,0,27.1,2.2,2025-12-18 13:01:18.895105388,11350.71,No
CUST01093,2025-05-30,7,40,North,Basic,Monthly,586.84,0.05,No,2,0,14.1,3.6,2025-12-03 12:00:28.482479496,3684.5,Yes
CUST01094,2023-05-18,31,23,South,Basic,Annual,781.53,0.05,No,1,1,44.4,3.6,2025-12-10 22:41:32.905298461,23811.68,Yes
CUST01095,2024-10-03,14,24,Central,Basic,Monthly,624.59,0.1,Yes,2,2,40.7,2.9,2025-12-01 11:10:32.913038476,8691.32,Yes
CUST01096,2023-01-17,35,33,West,Premium,Annual,2096.49,0.0,No,3,2,31.3,3.6,2025-12-15 21:43:17.045005089,72935.88,No
CUST01097,2024-10-17,14,32,East,Standard,Annual,1373.1,0.1,Yes,3,1,35.0,2.4,2025-12-07 23:18:54.829174015,19791.29,No
CUST01098,2024-05-09,19,37,North,Basic,Annual,515.12,0.1,No,1,2,2.0,5.0,2025-12-30 00:00:00.000000000,9439.06,No
CUST01099,2024-09-10,15,33,East,Basic,Monthly,603.68,0.0,Yes,6,2,19.7,2.5,2025-12-04 05:12:57.269181793,9495.13,No
CUST01100,2023-08-07,28,40,Central,Standard,Monthly,1143.06,0.0,No,4,0,33.7,3.5,2025-12-27 13:20:28.438909268,32204.34,No
CUST01101,2024-09-25,15,38,East,Premium,Annual,1961.36,0.0,Yes,2,1,25.5,2.6,2025-12-07 02:15:49.930396946,28167.83,Yes
CUST01102,2023-02-05,34,27,North,Basic,Monthly,671.13,0.0,Yes,1,2,9.2,3.8,2025-12-09 21:37:19.483016518,23424.7,Yes
CUST01103,2023-01-20,35,32,Central,Basic,Quarterly,717.58,0.0,No,0,0,26.5,2.2,2025-12-28 21:50:47.190514972,25712.16,No
CUST01104,2023-03-11,33,37,Central,Basic,Monthly,745.81,0.05,Yes,6,0,9.3,2.1,2025-12-24 07:02:39.693911851,23953.46,No
CUST01105,2025-04-25,8,24,West,Premium,Monthly,1950.59,0.0,Yes,3,0,23.8,3.4,2025-12-24 23:48:23.415855921,13923.52,No
CUST01106,2024-08-01,16,19,West,Standard,Monthly,1064.29,0.0,No,2,0,22.9,3.3,2025-12-14 02:06:52.103749557,16955.93,No
CUST01107,2024-04-25,20,30,East,Standard,Monthly,1071.05,0.0,Yes,3,2,18.6,4.4,2025-12-21 05:35:43.039173642,21120.34,No
CUST01108,2025-01-14,11,29,East,Basic,Annual,768.49,0.0,No,4,0,36.3,3.4,2025-12-14 01:27:08.843457255,7827.01,No
CUST01109,2025-03-17,9,21,Central,Standard,Monthly,1262.77,0.05,No,5,1,19.8,3.6,2025-12-20 16:10:40.469243820,10222.23,No
CUST01110,2023-02-01,34,24,South,Basic,Quarterly,638.08,0.1,Yes,4,3,25.6,4.3,2025-12-14 04:43:15.145623141,21986.39,No
CUST01111,2024-06-07,18,52,Central,Standard,Quarterly,1257.28,0.0,No,1,1,44.4,4.8,2025-12-17 13:40:14.802409451,23307.06,No
CUST01112,2024-12-27,12,40,Central,Premium,Monthly,1685.88,0.0,Yes,3,0,27.2,4.1,2025-12-20 06:43:38.616690366,21598.34,No
CUST01113,2025-04-11,8,35,East,Basic,Quarterly,706.87,0.0,No,2,2,35.4,3.1,2025-12-07 19:28:44.662460304,4983.24,No
CUST01114,2023-01-22,35,50,North,Premium,Monthly,2120.39,0.05,No,3,0,16.8,3.3,2025-12-29 20:20:50.374298026,74015.4,No
CUST01115,2025-02-06,10,50,West,Basic,Monthly,744.95,0.05,Yes,0,0,26.6,3.7,2025-12-17 04:35:46.966943395,8076.85,No
CUST01116,2024-07-09,17,32,North,Standard,Monthly,1210.22,0.0,No,2,0,32.3,2.8,2025-12-20 02:06:58.916575152,19542.57,No
CUST01117,2023-01-02,35,56,North,Basic,Annual,646.23,0.1,No,1,0,39.5,4.0,2025-12-26 02:38:13.255147133,22807.71,No
CUST01118,2024-10-16,14,24,North,Standard,Monthly,1275.74,0.0,Yes,3,0,23.0,3.4,2025-12-09 09:00:59.403381809,18536.36,No
CUST01119,2024-08-17,16,18,West,Standard,Monthly,1157.15,0.1,Yes,0,0,43.3,3.7,2025-12-20 12:45:49.137207509,18744.17,No
CUST01120,2024-03-15,21,25,South,Standard,Monthly,1383.47,0.0,Yes,1,0,18.8,4.4,2025-11-30 17:39:02.120361109,28912.15,Yes
CUST01121,2023-06-13,30,42,North,Standard,Quarterly,1045.25,0.0,No,3,0,30.2,2.5,2025-12-13 14:29:08.539745681,32212.41,No
CUST01122,2023-05-19,31,38,North,Standard,Monthly,1174.86,0.0,No,2,1,17.6,4.5,2025-12-25 05:53:06.981809352,37271.98,No
CUST01123,2025-01-08,11,58,North,Standard,Monthly,1289.58,0.0,Yes,2,3,28.7,3.6,2025-12-26 22:55:05.870133624,13151.52,No
CUST01124,2024-09-26,15,53,West,Basic,Quarterly,683.6,0.0,Yes,2,0,42.8,4.0,2025-12-18 00:15:19.888566357,9830.56,No
CUST01125,2024-11-20,13,36,Central,Standard,Annual,1165.72,0.0,Yes,2,2,27.2,3.4,2025-12-28 22:25:51.966120078,14786.34,No
CUST01126,2023-01-07,35,26,West,Basic,Annual,731.36,0.0,No,4,0,20.8,2.4,2025-12-16 16:20:42.617867649,25945.35,No
CUST01127,2023-09-24,27,23,East,Basic,Quarterly,771.86,0.15,Yes,2,1,40.8,4.0,2025-12-22 20:07:42.782412035,21138.36,No
CUST01128,2023-06-24,30,43,Central,Premium,Monthly,1814.53,0.0,Yes,1,1,9.5,2.7,2025-12-21 04:10:59.573168755,55415.95,No
CUST01129,2025-04-05,8,26,West,Premium,Monthly,1789.42,0.15,Yes,2,3,26.5,3.6,2025-12-18 21:52:18.177046574,12573.59,No
CUST01130,2024-09-21,15,36,Central,Premium,Annual,1952.58,0.1,No,3,0,35.2,4.7,2025-12-14 01:00:33.384341207,28087.42,No
CUST01131,2025-05-28,7,32,West,Basic,Quarterly,760.47,0.0,Yes,1,0,34.3,3.5,2025-12-30 00:00:00.000000000,4833.95,No
CUST01132,2025-06-29,6,40,East,Basic,Quarterly,725.0,0.05,No,1,2,39.2,3.9,2025-12-02 03:09:10.966498909,4840.0,Yes
CUST01133,2024-06-03,18,57,West,Basic,Monthly,721.76,0.15,Yes,2,0,20.3,4.7,2025-12-23 02:59:45.160088600,13128.04,No
CUST01134,2023-11-16,25,37,South,Premium,Monthly,1986.05,0.1,Yes,4,1,23.5,4.5,2025-12-11 02:56:50.493077316,48299.73,No
CUST01135,2023-08-10,28,53,South,Standard,Monthly,1496.95,0.0,No,2,2,27.5,2.7,2025-12-09 13:40:22.645513134,41572.69,No
CUST01136,2023-04-17,32,32,East,Premium,Monthly,2010.1,0.1,Yes,3,0,21.7,2.2,2025-12-16 02:00:09.482751119,64857.51,No
CUST01137,2023-06-23,30,21,West,Premium,Quarterly,2047.55,0.0,Yes,3,1,34.0,3.8,2025-12-15 22:15:32.130158714,59931.26,No
CUST01138,2025-05-06,7,45,West,Standard,Quarterly,1308.65,0.05,Yes,3,1,27.7,3.9,2025-12-13 09:36:58.093859492,8680.83,No
CUST01139,2023-02-14,34,18,West,Premium,Quarterly,2125.86,0.05,Yes,3,1,19.5,3.4,2025-12-13 07:49:25.395858959,70786.49,No
CUST01140,2024-12-13,12,40,West,Standard,Monthly,1089.25,0.0,No,0,1,37.6,3.3,2025-12-20 23:58:02.709718246,13096.37,No
CUST01141,2025-06-07,6,28,South,Premium,Monthly,1634.85,0.05,No,1,0,42.2,3.9,2025-11-28 03:31:00.086204496,9240.73,Yes
CUST01142,2023-08-06,28,29,North,Standard,Monthly,1410.84,0.0,Yes,1,0,26.2,4.2,2025-12-28 16:42:51.820945350,39411.62,No
CUST01143,2024-06-27,18,23,West,Standard,Monthly,1116.46,0.15,Yes,3,0,25.3,4.0,2025-12-26 07:15:12.534480827,19460.19,No
CUST01144,2025-03-20,9,34,East,Basic,Monthly,736.23,0.1,Yes,3,0,23.8,3.2,2025-12-30 00:00:00.000000000,6925.83,No
CUST01145,2025-05-24,7,25,Central,Premium,Monthly,1888.32,0.05,Yes,1,1,35.0,2.7,2025-12-20 23:55:32.698117992,12671.55,No
CUST01146,2023-03-30,33,24,East,Premium,Monthly,1906.78,0.0,Yes,0,2,21.5,3.7,2025-12-16 00:11:37.004598819,62116.24,No
CUST01147,2024-08-13,16,34,North,Standard,Monthly,1180.6,0.0,Yes,5,0,22.7,2.1,2025-12-11 16:40:48.720960956,19811.08,Yes
CUST01148,2024-07-23,17,44,Central,Standard,Monthly,1200.23,0.0,Yes,2,2,2.0,3.6,2025-12-21 09:16:36.266175999,19248.66,No
CUST01149,2023-12-02,24,38,South,Premium,Monthly,2022.99,0.0,No,1,1,33.4,3.0,2025-12-03 22:42:01.110987867,50161.77,No
CUST01150,2024-06-06,18,38,North,Standard,Quarterly,1204.86,0.0,Yes,1,2,28.4,3.6,2025-12-10 16:23:32.290897062,20876.78,No
CUST01151,2024-02-22,22,21,Central,Premium,Annual,1737.79,0.05,Yes,2,1,21.4,4.1,2025-12-11 11:28:15.549884498,39132.37,No
CUST01152,2023-03-16,33,38,Central,Premium,Quarterly,1737.13,0.0,No,2,1,40.0,4.1,2025-11-17 06:38:38.419880223,56481.5,Yes
CUST01153,2024-10-01,14,32,East,Basic,Quarterly,804.01,0.05,Yes,8,1,32.5,3.0,2025-12-13 03:12:43.135756336,11710.09,No
CUST01154,2023-08-23,28,37,South,Premium,Monthly,1940.78,0.05,Yes,1,1,27.9,3.2,2025-12-29 11:16:29.560014302,56090.72,No
CUST01155,2023-11-01,25,32,South,Standard,Annual,1084.5,0.0,No,1,1,29.5,2.8,2025-12-11 23:14:42.620350422,26641.06,No
CUST01156,2024-04-20,20,23,West,Basic,Quarterly,677.15,0.05,No,3,0,23.8,4.9,2025-12-18 07:23:52.432612858,13251.85,No
CUST01157,2025-03-23,9,35,Central,Standard,Monthly,1291.77,0.0,Yes,1,1,14.3,3.6,2025-12-22 01:18:14.161225251,10982.43,No
CUST01158,2023-02-19,34,18,Central,Standard,Monthly,1070.18,0.05,Yes,0,2,35.9,2.2,2025-12-28 14:58:40.467291284,36715.07,No
CUST01159,2023-01-30,35,41,East,Standard,Quarterly,1100.58,0.15,No,2,1,26.7,3.3,2025-12-26 01:07:03.984715774,38049.44,No
CUST01160,2025-03-10,9,51,West,Basic,Monthly,602.54,0.0,Yes,1,0,23.1,3.7,2025-11-24 03:50:53.036360927,5912.33,Yes
CUST01161,2023-01-09,35,44,South,Standard,Monthly,1264.81,0.0,No,4,0,33.2,2.7,2025-12-11 11:47:48.971667673,43404.93,No
CUST01162,2023-09-12,27,18,South,Premium,Annual,1996.15,0.1,Yes,3,0,28.0,3.9,2025-11-26 05:49:42.460913888,53276.48,Yes
CUST01163,2024-09-16,15,26,South,Basic,Quarterly,688.43,0.05,No,1,0,36.2,3.8,2025-12-30 00:00:00.000000000,10094.99,No
CUST01164,2025-01-31,10,36,Central,Basic,Monthly,783.66,0.15,Yes,2,2,20.3,2.8,2025-12-07 21:17:20.716262123,8007.47,No
CUST01165,2024-04-01,20,30,East,Basic,Monthly,683.1,0.05,No,0,0,41.3,5.0,2025-12-06 01:02:25.097748519,14161.94,Yes
CUST01166,2024-08-22,16,32,East,Premium,Annual,2013.14,0.0,No,5,0,19.2,2.8,2025-12-10 09:12:17.215859575,31836.18,No
CUST01167,2023-09-13,27,37,South,Premium,Monthly,2056.39,0.1,Yes,4,0,26.2,2.6,2025-12-09 07:44:41.807748109,54315.06,No
CUST01168,2023-10-20,26,22,North,Standard,Monthly,1298.27,0.0,No,4,1,5.9,4.2,2025-12-25 04:34:38.497354784,32888.1,No
CUST01169,2024-03-12,21,37,East,Standard,Monthly,1118.27,0.05,Yes,0,1,39.3,4.2,2025-12-08 17:00:45.206468485,24538.03,Yes
CUST01170,2024-07-28,17,39,North,Standard,Monthly,1199.81,0.0,Yes,3,0,13.0,2.8,2025-12-20 09:23:38.360750531,19198.72,No
CUST01171,2024-02-05,22,41,Central,Basic,Monthly,900.31,0.05,No,0,0,42.2,3.1,2025-12-11 02:19:33.031268400,19079.26,No
CUST01172,2025-06-20,6,22,North,Standard,Annual,1278.96,0.05,No,1,1,17.0,3.7,2025-12-30 00:00:00.000000000,6740.53,No
CUST01173,2025-01-05,11,37,Central,Basic,Quarterly,725.96,0.15,Yes,2,1,36.3,2.5,2025-12-18 15:43:05.954418198,7487.73,No
CUST01174,2025-03-21,9,35,West,Standard,Annual,1209.1,0.05,No,6,1,11.5,2.7,2025-12-12 00:36:42.387139417,11353.02,No
CUST01175,2025-05-01,8,42,North,Premium,Monthly,2193.04,0.0,Yes,4,0,21.0,4.0,2025-12-15 18:17:11.060497292,16650.55,No
CUST01176,2023-11-29,25,18,West,Basic,Quarterly,731.0,0.05,Yes,2,0,27.5,2.9,2025-12-03 20:09:12.281865769,17577.24,No
CUST01177,2023-08-19,28,23,South,Premium,Quarterly,1927.04,0.1,Yes,0,0,15.3,4.0,2025-12-23 09:06:38.222528395,53314.62,No
CUST01178,2023-02-19,34,24,Central,Basic,Monthly,619.93,0.0,No,4,1,41.1,3.9,2025-12-13 08:58:44.798046952,20994.56,No
CUST01179,2024-07-27,17,40,East,Basic,Annual,609.13,0.0,No,1,0,32.6,4.1,2025-12-25 01:19:23.533388248,10064.68,No
CUST01180,2024-05-12,19,24,North,Basic,Annual,672.74,0.05,Yes,2,0,20.7,4.4,2025-12-02 13:05:40.238937744,13103.19,No
CUST01181,2024-04-05,20,18,East,Basic,Monthly,608.45,0.0,Yes,2,2,27.3,4.0,2025-12-14 07:21:50.032121965,12067.76,No
CUST01182,2024-03-13,21,24,Central,Standard,Annual,1141.38,0.05,Yes,1,0,42.1,2.4,2025-12-19 04:30:17.759720630,24095.32,No
CUST01183,2024-02-23,22,40,South,Standard,Monthly,1245.85,0.0,Yes,2,1,32.0,4.1,2025-12-07 12:15:56.240201434,28039.86,Yes
CUST01184,2024-09-16,15,53,Central,Standard,Monthly,1263.14,0.0,Yes,0,0,13.2,4.4,2025-12-13 06:19:34.038800879,18609.96,No
CUST01185,2024-12-10,12,47,South,Premium,Monthly,2119.78,0.0,Yes,2,1,23.8,4.5,2025-12-14 19:20:34.942154825,24272.74,No
CUST01186,2023-03-22,33,41,South,Standard,Monthly,1107.11,0.05,No,1,0,45.3,3.5,2025-12-11 04:31:25.917282475,35872.15,No
CUST01187,2024-11-06,13,19,West,Premium,Quarterly,2004.3,0.0,No,1,1,20.7,3.8,2025-12-14 10:16:57.208396213,25814.14,No
CUST01188,2025-04-16,8,36,North,Basic,Monthly,643.59,0.05,Yes,5,1,27.6,3.1,2025-12-11 14:33:19.398669930,5447.02,No
CUST01189,2024-06-22,18,34,West,Premium,Annual,2082.15,0.1,No,0,2,18.9,3.3,2025-12-30 00:00:00.000000000,36581.15,No
CUST01190,2024-03-05,21,40,Central,Basic,Monthly,731.62,0.0,Yes,3,1,24.0,3.8,2025-12-11 18:26:59.196357537,15096.57,No
CUST01191,2025-02-24,10,32,East,Standard,Monthly,1232.81,0.0,No,1,2,30.4,4.3,2025-12-14 17:30:21.304388970,11443.48,No
CUST01192,2025-03-30,9,38,East,Basic,Monthly,558.64,0.05,Yes,1,1,22.9,3.5,2025-12-16 04:37:33.734486923,4655.18,No
CUST01193,2024-02-29,22,23,North,Standard,Monthly,1192.13,0.05,Yes,1,0,25.2,3.4,2025-12-21 04:43:57.519832763,25557.05,No
CUST01194,2023-03-27,33,31,North,Basic,Monthly,827.69,0.0,Yes,4,0,35.1,1.4,2025-12-18 01:35:24.039546335,26829.07,Yes
CUST01195,2024-12-09,12,28,Central,Basic,Quarterly,836.34,0.0,Yes,4,0,32.3,2.9,2025-12-25 18:52:26.723093123,10368.69,No
CUST01196,2024-12-23,12,47,North,Basic,Quarterly,592.53,0.0,Yes,0,0,25.6,3.1,2025-12-12 17:46:06.333214723,7029.95,No
CUST01197,2023-08-14,28,18,West,Basic,Monthly,779.53,0.0,Yes,2,0,30.4,3.8,2025-12-13 13:07:34.870560059,22352.01,No
CUST01198,2024-05-30,19,18,East,Basic,Monthly,800.99,0.1,No,0,0,30.0,5.0,2025-12-10 07:03:20.764080597,14466.44,Yes
CUST01199,2024-12-04,12,36,Central,Premium,Monthly,2044.8,0.05,Yes,4,0,23.7,2.8,2025-12-09 05:29:32.076543411,26392.32,No
CUST01200,2023-12-01,25,29,North,Standard,Quarterly,1032.13,0.05,Yes,0,1,21.0,2.8,2025-12-18 10:22:11.007240082,25883.21,No
CUST01201,2025-02-10,10,52,Central,Standard,Quarterly,1174.3,0.0,No,4,0,24.1,2.3,2025-12-20 08:56:53.842941811,12228.3,No
CUST01202,2024-07-15,17,37,North,Standard,Annual,1239.66,0.1,Yes,1,1,41.2,2.7,2025-12-03 03:50:29.170719197,20781.18,No
CUST01203,2024-10-08,14,33,West,Standard,Monthly,1542.53,0.05,No,1,0,5.1,3.7,2025-12-14 18:35:08.420472716,22977.68,No
CUST01204,2023-03-28,33,26,East,Basic,Quarterly,552.21,0.0,Yes,5,1,18.2,2.6,2025-12-17 22:24:21.949717070,18743.29,No
CUST01205,2024-04-22,20,36,South,Premium,Quarterly,1930.65,0.1,Yes,4,0,30.7,2.7,2025-12-17 05:48:25.420101518,40303.09,No
CUST01206,2024-03-15,21,41,Central,Basic,Monthly,717.5,0.0,No,3,0,13.8,3.5,2025-12-14 01:43:57.320668062,15729.78,No
CUST01207,2024-12-12,12,31,East,Standard,Monthly,1273.38,0.0,No,3,1,28.1,4.4,2025-12-26 22:49:18.045997453,14911.47,No
CUST01208,2023-11-18,25,34,Central,Premium,Annual,2050.15,0.0,Yes,1,1,24.9,4.5,2025-12-21 10:34:05.999194526,52615.5,No
CUST01209,2024-08-12,16,36,North,Standard,Quarterly,1032.25,0.0,Yes,3,0,37.1,4.2,2025-12-20 09:45:33.556291373,16809.86,No
CUST01210,2025-05-01,8,18,South,Standard,Annual,1225.95,0.05,No,4,0,19.8,3.7,2025-12-24 23:52:44.195876231,11028.65,No
CUST01211,2023-04-13,32,18,Central,Standard,Annual,1045.98,0.0,Yes,2,0,29.7,4.6,2025-12-26 01:19:03.252223163,32601.11,No
CUST01212,2023-07-16,29,40,Central,Standard,Monthly,1313.91,0.1,No,1,2,28.8,3.2,2025-12-15 05:30:14.126826180,37849.26,No
CUST01213,2023-02-27,34,40,East,Basic,Monthly,723.34,0.15,Yes,1,1,23.9,1.6,2025-12-13 12:02:59.821837642,24894.23,No
CUST01214,2023-07-28,29,36,East,Standard,Quarterly,1146.96,0.0,Yes,1,1,23.7,3.2,2025-12-21 16:56:52.085912427,33961.36,No
CUST01215,2023-02-06,34,35,East,Premium,Quarterly,2077.34,0.0,No,2,0,29.8,3.2,2025-12-13 16:02:51.486741327,71914.32,No
CUST01216,2023-03-17,33,39,Central,Premium,Monthly,1858.68,0.05,Yes,7,0,18.4,2.5,2025-12-23 07:23:26.314843137,62959.73,No
CUST01217,2023-07-31,29,27,North,Standard,Monthly,1177.63,0.0,Yes,1,2,18.3,2.4,2025-12-25 06:25:49.636873172,33451.95,No
CUST01218,2024-12-13,12,28,West,Basic,Annual,511.09,0.0,Yes,2,1,22.8,3.1,2025-12-05 01:17:25.571947759,5772.59,No
CUST01219,2025-04-11,8,39,Central,Basic,Quarterly,617.74,0.05,No,3,0,18.0,3.6,2025-12-12 07:51:41.900298993,5174.8,No
CUST01220,2025-05-16,7,23,South,Basic,Monthly,904.84,0.0,Yes,5,0,28.9,2.7,2025-12-15 03:51:50.448510153,5736.33,No
CUST01221,2024-05-23,19,34,East,Basic,Monthly,777.3,0.1,Yes,1,2,29.5,3.7,2025-12-14 15:19:07.989687414,14120.57,No
CUST01222,2023-12-02,24,38,South,Basic,Quarterly,788.27,0.15,Yes,3,0,22.6,4.6,2025-12-05 22:02:50.472458541,18929.08,Yes
CUST01223,2024-03-20,21,26,South,Standard,Monthly,1410.21,0.05,Yes,0,0,26.2,3.8,2025-11-29 06:00:29.980475378,29645.15,Yes
CUST01224,2024-09-08,15,48,Central,Premium,Annual,1743.41,0.0,No,3,1,29.1,4.2,2025-12-08 22:21:12.852611522,26917.33,Yes
CUST01225,2023-05-12,31,39,South,Basic,Monthly,660.86,0.1,Yes,0,0,26.3,2.3,2025-12-20 15:14:49.485087215,20990.62,No
CUST01226,2024-05-24,19,35,West,Basic,Monthly,634.52,0.05,Yes,1,1,28.5,3.3,2025-12-10 20:11:51.696309100,12688.0,No
CUST01227,2024-10-27,14,27,East,Standard,Monthly,1253.94,0.05,Yes,1,1,30.9,3.2,2025-12-28 06:15:21.832336740,18219.56,No
CUST01228,2024-04-21,20,45,Central,Standard,Monthly,884.58,0.0,Yes,4,0,29.1,3.1,2025-12-23 06:40:26.725846409,17717.2,No
CUST01229,2024-10-04,14,28,North,Standard,Monthly,1293.29,0.05,Yes,4,0,22.3,4.5,2025-12-30 00:00:00.000000000,17241.77,No
CUST01230,2024-11-04,13,50,South,Basic,Quarterly,501.83,0.0,Yes,4,1,26.5,3.9,2025-12-04 09:29:31.710817951,6786.35,No
CUST01231,2023-04-16,32,52,North,Basic,Annual,674.55,0.1,No,1,1,11.7,2.7,2025-12-15 08:38:22.015659288,22005.38,No
CUST01232,2023-04-18,32,32,East,Standard,Monthly,1076.02,0.0,No,1,1,25.7,3.7,2025-12-30 00:00:00.000000000,35103.94,No
CUST01233,2023-08-11,28,45,South,Basic,Monthly,622.47,0.05,Yes,2,0,41.2,3.2,2025-12-27 13:01:36.284514287,18010.83,No
CUST01234,2025-04-11,8,58,South,Standard,Monthly,1300.64,0.05,Yes,3,0,21.6,2.7,2025-12-14 14:15:08.612195245,10186.64,No
CUST01235,2025-05-04,7,41,South,Basic,Monthly,717.33,0.1,No,3,0,18.0,2.7,2025-12-17 00:06:47.431183784,4817.79,No
CUST01236,2023-01-26,35,35,North,Standard,Monthly,1203.8,0.05,Yes,0,0,17.1,3.3,2025-12-17 04:07:56.934500048,42377.12,No
CUST01237,2023-09-02,27,45,South,Standard,Quarterly,1509.08,0.0,Yes,2,0,32.5,4.7,2025-12-12 07:23:31.411715165,41038.18,No
CUST01238,2025-03-20,9,34,Central,Standard,Quarterly,1116.99,0.0,No,1,1,24.1,3.6,2025-12-16 10:10:47.541853022,9007.7,No
CUST01239,2025-05-04,7,40,North,Basic,Quarterly,609.11,0.0,Yes,2,0,36.7,3.0,2025-12-30 00:00:00.000000000,4712.25,No
CUST01240,2023-08-24,28,24,West,Standard,Monthly,1171.56,0.0,No,2,1,50.4,3.5,2025-12-19 10:06:34.372689178,32357.38,No
CUST01241,2024-01-27,23,31,West,Basic,Monthly,697.47,0.05,Yes,4,1,10.8,3.0,2025-12-29 18:38:02.518868199,15347.28,No
CUST01242,2024-06-20,18,39,West,Standard,Annual,1287.28,0.0,Yes,0,0,40.0,4.7,2025-12-27 04:24:52.189986007,22872.34,No
CUST01243,2023-08-12,28,36,West,Premium,Annual,1852.42,0.0,No,3,0,16.3,5.0,2025-12-07 23:34:23.510830449,50950.2,Yes
CUST01244,2023-03-03,33,34,Central,Premium,Quarterly,2162.72,0.0,Yes,3,0,29.4,4.1,2025-12-21 07:36:50.140791767,70112.96,No
CUST01245,2023-03-16,33,27,East,Standard,Monthly,1252.61,0.0,Yes,1,0,10.5,4.1,2025-12-16 12:49:37.616000299,41861.67,No
CUST01246,2024-07-24,17,27,West,Standard,Monthly,1049.6,0.0,No,5,0,22.3,2.5,2025-12-17 15:49:40.301635858,17292.47,No
CUST01247,2025-01-21,11,39,Central,Standard,Monthly,1184.72,0.05,Yes,4,1,20.6,3.3,2025-12-19 18:40:23.108699229,11986.99,No
CUST01248,2024-06-27,18,35,East,Premium,Monthly,2027.12,0.0,Yes,3,2,12.3,3.5,2025-12-21 21:15:00.067301966,37251.11,No
CUST01249,2025-06-13,6,40,South,Standard,Quarterly,1232.98,0.0,Yes,2,1,22.3,3.7,2025-12-11 01:39:13.804544379,6515.63,No
CUST01250,2024-10-27,14,32,South,Premium,Quarterly,1976.0,0.0,No,1,1,42.0,3.5,2025-12-29 08:11:43.848938138,28144.57,No
CUST01251,2024-08-21,16,30,West,Basic,Monthly,712.54,0.0,No,1,0,32.4,3.3,2025-12-10 02:52:36.329860183,11588.0,Yes
CUST01252,2025-03-15,9,27,West,Standard,Monthly,1160.73,0.1,No,0,0,27.5,3.0,2025-11-20 17:06:48.653588469,10671.31,Yes
CUST01253,2023-12-09,24,43,North,Basic,Monthly,689.87,0.0,Yes,2,0,27.7,2.5,2025-12-21 22:48:51.583092685,15942.97,No
CUST01254,2024-08-30,16,31,East,Basic,Annual,811.38,0.0,No,6,0,22.2,2.6,2025-12-05 00:15:25.960919579,13529.56,Yes
CUST01255,2024-08-29,16,27,West,Standard,Monthly,1105.54,0.0,No,3,1,27.6,3.4,2025-12-08 15:02:22.483219267,18568.65,No
CUST01256,2024-03-29,21,46,South,Premium,Quarterly,1850.05,0.05,No,3,0,19.0,3.4,2025-12-27 04:22:28.063523482,38414.7,No
CUST01257,2024-11-26,13,28,South,Standard,Annual,1064.33,0.0,Yes,4,0,25.7,4.1,2025-11-28 12:00:04.557053019,14896.71,Yes
CUST01258,2024-10-30,14,42,South,Standard,Monthly,1367.49,0.1,No,1,3,18.1,3.4,2025-12-13 00:36:38.072838638,17925.91,Yes
CUST01259,2024-07-02,17,47,North,Basic,Quarterly,576.56,0.1,Yes,2,0,37.5,3.7,2025-12-30 00:00:00.000000000,9521.03,No
CUST01260,2023-09-29,27,48,North,Basic,Annual,864.47,0.0,Yes,2,0,32.1,3.1,2025-12-06 06:50:52.801263399,22937.81,No
CUST01261,2023-07-28,29,18,West,Standard,Monthly,1351.13,0.05,No,0,1,34.6,4.4,2025-11-25 01:35:53.102593499,39985.15,Yes
CUST01262,2023-06-23,30,29,East,Premium,Quarterly,1844.55,0.1,Yes,2,1,21.1,3.5,2025-12-19 14:12:57.326362549,54046.05,No
CUST01263,2024-06-17,18,38,North,Premium,Annual,1716.37,0.05,Yes,1,0,22.9,3.6,2025-12-28 17:05:18.903834289,30510.71,No
CUST01264,2025-02-09,10,34,West,Basic,Monthly,760.46,0.0,Yes,1,0,41.5,3.6,2025-12-09 18:28:14.412740016,7798.23,No
CUST01265,2024-10-23,14,29,South,Standard,Monthly,1081.95,0.0,Yes,2,0,16.5,3.2,2025-12-07 10:22:56.112312407,16225.33,Yes
CUST01266,2023-01-30,35,51,South,Premium,Quarterly,1531.37,0.05,Yes,3,3,33.1,3.8,2025-12-30 00:00:00.000000000,53220.07,No
CUST01267,2024-05-31,19,26,Central,Premium,Monthly,1795.79,0.05,Yes,1,0,46.9,4.0,2025-12-27 20:57:49.430349692,35084.27,No
CUST01268,2024-01-02,23,18,Central,Basic,Monthly,610.7,0.1,Yes,2,1,16.1,4.5,2025-12-11 22:11:29.492656688,13864.62,No
CUST01269,2023-05-30,31,29,West,Standard,Monthly,1173.8,0.05,No,1,1,13.1,3.0,2025-12-01 00:00:22.055850487,35592.9,No
CUST01270,2023-11-13,25,24,North,Standard,Annual,1163.85,0.05,No,0,0,49.5,2.9,2025-12-21 10:31:47.570137934,29301.71,No
CUST01271,2025-03-24,9,31,North,Basic,Monthly,857.84,0.0,Yes,3,0,37.0,3.3,2025-12-12 00:18:50.336355779,8397.92,No
CUST01272,2023-02-19,34,28,North,Basic,Monthly,715.77,0.05,No,3,0,32.0,3.0,2025-11-15 19:20:09.135083167,24335.34,Yes
CUST01273,2023-11-24,25,27,East,Basic,Annual,770.81,0.0,Yes,0,0,28.1,5.0,2025-12-30 00:00:00.000000000,19217.58,No
CUST01274,2023-10-04,26,18,Central,Standard,Quarterly,1281.01,0.0,No,1,0,18.7,3.0,2025-12-23 15:59:10.054683359,33630.5,No
CUST01275,2024-12-25,12,55,Central,Standard,Quarterly,1142.8,0.0,Yes,0,2,17.8,4.2,2025-12-22 19:10:42.967839925,12649.63,No
CUST01276,2025-04-26,8,31,East,Basic,Quarterly,764.85,0.1,Yes,1,0,27.2,3.5,2025-11-14 12:08:15.450379910,5463.78,Yes
CUST01277,2023-11-19,25,23,South,Basic,Monthly,803.73,0.15,No,0,0,27.0,3.0,2025-12-15 04:37:44.577173698,19316.24,No
CUST01278,2023-02-17,34,27,East,Basic,Annual,797.12,0.1,Yes,1,0,35.1,3.2,2025-12-17 13:14:30.339117494,26410.0,No
CUST01279,2024-06-04,18,24,Central,Basic,Monthly,771.59,0.05,No,2,0,26.5,2.7,2025-12-12 16:06:13.073692021,14638.72,No
CUST01280,2024-08-06,16,40,West,Standard,Annual,1339.36,0.0,Yes,3,1,7.8,3.0,2025-12-30 00:00:00.000000000,21479.78,No
CUST01281,2024-06-18,18,27,West,Standard,Annual,1330.5,0.0,Yes,4,1,25.1,2.1,2025-12-30 00:00:00.000000000,22814.49,No
CUST01282,2023-06-16,30,22,South,Standard,Monthly,1185.87,0.05,Yes,2,0,28.9,2.8,2025-12-19 07:31:22.661172115,35864.65,No
CUST01283,2025-02-20,10,39,West,Standard,Monthly,1319.0,0.05,Yes,6,0,20.2,3.8,2025-12-01 05:16:56.887714088,12225.94,Yes
CUST01284,2025-02-20,10,32,West,Basic,Monthly,578.48,0.05,Yes,3,1,24.3,3.6,2025-12-14 21:05:33.863076154,5903.35,No
CUST01285,2024-02-13,22,55,Central,Basic,Quarterly,648.76,0.05,No,2,0,39.8,3.3,2025-12-24 05:19:16.580053618,14396.77,No
CUST01286,2025-02-21,10,18,East,Standard,Quarterly,1288.28,0.0,Yes,2,1,33.9,3.9,2025-12-27 20:19:57.890849077,12378.06,No
CUST01287,2023-03-22,33,18,Central,Standard,Monthly,969.16,0.0,No,4,0,28.1,2.4,2025-12-26 13:15:51.142514821,32194.85,No
CUST01288,2023-01-07,35,38,East,Basic,Monthly,593.31,0.0,Yes,2,0,26.1,3.8,2025-12-09 06:36:45.799166103,20536.65,No
CUST01289,2024-10-30,14,29,West,Premium,Quarterly,1896.77,0.0,Yes,1,0,6.3,3.5,2025-12-09 16:06:54.071679952,25873.07,No
CUST01290,2023-11-03,25,45,South,Standard,Quarterly,1232.22,0.0,No,1,1,19.0,4.4,2025-12-30 00:00:00.000000000,31860.14,No
CUST01291,2023-02-08,34,30,East,Basic,Monthly,736.72,0.1,Yes,1,0,33.3,3.7,2025-12-15 13:46:48.776409463,24513.47,No
CUST01292,2024-07-28,17,43,West,Premium,Quarterly,1742.85,0.0,Yes,2,0,22.1,3.5,2025-12-24 10:40:02.342934060,30329.5,No
CUST01293,2025-06-07,6,24,North,Basic,Monthly,977.38,0.0,Yes,1,0,30.1,3.9,2025-12-18 21:24:58.037925439,5816.37,No
CUST01294,2024-10-06,14,41,North,Standard,Monthly,1185.49,0.0,No,0,2,15.7,2.1,2025-12-17 18:44:27.995002078,15498.58,No
CUST01295,2025-03-26,9,20,East,Basic,Quarterly,671.43,0.0,No,1,1,22.3,4.7,2025-12-21 18:42:04.196703531,5712.09,No
CUST01296,2024-05-09,19,18,East,Standard,Quarterly,1211.97,0.0,Yes,3,1,8.2,1.5,2025-12-16 01:13:34.135088961,23226.74,No
CUST01297,2023-04-14,32,22,South,Standard,Monthly,1227.11,0.0,No,5,0,17.5,3.1,2025-12-24 15:53:27.036592210,39701.14,No
CUST01298,2023-02-26,34,24,North,Standard,Quarterly,1242.43,0.0,No,2,0,31.1,3.6,2025-12-19 06:54:34.743528911,42343.6,No
CUST01299,2023-02-12,34,47,East,Basic,Monthly,694.54,0.05,Yes,3,0,30.5,3.1,2025-12-23 20:39:22.221372569,23436.6,No
CUST01300,2023-07-15,29,31,Central,Standard,Monthly,1205.62,0.0,Yes,1,0,22.6,4.1,2025-12-19 07:18:33.888184051,35642.86,No
CUST01301,2024-12-24,12,39,South,Standard,Monthly,1252.35,0.0,Yes,0,1,22.7,3.3,2025-12-28 21:40:56.437233177,14590.45,No
CUST01302,2023-11-28,25,40,West,Basic,Monthly,638.75,0.05,No,4,2,23.6,3.5,2025-11-26 19:51:08.721660949,16009.47,Yes
CUST01303,2023-04-05,32,18,South,Standard,Quarterly,1255.67,0.05,Yes,3,0,32.9,3.7,2025-12-08 20:35:16.452800889,40321.63,No
CUST01304,2024-02-25,22,42,South,Standard,Monthly,1251.44,0.15,No,4,3,23.9,3.3,2025-12-02 20:29:55.052895221,27199.28,No
CUST01305,2023-07-11,29,29,West,Premium,Annual,1968.42,0.0,Yes,3,0,36.3,3.8,2025-12-15 19:16:22.860481826,58433.46,No
CUST01306,2023-09-30,27,38,South,Basic,Quarterly,623.31,0.0,Yes,4,2,31.9,2.6,2025-12-16 05:09:31.822264685,17037.1,Yes
CUST01307,2025-06-12,6,37,South,Standard,Monthly,1116.02,0.0,No,0,0,32.8,2.4,2025-12-15 22:34:49.049916693,5919.61,No
CUST01308,2023-11-19,25,29,South,Standard,Annual,1205.82,0.1,No,2,0,24.7,4.5,2025-12-25 01:27:09.212049954,30107.79,No
CUST01309,2023-03-16,33,40,Central,Standard,Annual,1210.37,0.0,Yes,1,0,37.9,1.7,2025-12-06 09:50:56.666802440,38823.91,No
CUST01310,2025-02-15,10,22,North,Basic,Monthly,756.21,0.0,No,1,1,35.4,3.1,2025-12-21 02:33:06.441429960,7456.59,No
CUST01311,2024-05-08,19,19,Central,Premium,Annual,2196.49,0.1,No,3,0,31.5,2.2,2025-12-09 02:33:23.341957895,43592.02,No
CUST01312,2023-06-18,30,43,North,Basic,Annual,724.35,0.05,Yes,3,0,11.1,4.5,2025-12-19 07:15:25.699114743,21156.0,No
CUST01313,2024-10-04,14,27,South,Premium,Monthly,2081.32,0.05,Yes,1,0,35.7,3.5,2025-12-12 20:31:48.162068640,29427.78,No
CUST01314,2023-06-21,30,33,West,Basic,Quarterly,826.05,0.05,Yes,2,1,37.7,3.7,2025-12-10 14:47:18.829943336,25052.25,No
CUST01315,2024-06-27,18,38,East,Basic,Quarterly,651.73,0.0,Yes,5,0,33.3,4.0,2025-12-24 19:53:38.169020965,12102.61,No
CUST01316,2023-03-11,33,44,South,Standard,Annual,1267.64,0.0,Yes,3,4,37.4,3.3,2025-12-21 04:54:19.667460134,42155.3,No
CUST01317,2023-03-12,33,26,East,Basic,Annual,794.87,0.0,Yes,3,0,27.6,3.4,2025-12-23 15:59:42.142531512,26356.41,No
CUST01318,2023-03-14,33,27,Central,Premium,Quarterly,2055.26,0.0,Yes,0,2,7.1,3.4,2025-12-17 03:42:30.461522510,69091.28,No
CUST01319,2024-04-25,20,45,North,Standard,Annual,1146.92,0.1,No,2,0,36.4,3.6,2025-12-24 00:32:46.287527949,23036.64,No
CUST01320,2024-11-10,13,29,Central,Standard,Monthly,1233.59,0.0,No,4,0,22.9,2.9,2025-11-29 16:00:01.635315803,16644.44,Yes
CUST01321,2024-01-18,23,39,North,Basic,Annual,897.9,0.1,Yes,2,0,36.8,2.7,2025-12-12 10:50:54.994453651,20188.79,No
CUST01322,2024-10-21,14,37,South,Premium,Quarterly,2164.13,0.0,No,3,0,22.8,5.0,2025-12-19 02:24:47.874511314,31630.59,No
CUST01323,2023-08-20,28,32,Central,Basic,Monthly,728.73,0.0,Yes,1,3,42.9,4.0,2025-12-25 00:21:51.776983605,19680.31,No
CUST01324,2023-06-21,30,37,West,Premium,Annual,1898.13,0.0,Yes,0,1,29.2,3.0,2025-12-05 22:10:49.640714369,55855.05,No
CUST01325,2025-01-11,11,35,South,Basic,Annual,626.45,0.0,No,1,0,31.7,3.5,2025-12-26 11:03:59.310452538,7198.77,No
CUST01326,2023-03-27,33,30,North,Basic,Monthly,712.27,0.05,No,1,1,35.8,4.5,2025-12-21 10:02:50.933933996,24020.98,No
CUST01327,2023-06-26,30,52,East,Basic,Monthly,754.82,0.05,No,5,1,27.9,3.3,2025-12-20 00:59:26.205988785,21945.73,No
CUST01328,2025-06-05,6,44,North,Standard,Monthly,1101.86,0.0,No,0,0,32.4,3.9,2025-12-18 23:40:51.405527292,5607.03,No
CUST01329,2024-07-18,17,28,West,Basic,Annual,767.24,0.0,Yes,2,0,21.2,3.5,2025-12-10 20:21:54.820294036,13384.8,No
CUST01330,2024-01-15,23,29,North,Standard,Monthly,1299.97,0.05,No,6,3,23.9,3.2,2025-12-09 03:28:50.867739336,31149.5,No
CUST01331,2023-06-11,30,22,Central,Premium,Monthly,1876.77,0.0,Yes,8,1,16.4,2.7,2025-12-30 00:00:00.000000000,57564.72,No
CUST01332,2025-01-03,11,33,East,Standard,Quarterly,1232.63,0.0,No,4,1,29.6,3.5,2025-12-16 03:30:39.841649796,12827.27,No
CUST01333,2024-10-12,14,25,North,Standard,Monthly,1042.78,0.0,Yes,3,0,24.2,1.8,2025-12-24 06:29:16.039747165,15214.68,No
CUST01334,2024-03-22,21,34,North,Basic,Quarterly,796.86,0.0,Yes,1,0,33.2,3.1,2025-12-25 23:13:51.392312429,16959.31,No
CUST01335,2025-01-30,11,26,North,Basic,Monthly,732.78,0.05,No,1,2,33.5,3.5,2025-11-19 16:08:23.213500420,7467.97,Yes
CUST01336,2024-10-21,14,22,East,Standard,Quarterly,1399.22,0.05,Yes,2,0,15.5,2.2,2025-12-28 23:13:34.620246426,19591.84,No
CUST01337,2024-08-24,16,26,North,Standard,Annual,1209.3,0.0,Yes,1,3,5.6,3.7,2025-11-25 08:26:30.419127462,18145.79,Yes
CUST01338,2024-10-23,14,35,East,Standard,Monthly,1244.34,0.0,Yes,3,1,33.9,2.5,2025-12-22 09:05:47.877773232,16661.49,No
CUST01339,2023-12-14,24,39,South,Premium,Monthly,2086.15,0.0,Yes,4,0,29.4,2.5,2025-12-25 20:51:39.590348444,50704.16,No
CUST01340,2023-08-01,29,36,West,Standard,Monthly,1295.31,0.1,Yes,1,3,39.9,4.1,2025-12-03 17:39:06.422573526,38399.05,No
CUST01341,2025-01-20,11,33,West,Premium,Monthly,2009.11,0.05,Yes,2,1,26.6,3.6,2025-12-14 17:01:00.644018924,22432.03,No
CUST01342,2024-06-19,18,40,South,Standard,Annual,1485.12,0.0,Yes,3,2,30.4,3.8,2025-12-03 14:58:52.607159769,27371.89,Yes
CUST01343,2024-05-30,19,37,North,Standard,Annual,1110.46,0.05,No,4,0,41.2,5.0,2025-12-05 05:51:50.281545632,20308.01,Yes
CUST01344,2023-10-10,26,55,Central,Basic,Monthly,870.0,0.0,Yes,1,1,6.6,2.9,2025-11-14 10:51:26.065627284,23162.27,Yes
CUST01345,2024-09-09,15,37,West,Premium,Quarterly,1813.2,0.1,Yes,4,0,23.7,4.0,2025-12-30 00:00:00.000000000,28862.14,No
CUST01346,2025-03-01,10,34,South,Standard,Monthly,1268.35,0.05,No,6,0,35.0,3.6,2025-12-20 16:21:29.468623151,12639.63,No
CUST01347,2025-05-20,7,39,Central,Basic,Monthly,799.83,0.0,Yes,6,1,12.5,1.7,2025-12-09 21:05:43.561380043,6006.11,No
CUST01348,2023-04-04,32,34,West,Standard,Annual,1161.02,0.05,No,3,2,22.9,4.6,2025-12-25 12:53:36.184291916,37510.85,No
CUST01349,2024-06-22,18,36,North,Standard,Monthly,1235.46,0.0,No,3,1,20.1,2.9,2025-11-30 04:32:05.405530742,23206.39,Yes
CUST01350,2024-04-23,20,30,South,Basic,Annual,732.02,0.0,Yes,3,0,22.8,3.0,2025-12-04 10:50:44.333367294,14188.78,No
CUST01351,2023-03-27,33,20,West,Standard,Monthly,1207.64,0.1,Yes,2,2,40.2,4.1,2025-12-06 15:34:48.892665441,39825.37,No
CUST01352,2024-04-02,20,47,West,Standard,Annual,1253.85,0.0,No,2,0,8.9,2.2,2025-12-15 09:57:41.739446610,24919.86,No
CUST01353,2025-05-09,7,18,North,Standard,Monthly,1429.07,0.0,Yes,0,0,20.5,2.2,2025-12-25 16:41:51.763591539,11301.55,No
CUST01354,2023-11-19,25,25,East,Basic,Quarterly,644.25,0.0,No,3,0,19.3,1.4,2025-12-26 13:22:24.486263501,16695.07,No
CUST01355,2025-05-21,7,41,South,Basic,Monthly,657.57,0.05,No,4,1,31.2,3.9,2025-12-22 04:49:00.661437002,4710.36,No
CUST01356,2024-08-22,16,46,South,Basic,Monthly,821.01,0.0,Yes,3,0,33.3,3.2,2025-12-24 02:16:30.834430752,13333.11,No
CUST01357,2023-03-04,33,35,South,Basic,Monthly,529.03,0.0,Yes,2,0,27.7,4.2,2025-12-09 19:24:28.655408653,17537.84,No
CUST01358,2025-06-05,6,28,South,Basic,Monthly,690.03,0.1,Yes,3,0,11.8,3.0,2025-12-22 04:37:09.638446106,4755.56,No
CUST01359,2024-04-04,20,33,West,Standard,Annual,928.0,0.0,No,2,0,19.9,4.0,2025-12-11 13:24:36.863666669,18204.24,No
CUST01360,2025-05-17,7,34,North,Premium,Annual,1868.3,0.0,Yes,1,1,14.2,2.8,2025-12-07 09:12:32.626653800,13384.69,No
CUST01361,2024-05-09,19,31,East,Basic,Monthly,728.42,0.1,Yes,4,3,41.0,2.3,2025-12-28 13:18:34.983656865,13324.22,No
CUST01362,2023-10-02,26,24,East,Basic,Annual,748.78,0.05,Yes,4,0,9.2,2.6,2025-12-14 14:08:43.956648096,20192.37,No
CUST01363,2025-03-10,9,33,South,Standard,Annual,1407.09,0.05,No,1,1,44.2,3.9,2025-12-20 18:03:35.449865859,11408.03,No
CUST01364,2025-01-06,11,28,West,Standard,Quarterly,1422.23,0.0,Yes,2,1,19.8,3.2,2025-12-30 00:00:00.000000000,15035.12,No
CUST01365,2023-03-21,33,36,South,Basic,Monthly,605.1,0.0,Yes,3,0,21.3,3.3,2025-12-11 14:39:32.914794315,19536.58,Yes
CUST01366,2024-05-23,19,33,South,Standard,Quarterly,1136.56,0.05,Yes,0,0,17.2,4.3,2025-12-13 08:17:26.129100106,21198.1,No
CUST01367,2023-12-31,24,27,North,Basic,Monthly,717.81,0.1,No,2,0,4.9,3.5,2025-12-20 05:23:17.899684011,17505.39,No
CUST01368,2024-09-10,15,48,West,Standard,Monthly,1295.97,0.0,No,1,0,33.3,4.9,2025-12-11 14:28:22.255659224,18669.1,No
CUST01369,2025-03-09,9,22,South,Basic,Monthly,681.94,0.1,No,2,1,28.3,3.4,2025-12-10 03:58:39.198659644,6635.49,No
CUST01370,2024-02-04,22,24,Central,Standard,Annual,1160.95,0.0,No,0,0,15.2,3.1,2025-11-30 20:53:56.008238920,26514.83,No
CUST01371,2025-02-22,10,48,North,Standard,Monthly,1237.2,0.0,Yes,0,1,41.6,2.3,2025-12-28 21:47:22.526224996,13099.92,No
CUST01372,2024-01-31,22,36,North,Standard,Monthly,1212.49,0.05,Yes,5,0,22.8,2.2,2025-12-18 23:07:59.857315197,25946.9,No
CUST01373,2024-12-14,12,35,North,Standard,Monthly,1045.56,0.0,No,0,1,22.9,3.5,2025-12-15 23:21:17.670650976,12396.48,No
CUST01374,2024-07-01,18,26,West,Standard,Annual,1036.34,0.1,Yes,3,0,29.0,4.2,2025-12-21 12:10:41.461509723,19566.3,No
CUST01375,2024-10-18,14,18,Central,Basic,Monthly,827.47,0.0,Yes,1,1,30.9,3.3,2025-12-19 13:28:54.620024302,11016.41,No
CUST01376,2023-11-02,25,28,East,Standard,Quarterly,1257.93,0.0,Yes,3,0,41.1,2.4,2025-12-25 14:40:10.590246365,31644.54,No
CUST01377,2023-06-10,30,18,East,Basic,Monthly,737.46,0.0,Yes,2,0,19.2,3.0,2025-12-27 04:40:42.255171207,22716.4,No
CUST01378,2024-10-14,14,47,East,Basic,Annual,758.97,0.0,Yes,0,0,32.4,2.9,2025-12-24 15:40:47.498160044,10116.77,No
CUST01379,2024-04-07,20,35,East,Standard,Monthly,1462.55,0.0,No,3,2,26.3,2.1,2025-12-13 08:48:21.336515401,30658.29,No
CUST01380,2024-06-07,18,19,Central,Basic,Monthly,941.69,0.0,No,1,1,26.0,3.7,2025-12-12 08:28:11.460732632,17444.26,No
CUST01381,2024-12-04,12,24,Central,Basic,Annual,678.24,0.0,Yes,3,0,21.6,3.1,2025-12-05 12:33:48.958510410,8536.23,Yes
CUST01382,2023-06-07,30,42,South,Premium,Annual,1520.74,0.0,Yes,4,0,30.8,3.7,2025-12-18 19:20:38.345249712,45629.36,No
CUST01383,2024-11-06,13,29,Central,Standard,Quarterly,1342.71,0.05,Yes,1,0,23.6,3.6,2025-12-21 00:05:16.187217188,18051.05,No
CUST01384,2024-04-11,20,46,East,Basic,Quarterly,684.27,0.05,Yes,2,0,15.8,2.3,2025-12-13 17:40:13.655125281,14026.94,No
CUST01385,2023-01-17,35,38,North,Standard,Monthly,1317.2,0.0,No,2,0,13.5,2.8,2025-12-09 13:37:01.584057841,46379.63,No
CUST01386,2024-03-05,21,35,South,Premium,Monthly,2234.36,0.0,No,3,2,18.6,4.3,2025-12-29 12:32:50.597320558,46548.64,No
CUST01387,2023-05-30,31,48,Central,Basic,Quarterly,822.94,0.15,No,3,0,31.1,4.7,2025-12-11 18:29:44.441381637,25466.28,No
CUST01388,2025-06-02,6,41,North,Basic,Monthly,616.75,0.05,No,3,3,27.6,1.7,2025-11-17 14:43:14.753733523,3292.04,Yes
CUST01389,2023-12-12,24,38,West,Standard,Monthly,1043.46,0.05,No,4,0,16.2,1.8,2025-11-18 00:44:36.772228606,24309.69,Yes
CUST01390,2023-06-12,30,25,North,Basic,Annual,699.52,0.05,Yes,2,0,17.8,4.6,2025-12-23 22:09:44.259173232,20500.33,No
CUST01391,2024-07-18,17,59,North,Basic,Monthly,492.2,0.0,Yes,3,1,26.4,3.6,2025-12-24 20:06:57.900616820,8585.47,No
CUST01392,2024-12-15,12,34,East,Standard,Annual,1141.22,0.15,Yes,3,1,45.4,2.7,2025-12-14 14:20:03.674401754,14121.53,Yes
CUST01393,2023-04-02,32,28,West,Premium,Monthly,2143.76,0.0,No,1,2,38.1,4.1,2025-12-14 15:00:08.992784670,66901.58,No
CUST01394,2023-05-02,31,36,Central,Standard,Annual,1443.18,0.0,Yes,0,0,23.9,4.1,2025-12-20 08:26:58.945376023,45433.1,No
CUST01395,2024-11-24,13,36,Central,Premium,Monthly,2008.44,0.0,No,3,0,7.9,3.9,2025-12-13 11:37:56.746777705,28000.06,No
CUST01396,2025-02-24,10,39,South,Standard,Monthly,1489.59,0.1,Yes,3,0,36.9,4.1,2025-12-30 00:00:00.000000000,14446.53,No
CUST01397,2023-01-23,35,47,North,Standard,Monthly,1201.04,0.0,Yes,3,0,31.1,2.9,2025-12-18 10:38:17.076692449,42243.42,No
CUST01398,2024-05-01,20,37,South,Basic,Monthly,642.25,0.05,No,8,0,20.8,2.7,2025-12-22 17:11:07.932547692,12492.08,No
CUST01399,2023-10-31,26,42,East,Standard,Quarterly,1229.18,0.0,No,3,0,27.0,2.7,2025-12-26 10:36:43.022658716,32745.86,No
CUST01400,2024-05-23,19,37,North,Standard,Monthly,1271.85,0.0,Yes,1,0,27.6,5.0,2025-12-07 15:42:41.107972266,23619.96,No
CUST01401,2023-04-02,32,37,Central,Basic,Monthly,669.8,0.0,Yes,0,0,42.4,4.2,2025-12-21 15:50:17.384864517,21185.3,No
CUST01402,2023-01-04,35,45,Central,Basic,Quarterly,884.07,0.0,Yes,3,0,24.0,3.2,2025-12-06 15:45:17.131516477,31227.28,No
CUST01403,2023-07-25,29,18,West,Standard,Annual,1152.94,0.15,Yes,6,1,15.4,3.8,2025-12-04 08:41:06.113543208,33810.45,No
CUST01404,2024-08-08,16,18,West,Basic,Monthly,619.78,0.05,No,2,0,8.0,4.0,2025-11-21 07:37:09.589583355,10467.34,Yes
CUST01405,2024-06-10,18,34,North,Standard,Monthly,1362.43,0.1,Yes,1,0,34.9,4.0,2025-12-22 18:42:05.617231687,25009.99,No
CUST01406,2024-08-12,16,21,North,Premium,Monthly,1783.92,0.1,Yes,1,1,33.2,3.6,2025-12-20 14:56:35.107533880,27632.63,No
CUST01407,2025-03-20,9,18,West,Basic,Monthly,835.68,0.0,No,2,1,22.5,2.9,2025-12-19 09:47:03.693182681,7334.76,No
CUST01408,2024-04-01,20,40,East,Premium,Monthly,1986.87,0.0,Yes,6,0,18.5,1.7,2025-12-23 11:20:41.140363958,39686.65,No
CUST01409,2025-05-22,7,29,East,Standard,Annual,1129.87,0.0,No,3,0,8.8,3.6,2025-12-20 14:00:19.725591802,8580.05,No
CUST01410,2024-05-01,20,33,East,Premium,Monthly,1983.99,0.05,No,0,1,39.9,3.6,2025-12-14 16:48:21.631917379,38753.89,No
CUST01411,2024-04-13,20,36,North,Premium,Monthly,1972.06,0.0,No,4,2,25.6,3.2,2025-12-22 11:10:23.182407250,37733.25,No
CUST01412,2023-06-08,30,25,North,Standard,Monthly,1261.74,0.0,Yes,0,1,38.9,4.1,2025-12-15 03:36:57.076242365,38592.42,No
CUST01413,2024-09-07,15,40,Central,Premium,Monthly,1763.1,0.0,Yes,3,2,26.1,2.2,2025-12-29 16:24:46.344214055,26112.46,No
CUST01414,2023-10-04,26,30,South,Basic,Monthly,665.39,0.1,No,4,0,29.4,2.1,2025-12-14 00:59:57.496351848,17064.57,No
CUST01415,2023-08-21,28,27,Central,Standard,Monthly,899.17,0.1,Yes,1,0,10.8,3.6,2025-12-25 18:43:07.931360738,25186.29,No
CUST01416,2023-12-03,24,29,West,Basic,Annual,878.35,0.0,No,4,0,24.7,3.1,2025-12-13 11:29:48.101663686,20773.86,No
CUST01417,2025-01-06,11,46,South,Basic,Monthly,730.24,0.0,Yes,1,1,7.2,3.1,2025-12-19 11:30:42.008116937,8090.49,No
CUST01418,2023-12-12,24,32,North,Standard,Monthly,1116.6,0.1,No,6,0,24.6,2.7,2025-12-03 20:18:50.424580510,27169.73,Yes
CUST01419,2023-07-15,29,39,South,Standard,Monthly,1404.09,0.15,Yes,1,1,30.6,4.4,2025-12-17 05:29:22.322805542,39580.47,No
CUST01420,2024-04-14,20,27,Central,Basic,Quarterly,754.05,0.1,Yes,1,0,23.9,3.5,2025-12-29 10:17:42.277965335,14980.09,No
CUST01421,2023-05-14,31,30,East,Standard,Monthly,1262.08,0.05,Yes,3,1,12.2,2.9,2025-12-23 23:54:23.972677788,39790.46,No
CUST01422,2023-07-03,29,22,North,Premium,Quarterly,2329.18,0.0,No,4,1,27.1,3.3,2025-12-18 20:12:11.753496009,68402.59,No
CUST01423,2023-08-14,28,38,North,Standard,Quarterly,1204.87,0.05,No,0,0,24.5,4.5,2025-12-05 23:29:50.553364739,34311.17,No
CUST01424,2023-05-17,31,34,South,Premium,Monthly,2016.68,0.0,Yes,4,0,37.7,3.0,2025-12-15 21:59:29.979870110,61575.71,No
CUST01425,2023-08-10,28,30,West,Basic,Annual,563.47,0.0,No,3,2,16.8,3.4,2025-12-30 00:00:00.000000000,15873.22,No
CUST01426,2025-02-20,10,49,West,Basic,Quarterly,902.11,0.05,Yes,2,0,12.8,3.8,2025-12-29 14:20:06.611039241,9697.22,No
CUST01427,2023-08-28,28,31,Central,Basic,Monthly,789.55,0.0,No,4,0,18.5,4.1,2025-12-17 14:10:31.475123936,22201.24,No
CUST01428,2024-05-09,19,40,Central,Basic,Monthly,596.2,0.05,Yes,2,0,17.5,2.8,2025-12-24 15:23:51.811309557,11913.96,No
CUST01429,2023-11-01,25,46,East,Premium,Monthly,1793.71,0.0,No,2,0,28.8,3.5,2025-12-14 12:17:39.908858401,44524.28,No
CUST01430,2023-02-09,34,29,Central,Basic,Monthly,649.97,0.0,Yes,3,1,22.2,2.9,2025-12-06 05:07:47.158772276,22520.65,Yes
CUST01431,2023-08-24,28,43,West,Basic,Annual,675.25,0.0,No,0,0,36.3,4.3,2025-12-22 18:42:51.553677721,18859.27,No
CUST01432,2023-11-01,25,38,East,Premium,Monthly,2119.72,0.0,Yes,2,0,20.8,2.5,2025-12-18 13:05:25.149081192,51221.66,No
CUST01433,2023-04-13,32,41,North,Premium,Annual,1614.79,0.0,No,5,2,20.5,2.8,2025-12-24 22:21:59.354439362,50294.84,No
CUST01434,2024-06-25,18,54,West,Premium,Monthly,1876.92,0.1,No,3,1,31.5,3.0,2025-12-08 02:24:31.552456600,32771.0,Yes
CUST01435,2023-08-14,28,26,South,Basic,Monthly,926.73,0.05,No,0,0,42.5,4.3,2025-12-30 00:00:00.000000000,26590.11,No
CUST01436,2024-06-08,18,22,South,Basic,Monthly,838.83,0.0,No,4,1,5.7,2.9,2025-12-24 05:53:40.069249829,15557.46,No
CUST01437,2024-07-23,17,45,Central,Standard,Annual,1507.56,0.0,Yes,2,1,39.9,4.4,2025-12-16 18:11:29.603377620,24604.05,No
CUST01438,2024-11-11,13,18,Central,Premium,Monthly,1987.41,0.05,Yes,2,0,31.9,4.3,2025-12-03 11:06:13.524236643,27628.14,No
CUST01439,2024-09-24,15,26,North,Standard,Quarterly,991.8,0.0,Yes,1,1,34.1,4.6,2025-12-14 02:12:57.622009110,14608.66,No
CUST01440,2025-06-26,6,33,North,Standard,Quarterly,1219.25,0.05,Yes,3,1,46.5,3.7,2025-12-18 01:49:30.219164930,6374.36,No
CUST01441,2023-03-07,33,37,Central,Basic,Monthly,662.57,0.0,Yes,2,0,30.3,4.3,2025-12-11 11:01:56.725300013,22022.31,No
CUST01442,2024-08-20,16,34,West,Standard,Annual,1128.33,0.0,No,2,0,34.3,2.2,2025-12-11 03:40:58.452719060,17919.98,No
CUST01443,2023-08-08,28,28,South,Basic,Monthly,601.69,0.1,Yes,3,1,44.6,3.4,2025-12-15 12:35:44.972408239,16935.29,No
CUST01444,2023-02-11,34,30,Central,Basic,Monthly,793.98,0.0,Yes,1,0,23.0,4.0,2025-12-14 02:05:53.975776572,27618.17,No
CUST01445,2023-08-09,28,38,North,Basic,Monthly,706.45,0.05,Yes,2,0,20.4,3.3,2025-12-30 00:00:00.000000000,19601.4,No
CUST01446,2024-09-01,15,18,East,Standard,Annual,1411.2,0.0,Yes,1,1,37.9,3.3,2025-12-09 18:16:55.587151048,19900.62,No
CUST01447,2024-01-21,23,35,South,Basic,Monthly,716.41,0.0,No,1,0,48.6,3.2,2025-12-27 13:02:03.178419147,16037.46,No
CUST01448,2023-09-26,27,18,South,Basic,Monthly,798.51,0.1,Yes,4,2,31.7,3.2,2025-12-12 17:06:56.969884052,21808.5,No
CUST01449,2023-05-15,31,33,South,Standard,Monthly,1369.88,0.0,Yes,4,0,14.4,2.7,2025-11-16 09:33:27.424092433,43325.91,Yes
CUST01450,2023-12-22,24,38,Central,Standard,Annual,1021.27,0.1,No,3,1,30.1,3.4,2025-12-09 21:42:44.338236213,23591.57,No
CUST01451,2023-05-04,31,23,West,Standard,Monthly,1330.1,0.0,Yes,3,0,49.4,3.0,2025-12-17 15:51:10.094004271,42557.66,No
CUST01452,2024-01-30,23,27,East,Standard,Annual,1233.49,0.0,No,1,1,53.7,3.1,2025-12-07 09:59:40.650896778,28889.61,Yes
CUST01453,2024-07-20,17,41,West,Standard,Annual,1147.5,0.1,No,1,0,31.3,3.3,2025-12-22 01:09:05.636694886,20088.92,No
CUST01454,2025-01-19,11,48,Central,Standard,Annual,1074.32,0.15,Yes,3,0,26.3,1.9,2025-12-30 00:00:00.000000000,11157.95,No
CUST01455,2023-06-03,30,21,East,Standard,Quarterly,1172.46,0.0,Yes,3,0,21.7,2.8,2025-12-17 04:42:46.192238900,36211.51,No
CUST01456,2025-06-12,6,36,South,Standard,Monthly,1289.36,0.0,Yes,0,0,21.3,2.8,2025-11-24 12:16:25.755261379,8318.35,Yes
CUST01457,2024-04-12,20,38,East,Basic,Quarterly,762.3,0.15,No,0,0,45.7,3.9,2025-12-22 15:00:33.965001692,14630.27,No
CUST01458,2024-12-27,12,22,West,Premium,Annual,1477.42,0.0,Yes,2,1,36.0,4.3,2025-12-24 18:53:42.605191197,18452.98,No
CUST01459,2023-07-29,29,35,North,Standard,Monthly,1378.54,0.05,No,0,1,22.2,3.0,2025-12-19 07:13:04.306860881,39171.47,No
CUST01460,2023-02-18,34,40,East,Standard,Monthly,1333.19,0.0,No,3,1,34.0,2.9,2025-12-27 02:33:51.318615312,44461.55,No
CUST01461,2024-11-09,13,44,West,Basic,Monthly,797.74,0.0,Yes,4,0,42.6,3.0,2025-12-12 20:30:08.294581426,10993.62,No
CUST01462,2023-07-02,29,42,South,Basic,Monthly,569.09,0.0,Yes,2,0,21.4,2.1,2025-12-23 16:48:04.219782480,16226.99,No
CUST01463,2023-08-10,28,50,Central,Standard,Quarterly,1139.39,0.0,No,1,1,12.5,2.4,2025-12-18 08:20:26.558331908,31624.92,No
CUST01464,2024-01-15,23,56,West,Standard,Monthly,1395.0,0.05,Yes,3,0,27.1,2.9,2025-12-13 23:04:40.676925850,32424.88,No
CUST01465,2024-08-31,15,24,South,Basic,Monthly,762.06,0.0,Yes,3,0,28.5,1.9,2025-12-21 18:46:49.498880454,11357.38,No
CUST01466,2024-08-05,16,36,East,Standard,Quarterly,1209.68,0.15,No,5,2,25.2,2.0,2025-12-30 00:00:00.000000000,19880.81,No
CUST01467,2025-06-08,6,18,South,Premium,Quarterly,2077.2,0.0,No,0,0,19.0,4.2,2025-12-21 16:16:27.796804943,12345.85,No
CUST01468,2023-05-05,31,27,East,Basic,Annual,610.5,0.0,Yes,1,0,25.2,3.3,2025-12-07 14:29:44.087773615,19519.84,No
CUST01469,2023-07-28,29,25,Central,Basic,Quarterly,582.7,0.05,No,3,0,28.7,3.5,2025-12-21 19:44:05.868600084,17069.62,No
CUST01470,2023-07-04,29,38,Central,Premium,Annual,2005.0,0.05,Yes,2,0,18.3,1.9,2025-12-09 17:05:41.904388718,58886.12,No
CUST01471,2023-11-30,25,58,South,Basic,Monthly,625.8,0.1,No,5,1,25.7,2.7,2025-12-02 14:28:08.332456507,15122.14,No
CUST01472,2025-02-21,10,19,Central,Standard,Monthly,1218.07,0.0,Yes,5,1,24.7,3.7,2025-12-30 00:00:00.000000000,13175.02,No
CUST01473,2024-05-28,19,39,West,Standard,Monthly,1027.58,0.0,No,6,0,19.5,5.0,2025-12-26 17:58:06.047783248,18515.33,No
CUST01474,2023-01-31,34,29,West,Standard,Monthly,1208.44,0.1,Yes,1,2,28.2,4.1,2025-12-22 22:04:17.051805699,40769.8,No
CUST01475,2023-07-29,29,43,East,Premium,Monthly,1872.25,0.0,No,2,1,36.1,2.1,2025-12-21 19:09:40.053754682,54400.15,No
CUST01476,2025-05-15,7,41,South,Standard,Monthly,1334.5,0.05,Yes,3,0,34.0,3.0,2025-12-19 14:47:24.882281359,10436.58,No
CUST01477,2023-03-01,34,25,South,Standard,Annual,1111.06,0.0,Yes,3,1,28.2,4.5,2025-12-15 19:13:46.897297614,38823.5,No
CUST01478,2024-09-19,15,25,North,Standard,Quarterly,869.01,0.0,Yes,3,1,34.3,2.0,2025-12-23 07:45:59.821777812,13419.27,No
CUST01479,2024-03-24,21,18,West,Standard,Monthly,1239.28,0.1,No,3,2,38.8,4.2,2025-12-16 15:56:10.466083329,26155.32,No
CUST01480,2023-03-25,33,22,North,Premium,Quarterly,1703.17,0.05,Yes,2,0,43.5,3.1,2025-12-16 15:22:28.562297814,55371.72,No
CUST01481,2024-09-10,15,39,East,Basic,Quarterly,570.52,0.15,Yes,4,1,22.0,1.2,2025-12-10 11:10:36.836966741,8914.78,No
CUST01482,2024-10-30,14,44,Central,Standard,Monthly,1138.78,0.0,Yes,2,0,23.6,2.4,2025-12-25 03:11:33.879033572,16262.51,No
CUST01483,2023-09-19,27,38,West,Basic,Monthly,691.38,0.0,Yes,5,0,39.8,5.0,2025-12-18 01:55:29.467113785,19348.76,No
CUST01484,2023-05-29,31,25,West,Basic,Monthly,650.54,0.05,No,4,2,34.6,3.4,2025-12-19 23:22:50.545888012,20107.12,No
CUST01485,2025-05-01,8,37,Central,Standard,Quarterly,1124.76,0.15,No,0,1,22.8,4.3,2025-12-23 10:47:26.965960115,10055.76,No
CUST01486,2023-02-10,34,18,North,Premium,Annual,2008.05,0.0,No,1,0,11.9,3.0,2025-12-09 22:25:44.910726361,66907.85,No
CUST01487,2025-04-06,8,23,East,Standard,Monthly,1050.8,0.0,No,2,1,20.9,2.7,2025-11-27 06:26:04.422988303,8152.59,Yes
CUST01488,2024-07-11,17,40,South,Standard,Quarterly,1200.6,0.15,No,1,0,12.6,4.0,2025-12-19 07:13:42.359929894,21457.01,No
CUST01489,2023-12-02,24,39,South,Standard,Annual,1277.85,0.0,Yes,3,3,10.7,3.0,2025-12-21 07:27:19.146349429,31846.69,No
CUST01490,2025-02-22,10,33,East,Basic,Annual,700.7,0.05,Yes,2,0,24.4,3.6,2025-12-20 12:03:42.219553274,7681.07,No
CUST01491,2023-02-23,34,34,West,Basic,Monthly,724.71,0.0,No,1,0,17.3,5.0,2025-12-12 00:55:01.270688477,24684.05,No
CUST01492,2023-03-23,33,26,East,Premium,Monthly,1746.72,0.1,Yes,3,2,16.9,4.1,2025-12-13 15:47:06.057055274,57113.15,No
CUST01493,2025-02-16,10,48,Central,Basic,Monthly,674.77,0.0,No,2,1,22.4,2.4,2025-12-19 07:23:48.599912832,6149.46,No
CUST01494,2025-03-04,9,45,Central,Basic,Quarterly,617.53,0.1,No,4,0,6.0,3.4,2025-11-15 03:16:57.451100722,5155.85,Yes
CUST01495,2023-10-17,26,24,Central,Basic,Annual,656.66,0.05,No,3,0,24.4,3.4,2025-12-29 02:47:08.654647252,17425.24,No
CUST01496,2025-06-17,6,44,West,Standard,Monthly,1132.16,0.0,No,2,2,37.0,4.6,2025-12-04 18:57:23.455007704,7328.25,No
CUST01497,2024-09-25,15,18,West,Basic,Quarterly,779.92,0.05,Yes,0,1,22.5,3.4,2025-12-15 08:10:51.632594461,11780.66,No
CUST01498,2024-07-04,17,42,South,Basic,Monthly,699.07,0.1,No,1,0,29.8,3.5,2025-12-24 11:05:54.661418780,11420.21,No
CUST01499,2023-09-14,27,47,South,Standard,Annual,1042.22,0.05,Yes,0,0,26.5,2.0,2025-12-26 17:57:07.885105880,28326.57,No
CUST01500,2024-04-21,20,32,Central,Premium,Quarterly,1967.48,0.1,No,3,0,13.0,3.5,2025-12-09 12:16:08.976273681,38481.48,No
CUST01501,2025-04-12,8,37,East,Standard,Monthly,1549.87,0.15,No,2,1,22.6,2.3,2025-12-27 04:28:22.442483013,11357.62,No
CUST01502,2023-05-17,31,23,Central,Standard,Monthly,1273.38,0.1,Yes,2,2,29.0,3.4,2025-12-25 12:42:09.290622019,39084.46,No
CUST01503,2023-05-06,31,29,West,Premium,Quarterly,1907.56,0.0,No,1,1,27.7,2.1,2025-12-07 21:59:10.902443329,57851.85,No
CUST01504,2024-01-26,23,51,South,Basic,Quarterly,636.08,0.0,Yes,0,0,46.0,4.3,2025-12-15 05:22:16.464197168,14126.49,No
CUST01505,2025-01-02,11,45,West,Standard,Monthly,1032.03,0.1,No,1,0,32.7,2.3,2025-12-18 15:50:11.620382868,10974.11,No
CUST01506,2024-01-04,23,42,East,Standard,Quarterly,1101.0,0.0,Yes,3,3,10.3,3.3,2025-12-23 17:37:56.386223930,25137.14,No
CUST01507,2024-08-27,16,30,South,Standard,Annual,1042.15,0.05,Yes,4,1,24.6,4.8,2025-12-25 02:16:46.340740618,16501.25,No
CUST01508,2025-01-06,11,27,Central,Standard,Annual,1342.7,0.05,Yes,3,2,19.0,3.4,2025-12-17 02:45:28.628213579,14683.94,No
CUST01509,2023-07-29,29,39,South,Standard,Monthly,1063.64,0.0,Yes,2,0,23.6,3.1,2025-12-21 20:42:54.756111439,31468.49,No
CUST01510,2023-08-14,28,24,West,Standard,Annual,1215.15,0.1,No,3,0,29.0,3.6,2025-12-11 14:37:56.614664208,33825.28,No
CUST01511,2024-10-09,14,28,South,Basic,Monthly,829.11,0.0,No,2,0,34.1,4.1,2025-12-02 21:50:25.328339434,11485.1,Yes
CUST01512,2023-05-13,31,36,East,Standard,Quarterly,1280.23,0.0,Yes,0,0,11.1,3.4,2025-12-19 00:25:09.516398313,40745.52,No
CUST01513,2024-08-04,16,55,South,Standard,Quarterly,1154.13,0.0,No,2,1,15.6,3.7,2025-12-19 22:04:53.064531092,17372.0,No
CUST01514,2023-11-13,25,21,Central,Basic,Monthly,720.61,0.0,Yes,2,2,13.0,3.4,2025-12-20 07:57:13.341686809,18374.44,No
CUST01515,2024-07-13,17,37,North,Premium,Monthly,1792.97,0.0,No,0,1,24.4,2.8,2025-12-20 00:22:22.966696941,30199.97,No
CUST01516,2025-01-11,11,26,West,Basic,Annual,694.49,0.05,No,1,0,35.6,2.4,2025-12-26 22:51:23.565385008,7409.92,No
CUST01517,2023-11-15,25,42,East,Standard,Quarterly,1064.77,0.1,Yes,6,0,19.9,2.0,2025-12-22 02:12:38.717103932,27627.68,No
CUST01518,2024-06-26,18,42,East,Standard,Monthly,1377.85,0.0,Yes,2,0,30.4,3.4,2025-12-20 01:33:26.072714365,24654.41,No
CUST01519,2023-11-02,25,25,Central,Premium,Monthly,1825.29,0.05,Yes,4,1,6.4,3.2,2025-12-21 00:24:26.303230020,45321.31,No
CUST01520,2024-04-22,20,52,West,Standard,Annual,1240.17,0.05,Yes,4,0,41.4,3.4,2025-12-09 17:52:24.304477651,23805.3,No
CUST01521,2025-06-03,6,22,North,Standard,Monthly,1215.25,0.0,Yes,2,2,33.4,2.0,2025-12-30 00:00:00.000000000,7948.42,No
CUST01522,2024-05-26,19,22,West,Basic,Monthly,699.52,0.1,Yes,3,0,30.5,3.4,2025-12-11 23:37:34.730397745,13148.77,No
CUST01523,2025-05-15,7,29,Central,Standard,Quarterly,1296.48,0.0,Yes,0,0,43.1,4.0,2025-12-16 11:08:50.670059718,9580.23,No
CUST01524,2024-01-18,23,45,South,Basic,Quarterly,626.72,0.0,Yes,4,0,12.5,3.9,2025-12-30 00:00:00.000000000,13817.7,No
CUST01525,2025-06-20,6,35,North,Basic,Monthly,726.36,0.05,No,3,2,17.0,4.3,2025-12-05 08:20:32.207766072,4678.36,No
CUST01526,2024-04-17,20,43,Central,Standard,Monthly,1243.81,0.0,No,5,1,22.6,3.6,2025-12-19 18:39:47.168826247,24330.43,No
CUST01527,2023-03-03,33,43,South,Basic,Monthly,647.91,0.0,No,3,1,21.6,2.9,2025-12-30 00:00:00.000000000,21298.43,No
CUST01528,2024-05-27,19,21,East,Basic,Annual,1005.26,0.0,No,7,0,25.6,1.8,2025-12-13 20:24:48.679137873,19415.9,No
CUST01529,2024-07-05,17,21,South,Standard,Quarterly,1079.67,0.1,Yes,3,1,40.5,4.3,2025-12-09 18:45:10.243741862,18284.39,No
CUST01530,2023-12-03,24,40,Central,Standard,Monthly,1265.29,0.0,Yes,0,1,34.3,3.3,2025-12-09 17:57:06.563971584,30806.47,No
CUST01531,2024-07-22,17,32,East,Standard,Quarterly,996.13,0.0,Yes,0,0,21.1,2.7,2025-12-14 12:15:48.960693176,17704.69,No
CUST01532,2023-11-29,25,39,East,Standard,Quarterly,1211.99,0.05,No,2,4,33.5,3.4,2025-12-30 00:00:00.000000000,31345.74,No
CUST01533,2023-03-09,33,43,Central,Standard,Annual,1246.4,0.0,Yes,3,0,27.3,3.6,2025-12-06 06:15:59.577755009,39922.58,No
CUST01534,2023-03-26,33,42,North,Standard,Monthly,1212.73,0.05,Yes,0,0,42.4,2.8,2025-12-09 17:06:51.171841844,39664.88,No
CUST01535,2023-05-13,31,41,North,Basic,Annual,617.28,0.0,No,1,0,33.2,3.8,2025-12-23 20:46:40.969522028,19592.65,No
CUST01536,2024-06-02,18,37,West,Standard,Annual,1238.65,0.0,No,1,0,32.6,3.0,2025-12-26 17:35:42.121633964,21268.03,No
CUST01537,2024-11-08,13,34,Central,Standard,Monthly,1421.65,0.15,No,3,2,31.4,3.1,2025-12-22 01:23:56.783866909,18418.46,No
CUST01538,2025-01-26,11,53,South,Premium,Annual,1454.31,0.05,No,1,1,21.3,3.4,2025-12-15 19:55:00.335534883,16519.91,No
CUST01539,2024-10-08,14,39,East,Standard,Monthly,1318.55,0.1,No,2,1,38.5,2.4,2025-12-24 03:38:54.031980884,19052.68,No
CUST01540,2024-01-27,23,44,East,Basic,Monthly,697.91,0.05,Yes,2,1,28.4,3.1,2025-11-29 18:16:15.092140993,16721.42,Yes
CUST01541,2023-01-07,35,51,West,Standard,Monthly,1222.61,0.1,Yes,4,1,22.8,2.8,2025-12-24 09:04:28.135160337,43424.11,No
CUST01542,2025-03-26,9,39,West,Standard,Quarterly,1298.11,0.0,Yes,2,2,16.9,3.9,2025-12-30 00:00:00.000000000,10588.4,No
CUST01543,2025-05-19,7,38,South,Premium,Monthly,2110.32,0.1,No,1,2,35.3,5.0,2025-12-30 00:00:00.000000000,13137.79,No
CUST01544,2023-02-22,34,30,South,Premium,Annual,1712.58,0.05,No,4,1,7.2,3.8,2025-12-16 04:12:22.036845356,59922.67,No
CUST01545,2024-02-22,22,20,South,Basic,Quarterly,628.92,0.0,Yes,4,0,18.4,3.8,2025-12-03 15:49:32.834803199,14271.72,No
CUST01546,2024-11-17,13,33,East,Standard,Monthly,1140.45,0.05,Yes,0,2,29.4,3.3,2025-12-14 14:52:05.648405699,14858.6,No
CUST01547,2025-04-23,8,36,West,Basic,Monthly,781.99,0.0,No,0,1,14.7,4.8,2025-12-17 09:37:46.283201147,6899.59,No
CUST01548,2023-10-08,26,23,Central,Standard,Monthly,1254.71,0.05,No,2,4,41.6,3.6,2025-12-22 03:29:50.421870819,33729.2,No
CUST01549,2024-05-25,19,47,West,Standard,Quarterly,1170.7,0.05,No,0,0,26.7,2.7,2025-12-19 19:32:06.932843388,21930.05,No
CUST01550,2023-02-18,34,42,North,Standard,Quarterly,936.06,0.15,No,2,0,21.7,3.3,2025-12-15 07:25:07.081046104,31696.52,No
CUST01551,2023-05-03,31,43,Central,Standard,Quarterly,1308.35,0.0,Yes,1,0,31.5,2.4,2025-12-22 12:04:12.038845150,40140.86,No
CUST01552,2024-05-24,19,31,East,Standard,Monthly,1280.05,0.0,Yes,2,1,38.7,3.5,2025-12-07 10:28:24.535896943,25277.69,No
CUST01553,2024-10-17,14,49,South,Basic,Quarterly,708.35,0.0,Yes,2,2,27.5,3.7,2025-12-21 07:10:04.727822523,10151.46,No
CUST01554,2024-09-13,15,58,South,Basic,Monthly,717.14,0.0,Yes,1,1,30.0,5.0,2025-12-23 04:21:16.506042460,10488.15,No
CUST01555,2023-08-24,28,23,East,Basic,Annual,667.42,0.15,Yes,1,0,38.2,4.2,2025-12-05 04:37:10.375596581,18393.01,No
CUST01556,2024-08-14,16,52,East,Basic,Monthly,635.74,0.0,Yes,2,1,29.5,2.9,2025-12-30 00:00:00.000000000,10106.59,No
CUST01557,2023-09-03,27,38,Central,Basic,Monthly,645.95,0.0,Yes,2,1,57.6,3.1,2025-12-25 10:42:27.821986477,17845.43,No
CUST01558,2023-11-18,25,42,Central,Premium,Quarterly,1896.06,0.05,Yes,2,0,16.8,3.7,2025-12-03 05:57:32.094655396,48678.06,No
CUST01559,2025-06-22,6,19,East,Basic,Annual,638.41,0.0,No,5,0,13.2,2.7,2025-12-24 03:24:23.188376713,3356.5,No
CUST01560,2024-04-26,20,42,North,Basic,Monthly,734.06,0.0,No,2,1,36.8,2.7,2025-12-22 12:33:25.689685752,14049.33,No
CUST01561,2024-05-20,19,33,South,Standard,Annual,1306.56,0.0,Yes,1,0,38.0,3.4,2025-12-16 21:05:52.829618090,24879.56,No
CUST01562,2023-06-07,30,33,East,Basic,Monthly,697.19,0.0,Yes,2,2,28.1,2.9,2025-12-14 14:50:27.567821219,21327.82,Yes
CUST01563,2023-10-11,26,31,West,Premium,Quarterly,1790.8,0.0,Yes,3,0,9.6,2.7,2025-12-21 08:03:52.568493354,48010.22,No
CUST01564,2023-10-30,26,32,West,Basic,Monthly,915.18,0.0,Yes,3,0,31.2,2.9,2025-11-20 09:56:00.934999651,24608.24,Yes
CUST01565,2024-11-23,13,31,West,Basic,Annual,674.87,0.05,Yes,3,0,18.3,4.3,2025-12-10 12:19:01.322126994,8907.68,No
CUST01566,2024-04-07,20,34,South,Standard,Monthly,1304.04,0.0,No,3,1,21.5,1.7,2025-12-23 21:35:41.908779782,26066.71,No
CUST01567,2023-05-12,31,44,North,Basic,Quarterly,801.1,0.0,No,2,0,53.6,5.0,2025-12-24 20:16:53.294367283,25041.95,No
CUST01568,2023-06-05,30,29,South,Basic,Quarterly,675.5,0.0,Yes,4,1,32.5,2.0,2025-12-17 01:32:45.507576351,20153.03,No
CUST01569,2024-10-18,14,57,West,Basic,Quarterly,638.18,0.0,Yes,3,0,36.0,4.0,2025-12-12 12:53:53.284837224,9192.86,No
CUST01570,2023-09-04,27,27,South,Basic,Annual,721.02,0.05,Yes,2,1,17.2,4.0,2025-12-19 00:22:35.054283136,19410.45,No
CUST01571,2023-07-07,29,35,Central,Standard,Monthly,1129.58,0.05,No,3,1,36.1,3.5,2025-12-17 20:34:19.094831349,32509.55,No
CUST01572,2025-05-22,7,37,North,Standard,Annual,1179.06,0.0,No,3,2,17.2,3.1,2025-12-21 14:58:26.125925250,9374.12,Yes
CUST01573,2023-03-22,33,31,East,Standard,Annual,1279.33,0.1,Yes,4,0,27.7,2.5,2025-12-27 15:45:09.930900923,41228.9,No
CUST01574,2023-11-24,25,29,Central,Standard,Monthly,1210.54,0.0,No,4,1,18.3,2.1,2025-12-11 13:48:51.009007056,30225.76,No
CUST01575,2023-08-29,28,18,East,Standard,Monthly,1045.12,0.0,No,2,1,3.6,2.9,2025-11-23 07:53:20.997843286,29979.35,Yes
CUST01576,2023-03-19,33,48,Central,Standard,Monthly,1234.51,0.0,Yes,2,0,10.7,4.6,2025-11-28 21:07:21.510255862,40956.19,No
CUST01577,2025-04-23,8,23,West,Basic,Quarterly,764.98,0.0,No,2,1,16.7,3.5,2025-12-12 10:52:52.329673255,5886.51,No
CUST01578,2023-09-08,27,24,East,Basic,Annual,763.07,0.0,Yes,0,1,3.4,3.7,2025-12-26 08:29:06.317972463,20914.31,No
CUST01579,2024-06-14,18,18,East,Basic,Monthly,889.29,0.0,Yes,3,0,22.8,4.7,2025-12-19 06:55:06.449357494,16544.82,No
CUST01580,2023-09-23,27,33,North,Basic,Monthly,631.77,0.05,No,0,0,36.4,4.4,2025-12-20 13:18:18.974268165,17345.69,No
CUST01581,2025-03-23,9,24,East,Basic,Monthly,857.17,0.0,Yes,2,0,36.9,5.0,2025-12-22 01:28:51.756210973,8326.26,No
CUST01582,2023-05-07,31,31,Central,Basic,Annual,768.64,0.0,No,2,0,30.4,3.2,2025-12-14 02:04:18.165057753,24106.08,No
CUST01583,2023-09-23,27,46,North,Basic,Quarterly,688.16,0.0,Yes,1,0,49.0,3.3,2025-12-17 11:33:42.875201146,19197.1,No
CUST01584,2024-10-04,14,47,North,Standard,Quarterly,1387.42,0.0,No,2,0,29.5,3.9,2025-12-18 16:49:37.105378185,19806.15,No
CUST01585,2025-05-15,7,43,East,Basic,Monthly,836.17,0.1,Yes,1,0,8.8,4.7,2025-12-09 19:44:25.932499901,5617.68,Yes
CUST01586,2024-08-03,16,36,North,Standard,Quarterly,1262.97,0.15,No,3,1,30.7,4.0,2025-11-26 16:10:35.112860320,19708.45,Yes
CUST01587,2023-09-16,27,40,Central,Basic,Annual,739.7,0.0,Yes,2,1,30.9,2.9,2025-12-21 23:31:16.401250465,20342.58,No
CUST01588,2024-04-23,20,32,Central,Standard,Monthly,1215.15,0.0,Yes,1,1,34.2,4.0,2025-12-28 16:31:05.473400581,23414.88,No
CUST01589,2023-11-19,25,37,Central,Premium,Monthly,2052.79,0.0,No,1,0,29.2,3.9,2025-12-14 18:50:42.101888088,51180.0,No
CUST01590,2025-03-28,9,33,South,Basic,Monthly,625.15,0.05,No,0,1,25.1,2.9,2025-12-12 21:36:41.022581449,5866.98,No
CUST01591,2024-12-07,12,21,North,Basic,Annual,599.94,0.0,Yes,6,1,14.6,4.6,2025-12-12 07:06:25.714361293,7120.32,No
CUST01592,2023-06-02,30,50,West,Standard,Monthly,1013.45,0.0,Yes,1,1,25.9,2.7,2025-12-12 01:38:41.252571367,29577.93,No
CUST01593,2023-09-11,27,27,South,Basic,Annual,534.62,0.0,Yes,2,0,29.3,3.6,2025-12-06 20:58:17.129142653,14279.96,Yes
CUST01594,2025-02-05,10,23,West,Premium,Monthly,1778.59,0.0,Yes,3,1,28.6,2.9,2025-12-29 01:47:27.063607054,17279.12,No
CUST01595,2023-08-05,28,33,South,Standard,Monthly,1041.18,0.05,Yes,3,1,24.5,4.0,2025-12-24 19:57:33.696097339,29300.05,No
CUST01596,2025-03-28,9,48,North,Basic,Monthly,829.1,0.05,Yes,1,1,35.9,4.2,2025-12-17 00:48:14.844630462,8004.82,No
CUST01597,2024-11-17,13,35,North,Premium,Quarterly,1667.06,0.0,Yes,2,1,29.8,2.3,2025-12-20 11:57:49.132715507,22029.34,No
CUST01598,2024-11-23,13,26,North,Standard,Quarterly,1375.95,0.05,Yes,3,0,21.1,5.0,2025-12-11 07:39:09.229357530,17839.03,No
CUST01599,2023-05-03,31,31,West,Standard,Quarterly,1195.65,0.15,Yes,4,2,27.9,3.3,2025-12-06 12:25:18.444672492,36222.97,No
CUST01600,2024-12-15,12,51,East,Basic,Quarterly,728.45,0.0,Yes,2,2,27.1,3.4,2025-12-23 17:58:05.236293142,9256.3,No
CUST01601,2024-04-18,20,20,South,Basic,Monthly,697.33,0.0,No,1,1,40.5,5.0,2025-12-12 13:10:40.629058246,13294.58,No
CUST01602,2023-07-19,29,23,South,Basic,Annual,730.9,0.0,Yes,4,2,35.6,3.4,2025-12-19 18:00:31.044229560,21306.51,No
CUST01603,2024-02-12,22,18,West,Basic,Quarterly,538.2,0.0,No,1,0,31.1,3.7,2025-12-16 10:42:04.003740133,12074.93,No
CUST01604,2024-06-15,18,37,East,Basic,Annual,633.58,0.15,No,4,0,35.6,2.4,2025-12-16 03:13:30.431583198,11480.12,Yes
CUST01605,2023-05-07,31,30,Central,Basic,Annual,715.13,0.1,Yes,1,2,23.8,3.6,2025-12-15 23:03:03.064802473,21642.75,No
CUST01606,2024-10-04,14,38,West,Standard,Quarterly,1256.83,0.0,Yes,1,1,17.2,4.3,2025-12-25 13:59:52.973061905,17836.25,No
CUST01607,2023-07-21,29,39,South,Standard,Monthly,1102.83,0.05,Yes,3,0,30.6,3.0,2025-12-22 08:42:55.761975971,32476.32,No
CUST01608,2023-10-21,26,30,Central,Standard,Monthly,1288.41,0.0,Yes,1,0,21.6,3.4,2025-12-10 06:26:48.248287412,34077.47,No
CUST01609,2025-03-22,9,42,East,Basic,Annual,568.96,0.0,Yes,4,0,26.7,2.9,2025-12-17 03:40:18.959015937,5539.08,No
CUST01610,2024-12-26,12,33,West,Basic,Monthly,735.44,0.0,Yes,1,0,17.7,3.3,2025-12-30 00:00:00.000000000,9270.8,No
CUST01611,2023-07-01,30,33,North,Standard,Annual,1237.77,0.05,Yes,4,2,19.3,4.6,2025-12-13 13:22:41.048883360,37986.22,No
CUST01612,2023-06-25,30,43,West,Standard,Monthly,1082.87,0.05,Yes,4,0,24.2,2.4,2025-12-29 04:18:39.489144930,33222.42,No
CUST01613,2024-10-10,14,38,South,Standard,Monthly,1217.6,0.05,No,4,1,28.6,2.3,2025-12-07 07:49:40.068302457,17716.6,No
CUST01614,2024-11-02,13,18,South,Premium,Annual,1907.58,0.0,Yes,3,1,29.4,2.7,2025-12-20 17:03:51.928980659,24364.95,No
CUST01615,2025-06-12,6,18,East,Basic,Quarterly,686.95,0.05,Yes,1,1,34.6,4.1,2025-12-26 16:41:10.650310567,4524.42,No
CUST01616,2023-10-11,26,46,North,Basic,Monthly,727.17,0.05,Yes,5,1,35.0,2.8,2025-12-24 00:08:19.112806202,19486.69,No
CUST01617,2023-11-19,25,28,East,Premium,Quarterly,1854.64,0.05,Yes,3,1,28.4,5.0,2025-12-11 18:19:04.414721682,46984.16,No
CUST01618,2024-08-20,16,27,South,Basic,Annual,656.87,0.1,Yes,0,0,2.0,3.6,2025-12-22 16:29:14.849181693,10560.17,No
CUST01619,2024-12-29,12,38,North,Premium,Monthly,2113.82,0.05,Yes,1,1,36.6,5.0,2025-12-20 09:30:42.380340270,26447.85,No
CUST01620,2023-03-09,33,46,East,Standard,Quarterly,1023.93,0.15,No,4,0,31.2,3.7,2025-12-25 09:06:12.159646900,33685.26,No
CUST01621,2024-07-20,17,31,East,Standard,Quarterly,1191.5,0.0,No,1,0,34.0,3.3,2025-12-25 14:17:37.067507152,19672.34,No
CUST01622,2023-01-23,35,42,West,Premium,Monthly,1860.91,0.0,Yes,3,1,21.0,3.9,2025-12-23 22:56:12.381519181,63536.08,No
CUST01623,2023-10-25,26,21,South,Basic,Monthly,638.43,0.05,Yes,4,0,44.3,3.0,2025-12-18 12:13:53.382369032,17184.19,No
CUST01624,2024-11-06,13,18,Central,Basic,Monthly,675.85,0.0,Yes,2,1,23.7,3.3,2025-12-11 17:28:30.786670152,9003.18,No
CUST01625,2024-02-14,22,18,West,Standard,Monthly,1201.78,0.15,No,4,0,41.5,2.3,2025-12-30 00:00:00.000000000,26729.99,No
CUST01626,2025-02-15,10,38,East,Standard,Quarterly,1174.61,0.05,Yes,3,0,34.7,3.7,2025-12-17 11:32:29.149145978,11960.47,No
CUST01627,2024-06-18,18,29,East,Standard,Monthly,1259.05,0.05,Yes,2,0,24.3,4.3,2025-12-25 02:57:47.186910136,21876.3,No
CUST01628,2024-05-18,19,33,East,Standard,Monthly,1293.11,0.0,Yes,1,0,20.5,3.8,2025-12-10 15:04:18.370102901,25552.16,No
CUST01629,2023-11-23,25,46,North,Basic,Monthly,926.76,0.1,Yes,0,0,17.2,3.8,2025-12-12 03:28:48.684411267,23481.48,No
CUST01630,2025-04-17,8,18,North,Basic,Monthly,657.42,0.05,Yes,2,2,31.8,3.8,2025-12-14 19:14:13.294869035,4833.15,No
CUST01631,2025-05-05,7,58,South,Standard,Monthly,1055.22,0.0,Yes,2,0,39.0,3.9,2025-12-17 18:40:01.770456401,7406.11,No
CUST01632,2025-03-11,9,34,Central,Premium,Quarterly,1741.45,0.05,No,0,0,31.6,3.5,2025-12-21 03:19:40.023342774,14129.03,No
CUST01633,2023-06-21,30,18,East,Standard,Annual,947.83,0.0,Yes,1,2,42.6,3.2,2025-12-18 00:58:38.250015742,27615.88,No
CUST01634,2023-06-23,30,45,North,Standard,Monthly,1151.75,0.05,Yes,1,1,31.4,3.9,2025-12-13 14:44:23.178573387,35127.84,Yes
CUST01635,2025-04-08,8,54,North,Standard,Annual,1324.95,0.0,Yes,2,1,22.1,3.4,2025-12-12 22:15:32.641329540,10871.77,No
CUST01636,2023-06-20,30,33,Central,Premium,Monthly,1964.75,0.0,Yes,2,0,30.3,3.5,2025-12-30 00:00:00.000000000,59423.59,No
CUST01637,2023-09-18,27,27,Central,Standard,Annual,1270.41,0.05,Yes,2,2,26.3,2.8,2025-12-12 06:40:09.804564288,33527.8,No
CUST01638,2023-09-08,27,45,South,Standard,Monthly,1352.66,0.1,Yes,3,0,46.6,1.1,2025-12-24 19:29:47.937875419,35492.93,No
CUST01639,2024-08-15,16,43,South,Standard,Monthly,1043.63,0.0,Yes,2,0,25.2,2.3,2025-12-30 00:00:00.000000000,16241.58,No
CUST01640,2024-10-04,14,18,Central,Premium,Quarterly,1797.86,0.0,Yes,0,3,18.6,4.5,2025-12-30 00:00:00.000000000,24346.31,No
CUST01641,2024-08-04,16,33,North,Standard,Monthly,1026.08,0.0,Yes,1,1,27.1,2.9,2025-12-06 20:47:49.282764265,16604.63,No
CUST01642,2023-06-25,30,36,West,Standard,Monthly,1124.17,0.0,No,3,2,14.7,3.1,2025-12-20 16:06:59.563277111,34162.12,No
CUST01643,2023-02-25,34,18,Central,Basic,Monthly,576.47,0.0,No,1,2,21.5,3.2,2025-12-14 18:11:52.033218974,19572.21,No
CUST01644,2023-04-04,32,31,East,Standard,Monthly,1092.54,0.0,Yes,4,0,29.0,3.4,2025-12-16 03:00:07.319984222,34704.98,No
CUST01645,2024-01-19,23,24,Central,Standard,Quarterly,1165.56,0.0,No,3,1,7.6,1.6,2025-11-30 09:41:48.410101992,26123.83,Yes
CUST01646,2024-10-26,14,33,Central,Standard,Annual,990.73,0.1,Yes,3,0,28.6,3.4,2025-12-15 01:44:19.023690213,14643.69,No
CUST01647,2024-12-25,12,44,South,Standard,Monthly,1104.85,0.0,Yes,2,0,28.4,2.1,2025-12-30 00:00:00.000000000,12218.53,No
CUST01648,2023-11-01,25,48,Central,Premium,Annual,2065.78,0.05,Yes,3,0,25.2,3.1,2025-12-13 10:06:46.330173329,50918.7,No
CUST01649,2023-12-05,24,32,South,Standard,Annual,1013.39,0.05,No,2,3,26.1,2.6,2025-11-27 05:24:32.554164886,24887.93,Yes
CUST01650,2025-04-13,8,33,West,Basic,Annual,737.6,0.15,Yes,2,1,12.9,3.5,2025-12-11 15:35:27.432516054,5692.97,No
CUST01651,2023-12-01,25,25,South,Premium,Monthly,1941.0,0.05,No,3,0,33.0,1.8,2025-12-30 00:00:00.000000000,47719.61,No
CUST01652,2024-07-27,17,31,East,Standard,Monthly,1217.22,0.1,Yes,2,0,31.7,4.0,2025-12-16 15:20:24.172398675,20284.54,No
CUST01653,2023-05-04,31,50,East,Premium,Annual,1956.8,0.05,Yes,2,2,32.2,4.1,2025-11-28 14:39:22.222227739,60871.0,No
CUST01654,2024-08-23,16,33,West,Basic,Monthly,727.19,0.0,Yes,3,1,39.5,3.7,2025-12-22 14:08:27.754893796,11021.77,No
CUST01655,2024-08-04,16,20,Central,Premium,Quarterly,1654.37,0.0,No,0,1,9.0,4.0,2025-12-17 04:53:41.500843896,27297.17,No
CUST01656,2024-09-09,15,27,Central,Standard,Quarterly,894.37,0.1,Yes,5,1,11.2,2.7,2025-12-24 12:59:32.900276328,14010.16,No
CUST01657,2025-03-11,9,32,South,Premium,Quarterly,1678.59,0.0,No,0,2,28.2,3.3,2025-12-27 11:30:59.538257534,13598.95,No
CUST01658,2023-03-10,33,39,West,Premium,Annual,1936.76,0.15,No,0,0,17.5,3.1,2025-12-14 00:51:54.708713162,64427.41,No
CUST01659,2023-05-29,31,24,South,Standard,Quarterly,1008.58,0.05,No,1,1,45.0,3.4,2025-12-15 01:39:46.961158122,31176.55,Yes
CUST01660,2024-12-04,12,44,South,Premium,Monthly,2024.02,0.1,No,4,3,29.1,2.3,2025-12-27 21:40:45.895530254,25920.66,No
CUST01661,2023-06-09,30,38,West,Standard,Monthly,1196.48,0.0,Yes,2,0,26.9,2.1,2025-12-14 05:04:32.546672475,35666.23,No
CUST01662,2024-03-08,21,30,East,Standard,Monthly,1040.13,0.05,Yes,4,0,17.9,2.3,2025-12-30 00:00:00.000000000,21123.41,No
CUST01663,2023-12-31,24,38,West,Standard,Monthly,1156.01,0.0,Yes,1,2,16.9,3.6,2025-12-19 11:33:29.599161385,27280.58,No
CUST01664,2023-08-27,28,49,South,Basic,Monthly,719.57,0.0,No,2,0,26.4,3.4,2025-11-20 04:17:56.171893045,20086.54,Yes
CUST01665,2023-02-02,34,24,West,Standard,Annual,943.06,0.0,Yes,2,1,34.0,3.7,2025-12-13 14:41:53.410444438,31870.99,No
CUST01666,2024-08-28,16,31,South,Basic,Monthly,665.77,0.1,Yes,4,1,21.6,2.8,2025-12-13 08:43:03.330853934,11091.48,No
CUST01667,2024-12-15,12,40,Central,Standard,Quarterly,1306.38,0.05,Yes,0,0,19.3,3.7,2025-12-07 04:20:45.124162080,16654.29,No
CUST01668,2024-05-13,19,35,Central,Basic,Quarterly,663.26,0.05,No,5,0,30.7,4.0,2025-12-23 19:24:02.867063919,13188.9,No
CUST01669,2024-09-23,15,23,South,Standard,Monthly,1080.78,0.0,Yes,2,1,26.7,3.7,2025-12-22 06:20:28.109199132,15966.36,No
CUST01670,2025-03-06,9,30,South,Standard,Monthly,1242.47,0.15,Yes,2,1,35.1,3.6,2025-12-18 12:31:26.143485353,10371.55,No
CUST01671,2024-10-25,14,46,West,Standard,Monthly,1068.79,0.0,Yes,3,0,2.3,4.4,2025-12-16 14:11:18.682210093,14689.81,No
CUST01672,2025-06-25,6,36,West,Basic,Quarterly,639.16,0.0,Yes,4,0,21.5,4.1,2025-12-30 00:00:00.000000000,3435.79,No
CUST01673,2025-06-07,6,29,Central,Premium,Annual,1659.85,0.0,No,2,0,20.4,2.7,2025-12-12 06:40:48.410256081,9899.99,No
CUST01674,2025-06-06,6,28,Central,Basic,Monthly,633.24,0.05,Yes,2,2,18.6,3.4,2025-12-14 16:23:44.126103086,3262.63,No
CUST01675,2023-12-04,24,26,South,Standard,Monthly,1240.11,0.05,Yes,6,0,43.5,4.0,2025-12-17 06:46:51.692825511,30426.25,No
CUST01676,2025-05-22,7,24,South,Premium,Quarterly,2268.82,0.0,No,0,2,36.5,3.2,2025-12-16 11:01:29.928039825,14896.36,No
CUST01677,2023-03-27,33,48,Central,Standard,Quarterly,1238.28,0.0,Yes,1,0,16.2,4.2,2025-12-30 00:00:00.000000000,41255.42,No
CUST01678,2023-06-16,30,31,East,Standard,Monthly,1292.87,0.0,No,1,1,8.6,3.4,2025-12-11 08:26:53.795307187,39612.42,No
CUST01679,2023-09-22,27,44,West,Basic,Monthly,545.91,0.0,Yes,3,1,34.1,4.0,2025-12-24 04:17:14.912917481,14483.86,No
CUST01680,2024-06-06,18,32,North,Basic,Monthly,636.16,0.1,No,1,1,25.7,4.6,2025-12-16 15:37:46.885350888,11328.57,No
CUST01681,2024-01-23,23,39,West,Premium,Monthly,1836.82,0.15,No,0,1,28.7,3.6,2025-12-23 01:46:56.680523262,41149.42,No
CUST01682,2025-04-05,8,36,Central,Basic,Annual,738.88,0.0,Yes,1,0,24.2,2.8,2025-12-30 00:00:00.000000000,5978.34,No
CUST01683,2024-06-26,18,43,South,Premium,Monthly,1835.86,0.0,Yes,3,0,34.1,3.9,2025-12-03 23:37:22.825869433,32925.08,No
CUST01684,2023-02-25,34,51,Central,Premium,Quarterly,2090.97,0.0,No,1,1,47.9,3.7,2025-12-20 22:18:28.172248143,72487.92,No
CUST01685,2023-11-19,25,35,West,Premium,Quarterly,1824.56,0.05,Yes,0,0,20.7,3.0,2025-11-30 14:47:37.845197307,46480.96,No
CUST01686,2023-05-09,31,20,East,Standard,Monthly,920.71,0.0,Yes,1,1,28.0,4.3,2025-12-15 07:41:28.364074475,28699.67,No
CUST01687,2023-11-02,25,40,South,Basic,Monthly,845.06,0.05,Yes,0,1,14.2,3.9,2025-12-30 00:00:00.000000000,20766.73,No
CUST01688,2024-11-08,13,52,Central,Standard,Monthly,1195.45,0.0,Yes,0,0,30.6,4.6,2025-12-07 08:18:30.898982388,15558.85,No
CUST01689,2025-05-20,7,40,South,Premium,Monthly,1656.07,0.0,Yes,2,1,15.8,3.6,2025-12-15 17:18:41.774884650,12760.75,No
CUST01690,2024-09-04,15,33,Central,Premium,Quarterly,1754.38,0.0,No,2,0,5.9,3.6,2025-12-21 01:53:49.964623121,26131.93,No
CUST01691,2024-12-26,12,36,North,Basic,Monthly,596.54,0.1,No,3,0,23.1,2.4,2025-12-01 15:38:48.725922869,7644.39,No
CUST01692,2023-06-11,30,18,West,Basic,Monthly,720.0,0.05,No,1,5,32.6,4.1,2025-12-12 13:48:46.085283764,22094.74,No
CUST01693,2024-08-22,16,26,East,Basic,Monthly,683.47,0.1,Yes,1,1,22.3,3.8,2025-12-22 05:14:19.498815327,10555.05,No
CUST01694,2025-02-12,10,39,East,Basic,Monthly,767.99,0.05,Yes,2,1,44.8,3.6,2025-12-19 10:22:17.197751016,7017.69,No
CUST01695,2025-02-26,10,49,South,Standard,Monthly,1156.55,0.0,No,1,0,31.2,2.3,2025-12-23 12:11:06.472722590,11673.27,No
CUST01696,2024-09-08,15,52,West,Basic,Annual,520.32,0.05,Yes,1,1,20.9,2.6,2025-12-16 00:14:36.182467272,7358.34,No
CUST01697,2023-09-16,27,32,South,Standard,Quarterly,1330.86,0.0,Yes,2,2,29.9,1.4,2025-12-18 03:55:49.537945264,37055.27,No
CUST01698,2023-10-10,26,29,South,Premium,Annual,1871.4,0.0,No,2,0,31.9,3.3,2025-12-29 23:34:14.471695281,47529.07,No
CUST01699,2023-09-19,27,25,Central,Standard,Annual,1307.5,0.1,Yes,3,0,32.7,2.9,2025-12-01 04:21:26.646746853,35917.03,Yes
CUST01700,2023-05-20,31,25,West,Premium,Annual,1790.41,0.0,Yes,5,1,29.8,1.8,2025-12-16 14:23:03.473095255,54391.87,No
CUST01701,2023-03-03,33,28,South,Premium,Monthly,1965.08,0.0,No,1,0,24.8,3.1,2025-12-16 09:00:48.137675328,63799.86,No
CUST01702,2023-02-17,34,21,South,Standard,Quarterly,1109.24,0.05,Yes,3,1,39.0,4.7,2025-12-12 10:18:43.525613100,37492.68,No
CUST01703,2024-07-04,17,46,North,Standard,Monthly,1213.66,0.0,Yes,1,1,26.2,4.1,2025-12-20 05:09:09.802568849,20668.54,No
CUST01704,2023-04-08,32,18,East,Standard,Annual,1285.57,0.0,Yes,3,0,5.3,2.7,2025-12-24 10:04:11.666083498,40017.36,No
CUST01705,2024-11-17,13,49,North,Standard,Annual,1156.85,0.0,Yes,5,1,30.9,3.7,2025-12-17 15:48:21.772946895,14289.46,No
CUST01706,2024-06-16,18,44,South,Standard,Annual,1213.97,0.1,No,4,1,16.4,3.8,2025-12-16 06:58:36.444311997,21860.53,No
CUST01707,2024-01-23,23,28,Central,Standard,Annual,1103.93,0.0,Yes,4,0,19.0,3.5,2025-12-18 04:03:39.938486150,25476.31,No
CUST01708,2024-11-27,13,37,West,Standard,Annual,1246.63,0.0,No,3,0,69.2,3.4,2025-12-20 01:57:27.007613448,16516.91,No
CUST01709,2024-08-03,16,30,East,Basic,Monthly,570.14,0.0,No,2,2,36.0,3.4,2025-12-22 18:35:10.539669452,9027.85,No
CUST01710,2024-07-27,17,49,West,Premium,Monthly,1737.96,0.05,Yes,3,2,9.5,4.3,2025-12-28 03:12:31.660055943,29371.03,No
CUST01711,2025-02-13,10,43,West,Premium,Quarterly,2082.26,0.0,No,2,1,28.5,3.9,2025-12-09 21:23:21.470525952,20852.51,No
CUST01712,2024-10-25,14,42,East,Standard,Monthly,1124.57,0.05,Yes,3,0,28.4,2.9,2025-12-14 08:28:52.796912541,15943.05,No
CUST01713,2024-12-20,12,24,North,Basic,Annual,490.18,0.0,No,2,1,21.5,3.9,2025-12-27 22:28:30.839713398,5649.14,No
CUST01714,2023-06-26,30,44,North,Basic,Quarterly,701.86,0.0,Yes,3,2,36.5,3.3,2025-12-20 14:15:37.733691007,21310.31,No
CUST01715,2023-04-04,32,28,South,Basic,Monthly,708.92,0.0,Yes,1,1,23.8,3.3,2025-12-05 19:42:40.514265363,22980.79,No
CUST01716,2024-11-07,13,42,West,Premium,Annual,1851.02,0.05,No,1,1,20.2,3.5,2025-12-09 18:50:54.730990957,23098.47,No
CUST01717,2024-10-09,14,50,Central,Premium,Annual,1312.85,0.0,Yes,1,4,33.9,4.0,2025-12-20 20:18:24.921116396,17935.32,No
CUST01718,2023-02-17,34,31,South,Premium,Quarterly,1843.19,0.0,Yes,3,0,57.9,3.0,2025-12-18 06:20:22.225373448,63327.99,No
CUST01719,2024-05-01,20,24,South,Standard,Monthly,1141.09,0.0,Yes,2,1,40.2,3.6,2025-12-30 00:00:00.000000000,23147.69,No
CUST01720,2024-09-13,15,32,South,Standard,Quarterly,1161.14,0.1,Yes,2,0,33.9,3.2,2025-12-22 14:19:10.167686208,18001.38,No
CUST01721,2024-05-06,19,51,West,Standard,Quarterly,1083.71,0.0,No,1,0,27.0,3.3,2025-12-14 20:35:59.242374840,21394.05,No
CUST01722,2025-06-21,6,22,West,Premium,Quarterly,1572.04,0.05,Yes,1,0,47.9,4.1,2025-12-14 05:39:48.321802613,9207.6,No
CUST01723,2025-02-03,10,34,North,Basic,Annual,679.04,0.0,No,3,1,12.4,2.7,2025-12-08 11:05:02.467176214,7139.55,No
CUST01724,2025-06-26,6,32,East,Premium,Monthly,1721.37,0.1,Yes,2,0,24.7,3.4,2025-12-14 04:33:32.046521959,9606.47,No
CUST01725,2023-05-07,31,48,East,Standard,Monthly,1203.29,0.1,Yes,2,0,42.8,3.2,2025-12-26 21:08:05.161853118,36882.82,No
CUST01726,2024-08-04,16,25,South,Standard,Annual,1251.47,0.1,Yes,2,1,33.9,3.9,2025-12-07 20:05:48.161244259,19738.53,No
CUST01727,2024-09-16,15,29,South,Basic,Monthly,551.91,0.0,No,2,0,36.5,3.6,2025-12-16 00:32:22.992201647,8678.92,No
CUST01728,2024-12-29,12,27,South,Basic,Annual,648.16,0.0,Yes,8,0,2.0,2.8,2025-12-13 22:22:16.832283059,7910.06,No
CUST01729,2025-04-22,8,36,East,Standard,Monthly,1352.17,0.0,Yes,1,2,35.5,2.9,2025-12-22 23:00:50.414587097,9765.9,No
CUST01730,2024-07-27,17,24,East,Standard,Monthly,1089.5,0.0,Yes,5,2,29.8,3.6,2025-12-16 12:29:05.871196951,19372.94,No
CUST01731,2023-10-13,26,28,West,Basic,Annual,747.39,0.0,Yes,2,0,32.8,2.0,2025-12-27 14:45:44.974780586,19728.78,No
CUST01732,2023-11-04,25,21,Central,Standard,Monthly,1380.71,0.0,No,4,3,28.9,3.5,2025-12-01 09:54:08.228611032,33582.03,Yes
CUST01733,2023-08-31,28,38,North,Basic,Monthly,751.43,0.0,Yes,2,0,15.0,3.6,2025-12-19 21:49:46.429831198,21699.77,No
CUST01734,2023-06-20,30,33,West,Standard,Quarterly,1308.58,0.0,No,3,0,33.4,2.3,2025-12-18 13:07:00.927490368,40074.97,No
CUST01735,2024-04-29,20,37,Central,Premium,Monthly,1923.9,0.0,Yes,2,1,33.5,3.0,2025-12-03 12:27:43.790476868,38018.31,Yes
CUST01736,2024-01-05,23,18,East,Premium,Monthly,1790.5,0.0,No,2,0,2.0,3.3,2025-12-17 18:14:40.529944839,39453.05,No
CUST01737,2024-05-25,19,44,East,Premium,Monthly,1816.77,0.0,No,2,1,30.3,3.2,2025-12-18 03:13:00.769845309,32716.78,No
CUST01738,2023-07-02,29,35,South,Basic,Monthly,584.42,0.0,No,4,2,22.3,3.8,2025-12-07 02:29:57.269595247,16880.72,Yes
CUST01739,2024-08-24,16,49,West,Basic,Monthly,648.66,0.0,Yes,2,0,21.6,3.1,2025-12-19 05:32:09.049308625,10423.52,No
CUST01740,2023-05-01,32,51,South,Standard,Annual,1259.16,0.0,Yes,2,0,21.8,3.9,2025-12-07 15:59:05.719154652,39102.32,No
CUST01741,2024-04-03,20,27,East,Basic,Quarterly,716.07,0.05,Yes,3,1,34.0,3.6,2025-12-22 05:22:21.365456909,13765.8,No
CUST01742,2023-01-23,35,35,Central,Standard,Annual,1089.91,0.0,Yes,1,0,21.8,3.5,2025-12-22 09:08:46.393390660,37104.04,No
CUST01743,2025-02-23,10,28,West,Standard,Annual,1063.81,0.15,Yes,2,3,27.8,3.4,2025-12-11 22:13:07.186186241,9707.21,No
CUST01744,2024-12-21,12,34,West,Premium,Monthly,1718.47,0.0,Yes,4,0,28.4,3.5,2025-12-03 08:15:24.714681423,21150.11,No
CUST01745,2024-04-09,20,38,West,Premium,Quarterly,1828.08,0.0,Yes,1,2,35.3,2.0,2025-12-18 20:53:06.055431015,35103.22,Yes
CUST01746,2024-08-11,16,33,West,Standard,Quarterly,1187.66,0.0,No,2,0,28.9,3.8,2025-12-02 09:29:08.647235353,19528.99,Yes
CUST01747,2024-03-27,21,31,South,Basic,Quarterly,724.75,0.0,Yes,2,2,13.9,4.2,2025-12-28 03:47:08.708915078,15086.07,No
CUST01748,2023-09-13,27,49,Central,Standard,Monthly,1270.43,0.0,Yes,1,0,12.7,3.1,2025-12-26 00:28:51.074057473,34396.41,No
CUST01749,2023-11-03,25,18,Central,Basic,Monthly,745.79,0.0,Yes,1,1,18.2,1.9,2025-12-12 07:30:52.445146525,18935.41,No
CUST01750,2024-06-22,18,34,South,Basic,Quarterly,650.12,0.0,Yes,4,1,8.0,4.5,2025-12-12 19:35:39.480231650,12162.36,No
CUST01751,2024-04-21,20,25,Central,Standard,Quarterly,1346.16,0.1,No,3,1,30.0,2.5,2025-12-13 02:40:05.151139799,28075.18,No
CUST01752,2024-03-21,21,27,North,Standard,Quarterly,1270.3,0.0,Yes,5,0,47.5,1.1,2025-12-20 12:11:35.679977368,26972.09,Yes
CUST01753,2023-09-02,27,31,West,Basic,Monthly,680.5,0.0,No,2,2,26.3,2.6,2025-12-10 05:27:42.379660026,18143.07,Yes
CUST01754,2024-11-08,13,36,East,Basic,Quarterly,681.9,0.0,No,2,1,41.6,3.4,2025-12-30 00:00:00.000000000,8521.7,No
CUST01755,2024-04-18,20,22,Central,Standard,Monthly,1327.95,0.0,No,1,0,7.6,3.2,2025-12-30 00:00:00.000000000,25245.51,No
CUST01756,2024-04-28,20,45,East,Basic,Monthly,813.44,0.15,Yes,0,0,29.6,3.6,2025-12-12 03:03:26.566000382,15902.54,No
CUST01757,2024-12-27,12,30,East,Basic,Monthly,772.72,0.0,Yes,2,1,41.4,2.5,2025-12-13 06:27:07.259681592,9714.11,No
CUST01758,2025-06-23,6,30,East,Standard,Monthly,1229.4,0.1,Yes,2,0,41.1,3.5,2025-12-15 21:27:23.829924289,6908.55,Yes
CUST01759,2023-07-13,29,23,East,Standard,Annual,1323.65,0.05,Yes,3,2,38.9,2.1,2025-12-29 20:50:46.912478534,37307.21,No
CUST01760,2024-11-02,13,36,East,Standard,Monthly,1055.0,0.05,Yes,2,0,48.8,2.7,2025-12-22 17:20:05.439908418,12714.44,No
CUST01761,2024-07-07,17,20,North,Standard,Quarterly,1079.79,0.05,Yes,3,0,18.9,4.1,2025-12-18 06:21:22.570296388,17569.63,No
CUST01762,2024-07-12,17,27,West,Basic,Annual,766.81,0.0,Yes,0,1,36.0,4.6,2025-12-19 17:48:48.564377819,12285.53,No
CUST01763,2024-02-19,22,41,North,Basic,Monthly,392.48,0.05,Yes,3,0,26.8,4.4,2025-12-24 04:14:03.447379355,8254.04,No
CUST01764,2025-01-02,11,44,North,Basic,Monthly,710.07,0.0,Yes,0,1,46.1,3.1,2025-12-30 00:00:00.000000000,7437.43,No
CUST01765,2023-09-10,27,21,East,Basic,Quarterly,767.43,0.0,Yes,3,0,21.7,4.0,2025-12-30 00:00:00.000000000,20171.86,No
CUST01766,2023-09-18,27,18,East,Standard,Monthly,1090.27,0.0,Yes,4,0,38.8,4.2,2025-12-10 15:26:34.502757395,29309.15,No
CUST01767,2025-05-17,7,57,Central,Standard,Monthly,1268.98,0.0,No,2,1,18.3,4.5,2025-12-15 23:12:41.615206509,9235.07,No
CUST01768,2023-06-26,30,36,East,Premium,Annual,1839.6,0.0,Yes,4,2,32.5,4.2,2025-12-10 10:06:32.969311344,55312.28,No
CUST01769,2023-04-02,32,33,East,Standard,Monthly,1045.86,0.0,Yes,2,0,35.9,3.3,2025-12-13 02:41:12.938110677,33106.74,No
CUST01770,2023-12-23,24,28,North,Standard,Monthly,1271.84,0.0,No,3,0,20.7,2.3,2025-12-30 00:00:00.000000000,31774.96,No
CUST01771,2023-06-27,30,31,East,Basic,Monthly,777.0,0.0,Yes,1,0,6.9,2.7,2025-12-14 15:05:47.577632669,23359.64,No
CUST01772,2023-08-07,28,27,West,Standard,Quarterly,1151.01,0.0,Yes,5,3,22.2,2.0,2025-12-10 23:19:19.772085029,32517.65,No
CUST01773,2023-05-18,31,29,East,Standard,Quarterly,1058.14,0.05,Yes,0,1,9.7,4.2,2025-12-30 00:00:00.000000000,33766.18,No
CUST01774,2023-01-27,35,18,West,Standard,Monthly,1323.27,0.0,No,2,0,33.1,3.6,2025-12-28 12:28:12.225134145,45682.93,No
CUST01775,2025-03-08,9,34,East,Basic,Quarterly,803.85,0.05,No,2,0,35.2,3.4,2025-12-19 23:07:02.361255422,7736.87,No
CUST01776,2025-01-24,11,31,West,Standard,Monthly,1309.23,0.05,No,1,0,20.7,3.9,2025-12-20 14:25:38.575646907,13604.51,No
CUST01777,2023-12-29,24,28,West,Premium,Monthly,1958.32,0.05,Yes,2,0,22.3,4.8,2025-12-09 01:17:04.525635411,45502.12,No
CUST01778,2024-02-08,22,26,West,Basic,Quarterly,704.74,0.05,No,1,0,19.8,3.7,2025-12-25 15:48:09.051434603,15791.91,No
CUST01779,2023-03-10,33,25,East,Basic,Quarterly,722.77,0.15,Yes,1,2,31.4,3.9,2025-12-30 00:00:00.000000000,23597.25,No
CUST01780,2023-12-15,24,40,East,Premium,Annual,1985.81,0.0,No,3,0,16.1,2.7,2025-12-19 23:34:49.978864215,49532.94,No
CUST01781,2025-05-10,7,31,North,Premium,Monthly,2022.68,0.1,Yes,1,1,28.9,2.6,2025-12-20 03:59:31.821233770,15820.76,No
CUST01782,2025-02-22,10,23,West,Standard,Monthly,1095.36,0.0,Yes,2,0,15.7,3.2,2025-12-13 08:16:54.326942461,10265.18,No
CUST01783,2024-09-14,15,36,South,Standard,Annual,1004.27,0.05,Yes,4,0,35.9,1.4,2025-12-30 00:00:00.000000000,14854.49,No
CUST01784,2024-06-20,18,33,East,Standard,Quarterly,1215.64,0.0,Yes,1,0,17.1,1.0,2025-12-03 11:00:28.811829874,21368.54,No
CUST01785,2023-10-13,26,30,East,Basic,Monthly,652.92,0.1,No,1,1,31.9,2.2,2025-12-09 18:43:30.681764029,17024.32,Yes
CUST01786,2025-01-31,10,45,South,Premium,Annual,1997.47,0.05,Yes,2,1,29.1,2.5,2025-12-20 16:20:36.604512261,18542.41,No
CUST01787,2023-01-02,35,44,Central,Standard,Quarterly,1042.24,0.1,Yes,2,0,38.1,1.3,2025-12-25 01:45:19.162522982,36880.34,No
CUST01788,2024-03-18,21,39,East,Basic,Monthly,653.06,0.0,Yes,1,1,35.3,3.4,2025-12-10 08:56:55.454482421,13572.23,Yes
CUST01789,2024-06-15,18,45,East,Basic,Monthly,695.06,0.0,Yes,1,0,37.7,3.0,2025-12-24 02:36:59.541148057,12362.6,No
CUST01790,2025-05-23,7,52,East,Standard,Annual,1231.53,0.0,Yes,2,1,35.2,4.3,2025-12-24 06:52:34.238583264,9585.5,No
CUST01791,2025-03-25,9,31,South,Basic,Monthly,573.01,0.0,No,2,1,26.9,3.6,2025-12-17 07:00:11.238940714,5406.53,No
CUST01792,2023-12-19,24,36,West,Basic,Annual,669.54,0.0,No,1,0,16.0,4.1,2025-12-19 17:13:55.130375701,15500.06,No
CUST01793,2024-05-12,19,24,Central,Standard,Monthly,1098.59,0.05,No,2,0,25.9,3.2,2025-12-15 11:05:25.765163221,21284.92,No
CUST01794,2023-03-24,33,32,West,Standard,Monthly,1274.17,0.05,Yes,2,0,18.7,3.6,2025-12-25 05:09:45.081531890,42515.77,No
CUST01795,2024-02-21,22,24,East,Basic,Monthly,740.76,0.0,Yes,4,1,11.7,4.3,2025-12-25 22:37:22.583249893,16913.77,No
CUST01796,2023-03-30,33,36,North,Basic,Quarterly,623.55,0.05,Yes,2,1,15.2,4.6,2025-12-30 00:00:00.000000000,20104.93,No
CUST01797,2023-09-03,27,25,West,Basic,Quarterly,665.11,0.1,No,2,1,40.1,4.8,2025-12-15 04:05:06.014519639,18500.24,No
CUST01798,2024-04-28,20,35,North,Standard,Annual,1239.62,0.1,No,1,1,39.5,3.7,2025-12-19 23:16:45.452442156,24706.16,No
CUST01799,2025-02-07,10,28,South,Standard,Monthly,1211.56,0.15,No,5,1,31.4,4.1,2025-11-26 12:46:21.730884281,11470.94,Yes
CUST01800,2024-11-27,13,23,West,Basic,Monthly,747.93,0.0,Yes,2,0,28.5,3.1,2025-12-08 03:47:10.150806887,10028.93,Yes
CUST01801,2023-07-27,29,38,North,Standard,Monthly,1267.56,0.15,No,1,1,35.5,2.9,2025-12-24 08:11:19.682271750,36501.03,No
CUST01802,2023-10-08,26,18,East,Basic,Monthly,663.26,0.0,Yes,3,0,27.5,4.2,2025-12-11 08:59:52.648541132,17871.2,Yes
CUST01803,2023-12-21,24,49,South,Standard,Quarterly,1412.98,0.0,Yes,5,0,42.5,3.0,2025-12-11 23:37:48.833005078,33778.56,No
CUST01804,2023-05-07,31,35,East,Standard,Monthly,1107.41,0.0,No,0,0,37.7,4.0,2025-12-29 08:19:34.939841100,34889.38,No
CUST01805,2023-07-22,29,23,East,Premium,Monthly,1570.44,0.0,No,3,1,39.0,3.0,2025-12-29 23:53:14.780813534,46005.75,No
CUST01806,2024-12-28,12,29,South,Basic,Quarterly,668.5,0.0,Yes,3,0,23.6,3.1,2025-12-26 18:01:15.852173149,8242.16,No
CUST01807,2024-06-30,18,27,Central,Premium,Monthly,1713.51,0.05,Yes,3,1,44.9,4.4,2025-12-22 18:31:16.649149720,30392.47,No
CUST01808,2023-10-04,26,31,North,Standard,Monthly,1173.24,0.0,Yes,2,0,43.1,2.9,2025-12-21 22:09:14.149655540,29664.11,No
CUST01809,2025-04-03,8,43,Central,Basic,Annual,805.37,0.05,Yes,2,1,31.3,3.2,2025-12-20 05:31:42.630384041,6219.82,No
CUST01810,2024-07-18,17,37,South,Basic,Monthly,459.35,0.0,No,2,2,27.1,2.7,2025-11-30 04:52:14.217454215,7985.42,Yes
CUST01811,2023-11-20,25,24,Central,Standard,Annual,1360.48,0.0,Yes,6,2,20.4,2.9,2025-12-10 11:35:40.368426755,32661.75,No
CUST01812,2023-12-31,24,19,South,Premium,Monthly,1862.12,0.05,No,2,3,18.3,3.2,2025-12-20 15:37:10.596960048,43089.1,No
CUST01813,2023-09-27,27,34,North,Standard,Quarterly,1363.4,0.0,Yes,2,0,37.2,3.8,2025-12-24 08:10:48.090728154,36601.67,No
CUST01814,2023-04-01,33,41,Central,Premium,Monthly,2103.19,0.0,Yes,4,2,43.9,2.8,2025-12-24 03:49:46.128441335,68502.49,No
CUST01815,2025-03-11,9,18,East,Basic,Monthly,770.73,0.0,Yes,2,0,13.3,4.2,2025-12-27 23:38:43.672106835,7274.28,No
CUST01816,2023-01-16,35,39,West,Premium,Monthly,2346.91,0.15,No,2,0,23.6,4.1,2025-12-21 10:07:32.286839460,80489.08,No
CUST01817,2023-08-24,28,36,South,Premium,Monthly,1917.57,0.0,Yes,3,0,25.7,1.5,2025-12-09 21:41:20.227389551,53489.67,No
CUST01818,2024-03-25,21,37,East,Premium,Monthly,2314.03,0.0,Yes,1,4,30.2,3.5,2025-12-14 10:08:50.272473457,49882.85,No
CUST01819,2024-02-21,22,54,Central,Basic,Annual,678.25,0.0,Yes,3,0,13.8,4.2,2025-12-27 14:56:35.347618718,15245.82,No
CUST01820,2024-01-21,23,37,West,Standard,Quarterly,1302.74,0.0,No,2,0,28.2,3.9,2025-12-05 18:58:44.076409721,31201.6,No
CUST01821,2024-12-27,12,47,Central,Basic,Monthly,662.38,0.1,No,1,2,45.9,4.7,2025-12-20 01:40:26.697210168,7530.94,No
CUST01822,2025-04-09,8,35,South,Standard,Monthly,1114.11,0.0,Yes,0,2,37.3,2.0,2025-12-11 04:50:46.598604153,9274.91,No
CUST01823,2024-10-03,14,49,South,Basic,Monthly,781.76,0.05,Yes,6,0,20.3,2.5,2025-12-18 12:48:38.391398926,11677.43,No
CUST01824,2023-08-02,28,30,East,Premium,Monthly,1816.39,0.05,No,3,0,16.9,3.5,2025-12-30 00:00:00.000000000,49619.87,No
CUST01825,2024-05-04,19,34,East,Standard,Annual,1355.69,0.05,No,1,1,27.3,4.9,2025-12-22 23:21:08.822994192,26997.46,No
CUST01826,2023-08-17,28,36,Central,Basic,Quarterly,636.05,0.1,No,0,1,20.4,3.4,2025-12-12 16:21:02.353460547,17930.3,No
CUST01827,2024-10-16,14,38,Central,Basic,Monthly,748.31,0.1,No,1,0,24.4,3.9,2025-12-16 21:39:30.217936652,9924.3,Yes
CUST01828,2023-01-09,35,34,North,Standard,Annual,1255.32,0.0,Yes,1,0,37.4,2.0,2025-12-29 06:01:09.035522953,45071.31,No
CUST01829,2023-04-03,32,18,South,Basic,Monthly,605.27,0.0,No,2,0,36.2,3.1,2025-12-12 07:50:37.470622949,19503.95,No
CUST01830,2024-06-15,18,39,North,Basic,Quarterly,720.91,0.0,Yes,3,0,26.1,3.0,2025-12-22 10:55:33.617393254,13084.34,No
CUST01831,2024-10-05,14,39,West,Standard,Monthly,1321.72,0.0,Yes,2,0,17.5,3.7,2025-12-12 07:27:35.882926814,17825.24,No
CUST01832,2023-03-15,33,50,East,Basic,Monthly,695.26,0.0,No,4,0,20.0,3.0,2025-12-17 03:11:55.957621584,22292.59,No
CUST01833,2023-12-13,24,28,North,Standard,Monthly,1175.57,0.0,Yes,3,0,47.4,3.8,2025-12-23 11:15:51.761319763,28445.2,No
CUST01834,2024-10-25,14,40,North,Basic,Monthly,725.03,0.05,Yes,3,0,16.1,3.1,2025-11-28 09:32:05.347861573,9588.23,Yes
CUST01835,2024-11-14,13,50,East,Premium,Monthly,1691.97,0.0,Yes,3,1,38.0,2.5,2025-12-15 03:32:27.785289616,20613.27,No
CUST01836,2024-07-31,17,37,Central,Standard,Monthly,1153.76,0.05,Yes,1,1,26.5,4.9,2025-12-19 08:15:27.983947608,20279.59,No
CUST01837,2025-03-26,9,24,East,Basic,Quarterly,676.28,0.0,Yes,2,1,29.8,4.4,2025-12-02 00:20:41.930122774,5597.61,No
CUST01838,2023-01-24,35,22,North,Standard,Quarterly,1485.72,0.0,Yes,2,0,21.2,3.4,2025-12-18 22:39:48.146044404,52975.27,No
CUST01839,2025-01-01,11,28,East,Standard,Annual,1238.76,0.05,Yes,1,2,29.3,3.0,2025-12-21 18:31:06.226322526,13895.33,No
CUST01840,2023-08-27,28,37,North,Basic,Monthly,740.13,0.15,Yes,1,2,25.6,3.4,2025-12-12 04:40:01.865311974,20478.24,No
CUST01841,2025-05-27,7,22,Central,Standard,Monthly,1346.81,0.05,No,3,1,35.1,3.0,2025-12-23 07:56:04.156284489,10003.42,No
CUST01842,2024-01-12,23,41,Central,Standard,Annual,1293.76,0.05,Yes,2,0,40.0,3.4,2025-12-30 00:00:00.000000000,29848.48,No
CUST01843,2025-05-24,7,22,Central,Basic,Annual,620.87,0.15,No,0,3,34.3,3.8,2025-12-06 22:24:15.503494977,4027.87,Yes
CUST01844,2023-03-01,34,39,West,Premium,Monthly,2278.73,0.0,Yes,3,0,18.7,5.0,2025-12-17 23:32:39.679869578,78143.38,No
CUST01845,2024-12-23,12,42,East,Standard,Annual,1321.09,0.1,No,1,0,20.3,4.5,2025-12-17 10:19:26.701234433,16855.17,No
CUST01846,2025-06-25,6,26,Central,Standard,Quarterly,1062.11,0.1,Yes,3,0,42.3,4.8,2025-12-17 07:54:12.848633047,5994.19,No
CUST01847,2023-06-09,30,49,West,Basic,Monthly,611.49,0.0,Yes,4,0,15.6,2.7,2025-12-05 13:38:09.881624735,17993.0,Yes
CUST01848,2023-03-26,33,30,West,Premium,Monthly,1691.44,0.0,No,2,1,21.9,3.0,2025-12-23 17:38:30.678128359,56686.89,No
CUST01849,2025-02-10,10,18,North,Basic,Quarterly,765.26,0.05,Yes,2,0,29.3,3.9,2025-12-26 03:14:07.764211116,7323.54,No
CUST01850,2023-06-30,30,33,Central,Premium,Quarterly,1519.42,0.1,Yes,1,0,18.5,2.9,2025-12-10 18:17:57.712589394,45842.5,No
CUST01851,2025-05-22,7,38,Central,Standard,Monthly,1283.91,0.1,No,0,1,20.4,3.0,2025-12-18 08:48:20.142827733,7930.74,No
CUST01852,2023-02-09,34,29,South,Standard,Annual,1256.33,0.0,Yes,1,0,12.0,3.9,2025-12-11 09:05:58.881607680,42284.38,No
CUST01853,2023-04-01,33,40,East,Premium,Quarterly,1750.46,0.05,Yes,3,0,18.4,3.5,2025-12-17 10:17:14.823796935,58556.92,No
CUST01854,2024-07-20,17,48,West,Premium,Monthly,2135.82,0.05,Yes,5,0,17.6,2.9,2025-12-30 00:00:00.000000000,37855.66,No
CUST01855,2025-05-14,7,37,South,Premium,Monthly,1812.21,0.0,Yes,2,0,14.3,3.5,2025-12-13 16:04:19.524334008,10931.71,No
CUST01856,2024-03-13,21,39,West,Basic,Monthly,828.2,0.05,Yes,1,0,6.0,2.7,2025-12-17 13:38:50.023580275,16874.26,No
CUST01857,2024-05-02,19,44,West,Standard,Quarterly,988.15,0.05,Yes,6,0,29.1,3.9,2025-12-16 03:58:57.855917021,18584.84,No
CUST01858,2024-09-22,15,34,East,Standard,Quarterly,1361.3,0.05,Yes,3,0,16.2,4.2,2025-12-24 23:22:58.609079020,21661.99,No
CUST01859,2024-01-27,23,42,West,Standard,Monthly,1044.21,0.0,No,3,1,22.1,4.4,2025-12-07 05:32:42.826707672,24616.66,Yes
CUST01860,2024-06-22,18,32,East,Premium,Quarterly,1801.78,0.05,Yes,3,0,26.8,2.1,2025-12-21 20:21:57.355878240,32192.06,No
CUST01861,2024-07-25,17,23,East,Standard,Monthly,1210.79,0.0,No,1,0,23.8,4.7,2025-12-30 00:00:00.000000000,21510.79,No
CUST01862,2023-10-30,26,37,South,Basic,Monthly,761.01,0.05,Yes,0,0,21.9,3.6,2025-12-20 09:34:54.530803791,19414.43,No
CUST01863,2023-08-05,28,27,Central,Standard,Monthly,1223.02,0.0,Yes,1,0,37.9,3.4,2025-12-13 00:42:38.410389012,35333.84,No
CUST01864,2023-08-08,28,33,North,Standard,Quarterly,1213.93,0.0,No,4,2,29.3,5.0,2025-12-29 09:43:42.937101103,34204.12,No
CUST01865,2025-03-27,9,34,North,Standard,Monthly,1310.18,0.05,Yes,3,0,31.7,2.9,2025-12-20 20:52:12.748088894,10488.18,No
CUST01866,2024-06-13,18,37,East,Standard,Quarterly,1140.81,0.1,Yes,1,1,22.8,3.7,2025-12-16 05:49:09.998286710,21036.29,No
CUST01867,2024-02-18,22,18,Central,Basic,Monthly,702.97,0.05,Yes,1,0,41.0,3.9,2025-12-13 02:19:04.955495356,16011.98,No
CUST01868,2023-03-17,33,34,East,Standard,Monthly,1175.76,0.0,No,0,0,37.8,3.4,2025-12-17 11:02:51.214667531,39470.3,No
CUST01869,2023-08-15,28,23,South,Basic,Annual,688.83,0.0,Yes,4,0,18.4,4.0,2025-12-23 14:33:07.495911867,18664.41,No
CUST01870,2024-07-21,17,24,North,Basic,Quarterly,705.17,0.05,Yes,0,0,40.3,2.4,2025-12-21 10:57:22.056680428,11850.4,No
CUST01871,2023-10-31,26,45,West,Standard,Quarterly,1148.32,0.0,No,2,2,14.4,4.7,2025-12-22 10:26:36.159144525,28947.83,No
CUST01872,2024-12-11,12,22,East,Premium,Monthly,1527.56,0.05,Yes,2,1,46.6,3.5,2025-12-26 10:41:36.664162144,17823.03,No
CUST01873,2025-04-17,8,47,South,Standard,Annual,1214.26,0.0,No,1,3,27.3,3.1,2025-12-30 00:00:00.000000000,9949.75,No
CUST01874,2024-08-08,16,27,West,Standard,Monthly,1127.86,0.15,Yes,0,0,16.3,4.4,2025-12-10 08:49:06.043941239,18794.3,No
CUST01875,2024-09-24,15,43,Central,Standard,Monthly,1501.29,0.0,Yes,4,0,42.5,3.0,2025-12-16 12:11:54.205354441,23367.98,No
CUST01876,2023-09-24,27,40,West,Basic,Quarterly,838.09,0.0,No,3,1,2.0,3.8,2025-12-15 19:42:19.701757360,22659.24,No
CUST01877,2024-08-12,16,29,West,Premium,Monthly,2072.93,0.0,No,5,0,24.0,3.0,2025-12-10 06:34:40.415751144,32721.48,No
CUST01878,2023-11-07,25,43,North,Standard,Monthly,1146.37,0.0,Yes,2,1,35.6,4.0,2025-12-15 11:24:15.272868747,27906.84,No
CUST01879,2023-09-12,27,18,North,Standard,Monthly,1215.8,0.0,No,2,1,8.0,4.5,2025-12-16 01:28:22.845706914,31797.67,No
CUST01880,2023-11-18,25,36,East,Standard,Quarterly,1437.25,0.0,No,0,1,29.4,3.1,2025-12-02 04:24:48.477339948,34951.58,Yes
CUST01881,2024-11-06,13,32,West,Standard,Monthly,1166.57,0.0,Yes,2,0,29.8,2.8,2025-12-10 22:23:26.871286483,16010.61,No
CUST01882,2024-10-07,14,41,East,Standard,Quarterly,1348.84,0.0,No,1,1,30.7,3.2,2025-12-12 20:33:50.204325554,18344.5,No
CUST01883,2023-05-13,31,29,North,Premium,Monthly,2060.84,0.05,Yes,3,2,31.9,3.9,2025-12-17 03:32:33.972197903,63033.44,No
CUST01884,2023-05-20,31,37,East,Basic,Annual,792.74,0.0,Yes,5,1,22.2,4.9,2025-12-11 13:57:28.474450465,23954.68,No
CUST01885,2025-04-10,8,31,East,Standard,Monthly,1040.74,0.0,Yes,0,0,19.9,4.4,2025-12-28 18:50:56.481969149,7873.2,No
CUST01886,2023-02-20,34,40,West,Standard,Monthly,1062.96,0.0,Yes,0,0,35.8,4.1,2025-12-16 02:24:38.056879400,35158.11,No
CUST01887,2023-02-18,34,42,East,Standard,Annual,1309.35,0.0,Yes,2,0,18.8,2.9,2025-12-14 04:49:43.153141631,44532.55,No
CUST01888,2023-10-02,26,21,West,Standard,Quarterly,1370.01,0.0,No,2,0,37.6,3.2,2025-12-22 15:25:19.291728113,34439.13,No
CUST01889,2024-10-11,14,52,West,Basic,Annual,746.34,0.0,Yes,4,1,28.3,1.6,2025-12-08 05:13:22.957285680,9974.9,No
CUST01890,2023-05-13,31,33,North,Premium,Monthly,1715.3,0.0,No,1,0,32.5,2.7,2025-12-14 18:41:13.557160839,52562.66,No
CUST01891,2023-01-28,35,55,East,Basic,Monthly,764.22,0.0,Yes,3,0,40.4,2.9,2025-12-17 02:02:57.202046647,27017.93,No
CUST01892,2023-07-09,29,28,South,Standard,Monthly,1222.0,0.0,No,1,1,11.2,4.0,2025-12-13 20:44:11.683191869,36630.24,No
CUST01893,2023-06-03,30,35,East,Basic,Annual,806.5,0.0,Yes,4,2,33.1,3.8,2025-12-16 15:21:40.206495111,24645.64,Yes
CUST01894,2023-05-11,31,48,East,Premium,Annual,1893.2,0.1,Yes,1,0,36.6,3.5,2025-12-24 21:30:17.329041234,59440.1,No
CUST01895,2025-05-21,7,31,South,Basic,Monthly,709.95,0.0,No,2,0,19.9,4.6,2025-12-20 09:06:23.439146994,4615.72,No
CUST01896,2025-03-20,9,44,South,Standard,Monthly,1134.1,0.1,Yes,4,1,23.7,2.9,2025-12-08 02:19:05.235983176,10346.27,No
CUST01897,2024-06-12,18,32,West,Standard,Quarterly,1270.91,0.0,Yes,4,1,28.3,2.6,2025-12-17 23:59:02.859756447,22741.97,No
CUST01898,2023-11-12,25,35,Central,Standard,Monthly,1402.97,0.0,Yes,1,0,29.9,2.4,2025-12-30 00:00:00.000000000,34533.48,No
CUST01899,2024-07-31,17,33,East,Premium,Monthly,1849.85,0.0,No,2,0,29.5,4.6,2025-12-14 07:22:22.097575324,31708.11,No
CUST01900,2025-03-23,9,36,North,Basic,Monthly,700.74,0.0,Yes,0,0,31.0,3.5,2025-12-22 10:52:04.418519883,5707.24,No
CUST01901,2025-05-16,7,54,North,Standard,Quarterly,1335.06,0.1,Yes,1,1,31.5,3.8,2025-12-17 04:55:18.869190122,10019.2,No
CUST01902,2025-06-04,6,28,Central,Standard,Quarterly,1174.85,0.05,Yes,0,0,32.6,2.4,2025-12-18 13:43:49.817320274,6171.4,No
CUST01903,2025-03-09,9,37,Central,Basic,Monthly,659.82,0.05,Yes,2,1,11.4,3.0,2025-12-30 00:00:00.000000000,5393.85,No
CUST01904,2023-10-30,26,31,East,Standard,Quarterly,933.81,0.1,Yes,2,0,36.0,3.0,2025-12-12 11:39:58.813545264,24839.99,No
CUST01905,2023-10-22,26,35,South,Premium,Quarterly,1985.83,0.0,No,4,0,28.7,3.4,2025-12-30 00:00:00.000000000,52200.2,No
CUST01906,2024-12-31,11,34,West,Standard,Monthly,1210.63,0.05,Yes,1,0,4.4,4.0,2025-12-30 00:00:00.000000000,12497.98,No
CUST01907,2025-04-23,8,35,South,Basic,Quarterly,619.33,0.0,No,2,0,39.2,4.1,2025-12-16 14:33:58.314833946,4576.24,No
CUST01908,2023-03-09,33,39,West,Standard,Quarterly,1138.31,0.0,No,1,1,27.9,3.5,2025-12-22 20:13:00.350797642,38239.88,No
CUST01909,2024-11-29,13,56,Central,Standard,Monthly,1160.3,0.0,No,0,0,22.1,2.9,2025-12-17 08:18:10.430731512,15363.17,No
CUST01910,2023-06-11,30,20,South,Basic,Annual,789.39,0.0,Yes,2,1,16.0,3.2,2025-12-14 10:30:19.799302176,23261.05,No
CUST01911,2024-11-29,13,32,South,Premium,Quarterly,1726.46,0.0,No,2,1,22.5,4.2,2025-12-07 09:44:08.993304612,23023.55,No
CUST01912,2023-03-05,33,39,Central,Standard,Monthly,1193.63,0.0,Yes,3,1,31.0,3.6,2025-12-21 07:11:39.825419010,40495.01,No
CUST01913,2024-01-14,23,47,East,Standard,Quarterly,1334.46,0.15,Yes,6,0,27.1,2.1,2025-12-20 09:21:39.343218322,30763.75,No
CUST01914,2024-09-17,15,21,Central,Standard,Quarterly,1179.03,0.1,No,3,2,29.6,3.7,2025-12-20 03:42:09.543801356,17006.14,No
CUST01915,2024-05-13,19,56,East,Standard,Monthly,975.29,0.1,Yes,3,1,4.8,3.1,2025-12-13 06:46:40.554013847,19139.14,No
CUST01916,2024-10-16,14,41,South,Standard,Quarterly,1147.77,0.0,Yes,0,1,16.2,3.4,2025-12-15 15:43:48.372963963,15797.63,No
CUST01917,2024-03-12,21,55,Central,Standard,Quarterly,1347.59,0.05,No,2,3,31.0,3.2,2025-11-24 16:16:45.794131153,27679.01,Yes
CUST01918,2023-10-16,26,43,East,Standard,Annual,1118.48,0.0,Yes,1,1,22.9,3.1,2025-12-09 17:47:44.723829040,28448.91,No
CUST01919,2023-09-01,27,35,South,Premium,Quarterly,1909.94,0.1,Yes,2,0,17.9,3.2,2025-12-20 03:35:16.578451254,50542.68,No
CUST01920,2023-07-13,29,28,West,Basic,Monthly,774.23,0.05,Yes,5,0,18.3,2.9,2025-12-16 00:59:37.413819465,22556.95,No
CUST01921,2023-06-14,30,37,Central,Basic,Monthly,710.47,0.0,Yes,3,0,25.9,2.9,2025-12-09 19:33:07.985805023,21300.8,No
CUST01922,2023-11-16,25,37,Central,Standard,Monthly,1306.25,0.1,Yes,1,0,29.3,3.2,2025-12-16 00:00:33.907110694,32379.2,No
CUST01923,2024-02-13,22,20,South,Basic,Quarterly,628.02,0.0,Yes,2,0,16.6,3.7,2025-12-20 21:25:27.740371484,13409.64,No
CUST01924,2024-02-14,22,35,East,Standard,Monthly,1444.11,0.0,Yes,3,0,25.3,3.4,2025-12-18 16:47:21.167115130,32797.78,No
CUST01925,2023-10-04,26,31,Central,Basic,Monthly,711.26,0.05,No,2,1,32.0,4.1,2025-12-13 01:28:55.451679192,18529.77,Yes
CUST01926,2024-05-15,19,38,South,Standard,Monthly,1471.68,0.0,No,3,1,36.6,4.2,2025-12-15 22:42:01.893803291,29302.6,No
CUST01927,2023-01-22,35,23,South,Basic,Quarterly,779.01,0.0,Yes,2,1,34.9,4.5,2025-12-15 13:55:19.496576257,27347.72,No
CUST01928,2024-04-14,20,25,North,Standard,Monthly,1206.62,0.0,Yes,3,1,7.2,3.2,2025-12-20 03:37:13.849249187,25132.14,No
CUST01929,2024-09-21,15,29,North,Standard,Annual,1433.78,0.0,Yes,0,1,17.2,3.8,2025-12-03 00:33:21.642018449,20101.23,No
CUST01930,2024-05-20,19,37,West,Basic,Annual,825.3,0.15,Yes,6,0,44.7,2.2,2025-12-30 00:00:00.000000000,15084.56,No
CUST01931,2023-04-29,32,27,West,Standard,Annual,918.72,0.05,Yes,3,0,12.2,3.6,2025-12-30 00:00:00.000000000,29634.04,No
CUST01932,2025-02-21,10,18,Central,Standard,Annual,1127.67,0.05,No,1,0,22.1,2.7,2025-12-17 10:57:28.824915148,10678.12,No
CUST01933,2025-03-05,9,21,South,Basic,Monthly,748.1,0.0,Yes,4,0,28.5,3.9,2025-12-14 23:56:09.483344212,6498.51,No
CUST01934,2025-06-04,6,43,Central,Basic,Annual,639.59,0.0,Yes,3,0,31.3,2.3,2025-12-18 01:04:49.898780850,3952.83,No
CUST01935,2023-12-15,24,41,Central,Standard,Quarterly,1094.72,0.0,Yes,1,1,27.3,2.6,2025-12-27 16:05:27.348451374,25668.42,No
CUST01936,2024-07-19,17,32,Central,Standard,Quarterly,1022.51,0.0,Yes,6,1,16.9,4.4,2025-12-15 08:06:57.586019671,16453.16,No
CUST01937,2024-01-20,23,40,East,Basic,Quarterly,591.9,0.1,Yes,1,1,35.2,3.1,2025-12-23 11:49:00.907711963,13065.16,No
CUST01938,2025-02-18,10,25,North,Standard,Monthly,1334.64,0.0,No,2,2,23.9,4.5,2025-11-22 11:26:00.913995292,12367.45,Yes
CUST01939,2024-05-26,19,29,West,Standard,Monthly,1249.52,0.05,Yes,2,3,24.9,3.7,2025-12-30 00:00:00.000000000,24335.24,No
CUST01940,2024-11-20,13,30,North,Standard,Monthly,1507.11,0.0,Yes,2,1,28.8,4.0,2025-12-30 00:00:00.000000000,18591.22,No
CUST01941,2023-03-07,33,46,North,Basic,Monthly,622.83,0.0,No,2,0,23.2,3.2,2025-12-06 23:45:28.292240258,20986.68,Yes
CUST01942,2025-05-19,7,35,Central,Basic,Annual,699.41,0.0,No,0,0,22.7,4.1,2025-12-08 17:42:24.839009632,4769.61,No
CUST01943,2024-10-10,14,24,West,Standard,Monthly,1210.95,0.0,Yes,2,0,24.0,2.7,2025-12-22 01:13:08.558643562,16348.0,No
CUST01944,2024-03-01,22,32,North,Standard,Quarterly,1402.2,0.0,No,2,0,12.2,2.5,2025-12-13 09:36:55.113108861,29480.11,No
CUST01945,2023-04-25,32,28,South,Premium,Monthly,2077.56,0.0,Yes,2,1,26.6,4.0,2025-12-14 14:29:08.211049538,67468.48,No
CUST01946,2024-09-03,15,44,South,Premium,Quarterly,1892.03,0.0,No,1,1,28.9,4.0,2025-12-06 23:15:35.896829565,27816.78,Yes
CUST01947,2024-08-24,16,39,West,Standard,Monthly,1250.19,0.05,No,4,0,33.7,2.6,2025-12-14 05:02:22.959820076,20572.07,No
CUST01948,2024-08-09,16,38,Central,Basic,Quarterly,932.9,0.0,No,4,2,18.9,3.9,2025-12-17 14:37:28.999414768,15807.86,No
CUST01949,2023-03-30,33,28,West,Standard,Monthly,1328.66,0.0,No,0,0,27.0,2.9,2025-12-30 00:00:00.000000000,43880.86,No
CUST01950,2023-04-07,32,43,Central,Basic,Monthly,795.41,0.1,Yes,4,0,11.2,2.3,2025-11-30 22:20:58.186542737,25883.37,Yes
CUST01951,2024-04-03,20,40,East,Basic,Monthly,689.89,0.0,No,1,0,30.7,3.0,2025-12-14 11:02:20.830665057,14251.46,No
CUST01952,2023-09-18,27,18,South,Basic,Monthly,686.93,0.0,No,1,2,27.6,3.1,2025-12-09 08:39:32.663921703,19174.84,No
CUST01953,2024-03-24,21,33,East,Standard,Quarterly,1262.46,0.1,Yes,2,0,18.6,2.1,2025-12-20 08:22:10.599718639,26596.71,No
CUST01954,2024-04-11,20,37,East,Standard,Monthly,1205.22,0.05,No,3,0,27.6,3.1,2025-12-17 14:06:30.624604278,23563.27,No
CUST01955,2024-01-06,23,36,South,Premium,Quarterly,1976.17,0.0,No,0,0,37.3,3.0,2025-12-17 22:35:25.876651676,43929.99,No
CUST01956,2024-06-20,18,36,Central,Basic,Annual,673.26,0.0,Yes,1,2,17.2,3.7,2025-12-18 00:50:15.398505448,12616.18,No
CUST01957,2024-05-20,19,37,West,Standard,Quarterly,1195.34,0.0,Yes,3,1,26.2,3.5,2025-12-12 15:07:02.722127480,22398.89,No
CUST01958,2023-04-26,32,43,North,Standard,Monthly,1241.57,0.05,Yes,2,0,2.0,3.9,2025-12-22 01:43:14.792047254,38723.39,No
CUST01959,2024-05-20,19,43,East,Basic,Quarterly,526.89,0.1,Yes,1,0,26.7,3.7,2025-12-12 19:09:42.473306374,9662.28,No
CUST01960,2023-04-13,32,35,West,Basic,Annual,703.26,0.05,No,3,0,18.9,4.6,2025-12-05 22:30:20.262198056,22416.19,No
CUST01961,2024-01-20,23,24,Central,Premium,Annual,1978.44,0.0,Yes,1,1,31.4,3.0,2025-12-30 00:00:00.000000000,43686.12,No
CUST01962,2023-11-17,25,18,West,Standard,Annual,1255.29,0.0,No,3,0,26.6,3.7,2025-12-10 14:27:24.972209295,31505.01,No
CUST01963,2024-07-27,17,23,North,Standard,Annual,1118.42,0.05,Yes,2,1,30.5,3.8,2025-12-21 02:05:01.700599791,18791.69,No
CUST01964,2023-01-26,35,31,East,Basic,Monthly,682.23,0.1,Yes,4,0,20.5,4.2,2025-12-30 00:00:00.000000000,24282.18,No
CUST01965,2023-03-15,33,38,North,Basic,Quarterly,733.44,0.1,No,0,0,22.8,3.3,2025-12-15 14:56:34.701911264,23659.32,No
CUST01966,2023-04-23,32,54,Central,Standard,Monthly,1506.02,0.0,No,0,1,13.7,3.0,2025-12-17 12:02:17.042751727,47449.92,No
CUST01967,2023-10-21,26,41,Central,Standard,Quarterly,1234.73,0.05,Yes,7,0,23.5,2.5,2025-12-28 10:10:43.773579256,31882.83,No
CUST01968,2025-03-05,9,21,East,Basic,Annual,769.57,0.0,Yes,2,0,32.3,3.2,2025-12-23 01:23:50.392908883,6470.03,No
CUST01969,2024-03-04,21,40,East,Standard,Monthly,1402.4,0.05,No,3,1,30.5,3.4,2025-12-09 12:54:14.361292423,28240.75,No
CUST01970,2023-11-16,25,27,South,Standard,Quarterly,1128.88,0.0,Yes,3,0,25.0,2.3,2025-12-12 03:48:42.399644994,28054.3,No
CUST01971,2025-01-28,11,24,West,Standard,Monthly,1450.75,0.0,Yes,2,0,20.8,4.6,2025-12-06 07:27:11.320114680,17281.53,No
CUST01972,2025-03-30,9,30,South,Standard,Monthly,1291.21,0.05,Yes,1,0,15.8,3.4,2025-12-30 00:00:00.000000000,12053.21,No
CUST01973,2024-07-29,17,43,West,Standard,Annual,1303.03,0.1,Yes,1,1,32.5,2.7,2025-12-24 07:05:51.330094461,21288.09,No
CUST01974,2024-05-16,19,32,East,Standard,Monthly,1310.04,0.0,Yes,1,0,22.9,4.1,2025-12-29 14:40:35.839919180,25621.5,No
CUST01975,2025-02-16,10,41,South,Basic,Monthly,806.12,0.0,Yes,4,0,23.1,4.1,2025-12-28 20:44:40.106214920,8457.12,No
CUST01976,2024-02-08,22,33,East,Basic,Quarterly,604.91,0.05,Yes,3,0,19.4,3.6,2025-12-03 13:59:21.166319029,13619.33,Yes
CUST01977,2023-09-02,27,29,Central,Premium,Monthly,2166.73,0.1,No,3,1,18.3,4.0,2025-12-12 01:52:37.192944936,57033.49,No
CUST01978,2023-10-21,26,34,East,Standard,Quarterly,1301.45,0.0,Yes,0,0,34.4,3.1,2025-12-17 19:08:31.655510932,33121.21,No
CUST01979,2023-09-30,27,51,West,Basic,Monthly,684.37,0.0,Yes,2,0,25.1,3.6,2025-12-09 23:47:09.941047962,18262.1,No
CUST01980,2023-07-07,29,33,North,Basic,Monthly,660.97,0.05,Yes,0,0,23.0,2.9,2025-12-14 22:44:51.414199708,19117.96,No
CUST01981,2023-10-05,26,45,West,Standard,Monthly,1178.53,0.0,Yes,2,2,33.4,5.0,2025-12-11 23:50:00.660016145,30160.01,Yes
CUST01982,2024-08-29,16,48,North,Basic,Monthly,735.36,0.05,Yes,3,2,16.5,3.4,2025-12-18 19:13:53.215199170,12311.33,No
CUST01983,2024-07-21,17,49,Central,Standard,Monthly,1305.56,0.0,Yes,1,3,33.3,4.2,2025-12-03 10:17:31.094745971,21786.72,Yes
CUST01984,2024-08-04,16,36,South,Basic,Annual,618.84,0.1,Yes,2,1,25.7,2.9,2025-12-26 13:24:25.778778282,9671.93,No
CUST01985,2024-02-16,22,43,East,Basic,Annual,703.26,0.0,No,3,0,9.9,2.5,2025-12-26 18:08:59.910417232,15367.97,No
CUST01986,2024-05-01,20,38,East,Standard,Quarterly,1072.02,0.0,No,2,1,41.3,3.1,2025-12-21 05:04:36.051957360,20499.35,No
CUST01987,2024-01-25,23,21,Central,Standard,Monthly,1232.67,0.05,Yes,1,0,14.2,2.1,2025-12-19 16:27:10.597417569,27349.62,No
CUST01988,2023-01-14,35,28,South,Basic,Monthly,664.06,0.0,Yes,0,0,35.2,2.7,2025-12-13 06:44:05.250047560,23757.81,No
CUST01989,2023-05-12,31,30,Central,Basic,Monthly,814.89,0.0,No,0,1,42.8,3.2,2025-12-21 06:50:09.909195021,25907.07,No
CUST01990,2024-10-21,14,52,Central,Premium,Monthly,2177.48,0.0,Yes,3,1,21.8,3.1,2025-12-16 14:56:48.485766230,32081.73,No
CUST01991,2023-08-25,28,23,West,Standard,Quarterly,1155.81,0.0,No,2,2,13.3,2.8,2025-12-12 15:37:08.155097337,32489.42,No
CUST01992,2024-06-05,18,24,East,Standard,Annual,1200.62,0.05,Yes,2,1,36.6,2.7,2025-12-30 00:00:00.000000000,22132.68,No
CUST01993,2023-05-19,31,40,East,Standard,Monthly,1006.82,0.0,Yes,2,1,36.9,5.0,2025-12-17 21:17:34.337971548,31915.24,No
CUST01994,2024-07-09,17,40,West,Standard,Quarterly,1532.63,0.1,No,2,1,29.3,3.9,2025-12-26 19:41:44.937086525,24598.94,No
CUST01995,2025-01-12,11,34,East,Standard,Monthly,1579.99,0.0,Yes,2,2,29.2,3.6,2025-12-26 13:43:06.537830598,17059.23,No
CUST01996,2024-03-31,21,23,Central,Premium,Monthly,1790.45,0.0,Yes,2,2,38.2,3.3,2025-12-12 10:44:32.219836852,35939.49,Yes
CUST01997,2024-12-01,12,18,East,Basic,Monthly,488.92,0.15,No,3,0,20.8,3.5,2025-11-28 01:35:24.095081697,5742.77,Yes
CUST01998,2024-05-07,19,49,North,Standard,Annual,1162.15,0.0,Yes,1,1,30.3,2.7,2025-12-20 03:16:33.257344037,22058.9,No
CUST01999,2023-09-16,27,30,South,Standard,Monthly,978.15,0.1,Yes,3,1,15.5,4.9,2025-12-24 11:55:05.986813985,25933.77,No
CUST02000,2023-04-03,32,38,Central,Basic,Monthly,601.88,0.0,No,2,1,46.3,2.0,2025-12-30 00:00:00.000000000,18703.29,No
CUST02001,2023-06-17,30,28,Central,Standard,Monthly,1255.25,0.0,No,6,0,26.7,3.2,2025-12-22 22:18:24.293959650,38074.48,No
CUST02002,2023-09-06,27,24,Central,Basic,Monthly,884.26,0.05,Yes,2,1,22.9,3.8,2025-12-19 16:35:03.984413672,24690.2,No
CUST02003,2024-11-30,13,28,Central,Basic,Monthly,638.97,0.05,No,0,0,26.1,4.7,2025-12-20 05:43:20.520041469,7928.44,No
CUST02004,2024-06-08,18,46,East,Standard,Monthly,1174.61,0.0,No,2,1,28.5,5.0,2025-12-08 02:09:26.207494045,20837.71,No
CUST02005,2023-05-25,31,41,West,Standard,Monthly,1317.79,0.05,Yes,4,1,23.5,2.8,2025-12-10 09:05:42.421939046,40902.68,No
CUST02006,2024-06-26,18,58,East,Premium,Monthly,1896.61,0.05,No,3,0,33.4,4.2,2025-12-12 12:45:35.982172443,33211.93,No
CUST02007,2023-12-13,24,25,Central,Basic,Monthly,737.47,0.0,Yes,3,0,34.4,3.7,2025-12-16 23:51:38.584014354,17833.44,No
CUST02008,2024-03-10,21,30,East,Standard,Annual,1073.28,0.0,Yes,3,0,26.1,1.5,2025-12-15 07:22:50.445696288,22479.44,No
CUST02009,2024-10-10,14,34,North,Premium,Quarterly,1969.03,0.0,Yes,6,2,18.6,2.8,2025-11-15 18:38:42.585439203,27843.94,Yes
CUST02010,2023-10-02,26,43,East,Basic,Quarterly,702.79,0.05,No,3,0,43.2,2.0,2025-12-11 11:42:48.729572983,18876.14,Yes
CUST02011,2023-04-09,32,47,South,Standard,Quarterly,1267.19,0.0,Yes,2,1,32.9,3.5,2025-12-18 20:04:25.736171869,41647.77,No
CUST02012,2023-08-04,28,24,East,Basic,Annual,670.84,0.0,Yes,2,2,29.9,3.7,2025-12-19 01:02:35.497307544,18201.64,No
CUST02013,2024-10-25,14,33,North,Basic,Monthly,596.94,0.1,No,0,1,47.8,2.7,2025-12-01 04:21:45.014233966,8318.38,No
CUST02014,2023-01-04,35,26,East,Standard,Quarterly,1275.33,0.0,Yes,3,0,2.8,3.6,2025-11-29 07:06:49.594048068,44571.54,No
CUST02015,2024-12-26,12,25,South,Standard,Annual,1219.06,0.0,No,1,0,17.2,4.3,2025-12-15 10:58:27.218537089,13577.29,No
CUST02016,2024-11-29,13,42,East,Premium,Monthly,1828.03,0.0,No,2,1,29.8,3.3,2025-12-20 00:40:13.721625964,21984.57,No
CUST02017,2025-05-10,7,33,East,Standard,Monthly,1251.05,0.05,Yes,3,0,20.1,4.0,2025-12-30 00:00:00.000000000,7588.36,No
CUST02018,2025-06-01,6,38,Central,Basic,Annual,674.3,0.0,Yes,1,2,31.7,3.2,2025-12-02 11:16:12.839204926,3569.97,Yes
CUST02019,2024-10-19,14,45,North,Standard,Quarterly,1118.79,0.0,Yes,1,1,39.9,3.4,2025-12-29 01:35:58.564461074,15186.05,No
CUST02020,2024-11-20,13,42,East,Basic,Monthly,878.88,0.1,No,0,0,30.3,3.5,2025-12-10 09:38:50.999680470,11762.76,Yes
CUST02021,2025-02-27,10,54,West,Basic,Monthly,709.96,0.05,Yes,1,0,33.9,3.9,2025-12-14 05:58:27.216378786,7259.73,No
CUST02022,2024-01-17,23,45,South,Premium,Monthly,1747.24,0.0,Yes,1,1,20.6,2.3,2025-12-12 21:47:22.491610055,38506.56,No
CUST02023,2024-05-20,19,36,Central,Basic,Monthly,597.89,0.0,Yes,2,0,21.7,4.0,2025-12-22 00:20:29.913673353,11101.71,No
CUST02024,2023-02-11,34,29,North,Basic,Quarterly,635.03,0.0,Yes,3,0,25.6,3.2,2025-12-30 00:00:00.000000000,21944.15,No
CUST02025,2025-03-24,9,36,South,Basic,Monthly,668.88,0.0,No,1,1,30.4,2.8,2025-12-22 11:42:45.011723251,5615.07,No
CUST02026,2024-01-25,23,42,East,Standard,Quarterly,1296.22,0.1,Yes,1,2,27.2,4.0,2025-12-11 21:01:42.346770396,28555.33,No
CUST02027,2023-11-04,25,37,North,Basic,Monthly,739.71,0.0,Yes,1,0,13.4,3.4,2025-12-25 01:52:06.034734432,18948.5,No
CUST02028,2023-08-13,28,24,West,Standard,Monthly,1321.85,0.05,Yes,2,1,28.1,2.4,2025-12-18 05:51:33.618348484,36610.95,No
CUST02029,2023-10-18,26,31,West,Premium,Quarterly,1816.86,0.05,No,3,1,28.2,3.0,2025-12-20 09:54:04.449743554,48194.81,No
CUST02030,2025-03-26,9,25,West,Basic,Monthly,793.94,0.0,Yes,0,1,32.0,3.7,2025-12-12 17:20:02.294973076,7078.37,No
CUST02031,2023-12-26,24,54,Central,Standard,Annual,1155.42,0.05,Yes,5,1,17.1,3.4,2025-12-16 12:53:35.072081166,28006.47,No
CUST02032,2025-03-29,9,44,East,Premium,Monthly,1853.74,0.05,No,1,0,30.4,4.1,2025-12-21 21:54:28.593765150,15214.2,No
CUST02033,2024-05-08,19,22,North,Premium,Monthly,2112.56,0.05,Yes,3,0,17.3,3.9,2025-12-30 00:00:00.000000000,41876.48,No
CUST02034,2023-12-22,24,33,South,Standard,Monthly,1094.3,0.1,Yes,0,1,38.1,2.2,2025-11-26 06:57:08.210481820,26156.82,No
CUST02035,2024-06-24,18,41,North,Basic,Monthly,677.33,0.0,Yes,2,0,21.0,2.9,2025-11-22 17:57:25.015529258,11928.13,Yes
CUST02036,2023-03-20,33,38,South,Basic,Monthly,731.18,0.0,No,4,2,17.5,1.8,2025-11-23 05:27:00.462008731,24682.63,Yes
CUST02037,2025-02-17,10,32,South,Standard,Monthly,1076.76,0.0,Yes,3,1,43.8,4.5,2025-12-19 11:03:39.002416586,11105.76,No
CUST02038,2023-11-21,25,18,North,Basic,Monthly,709.72,0.0,Yes,0,4,39.2,1.9,2025-12-18 02:22:49.905500189,18331.67,No
CUST02039,2024-12-12,12,48,North,Premium,Quarterly,1754.86,0.0,No,1,0,16.3,2.8,2025-12-21 12:17:11.393935749,22404.42,No
CUST02040,2025-03-20,9,25,West,Basic,Monthly,709.66,0.05,No,3,2,21.9,3.4,2025-12-15 18:03:53.751833545,6147.63,No
CUST02041,2023-02-26,34,45,East,Basic,Monthly,725.19,0.05,No,3,0,25.6,4.4,2025-12-08 21:59:30.192576127,23953.35,No
CUST02042,2025-06-12,6,44,Central,Basic,Annual,732.15,0.0,No,1,0,39.4,4.7,2025-12-23 02:21:01.844563418,4584.79,No
CUST02043,2024-01-20,23,30,North,Standard,Monthly,1161.12,0.1,Yes,1,2,32.0,4.1,2025-12-17 01:19:59.443849278,26512.66,No
CUST02044,2024-02-14,22,32,North,Premium,Quarterly,1576.63,0.05,No,3,2,11.1,5.0,2025-12-17 03:58:15.934404156,34632.38,No
CUST02045,2023-03-08,33,36,Central,Premium,Monthly,1851.83,0.0,No,0,1,36.5,4.2,2025-12-08 23:11:23.414261638,60943.59,Yes
CUST02046,2023-07-29,29,31,West,Basic,Monthly,757.78,0.05,No,2,0,18.3,3.5,2025-11-26 18:16:59.436328305,22575.72,No
CUST02047,2024-08-27,16,33,Central,Basic,Monthly,612.32,0.0,Yes,2,0,27.1,4.0,2025-12-15 22:54:57.786708868,9628.24,No
CUST02048,2023-12-04,24,32,South,Standard,Monthly,1096.39,0.0,Yes,2,0,13.4,3.2,2025-12-25 10:15:09.278780824,26501.3,No
CUST02049,2023-06-04,30,52,South,Standard,Monthly,1155.14,0.05,Yes,4,0,22.7,4.2,2025-12-25 19:13:00.143034091,35216.96,No
CUST02050,2025-03-04,9,43,West,Basic,Annual,851.38,0.05,Yes,5,3,39.7,3.0,2025-12-21 17:51:07.385517119,8231.89,No
CUST02051,2024-02-15,22,23,North,Premium,Monthly,1758.97,0.15,Yes,2,1,37.0,4.1,2025-12-14 17:43:05.391559615,39286.08,No
CUST02052,2024-12-23,12,23,South,Basic,Quarterly,550.12,0.0,Yes,2,1,29.0,4.0,2025-12-21 02:43:26.206114314,6813.5,No
CUST02053,2023-04-14,32,38,East,Basic,Monthly,633.28,0.0,No,4,1,27.0,2.7,2025-12-09 01:23:34.827822073,20106.0,No
CUST02054,2025-05-25,7,41,Central,Basic,Annual,812.15,0.05,Yes,1,0,33.9,4.0,2025-12-10 18:42:11.906059807,5221.26,No
CUST02055,2025-06-15,6,32,West,Premium,Quarterly,1772.31,0.1,Yes,0,2,52.6,3.5,2025-12-19 20:44:40.679620452,10898.33,No
CUST02056,2025-04-02,8,18,East,Standard,Quarterly,1443.59,0.05,No,3,0,27.3,4.6,2025-12-17 11:57:10.899904107,11839.86,No
CUST02057,2025-05-24,7,49,West,Basic,Annual,520.5,0.0,Yes,1,0,37.9,4.6,2025-12-23 12:55:06.512196646,3663.8,No
CUST02058,2025-03-29,9,20,West,Standard,Monthly,1252.14,0.0,Yes,1,1,28.0,3.9,2025-12-24 08:39:39.617315407,10050.85,No
CUST02059,2024-07-26,17,34,South,Standard,Monthly,1479.6,0.0,Yes,3,0,18.7,4.5,2025-12-21 17:25:08.259847185,25905.39,No
CUST02060,2025-02-23,10,28,West,Basic,Annual,719.95,0.1,Yes,1,1,18.0,4.2,2025-12-16 02:36:48.307388003,7539.43,No
CUST02061,2025-01-17,11,27,Central,Standard,Monthly,1032.11,0.1,Yes,1,0,31.3,4.2,2025-12-11 17:46:21.299993775,10949.34,Yes
CUST02062,2025-06-12,6,22,North,Standard,Monthly,1182.61,0.0,Yes,2,1,24.8,2.6,2025-12-01 21:23:05.693707087,7878.77,Yes
CUST02063,2025-04-02,8,24,Central,Basic,Monthly,692.49,0.0,Yes,6,3,35.0,4.3,2025-12-02 20:45:05.484844271,5151.66,Yes
CUST02064,2023-05-09,31,42,North,Premium,Monthly,1456.25,0.05,No,4,1,21.6,3.5,2025-12-20 00:56:02.441324976,46510.87,No
CUST02065,2025-05-06,7,53,East,Standard,Monthly,1161.38,0.0,No,5,0,25.9,3.9,2025-12-21 16:29:31.097179191,8773.64,No
CUST02066,2024-08-17,16,35,East,Standard,Monthly,1022.46,0.0,No,1,0,46.7,4.0,2025-12-23 16:30:43.147075119,15641.06,No
CUST02067,2023-05-25,31,38,North,Standard,Monthly,1117.64,0.1,Yes,2,0,30.0,2.9,2025-12-24 18:00:46.954388656,34359.23,No
CUST02068,2025-05-26,7,40,East,Premium,Annual,1959.21,0.0,No,1,0,12.7,2.8,2025-12-04 21:30:31.770692646,11776.09,No
CUST02069,2025-06-15,6,42,East,Standard,Monthly,1309.73,0.05,Yes,1,1,20.3,4.9,2025-12-30 00:00:00.000000000,7774.26,No
CUST02070,2024-07-28,17,29,Central,Premium,Monthly,2149.43,0.0,Yes,1,2,23.3,3.8,2025-12-09 07:03:49.382739893,38484.62,No
CUST02071,2023-05-15,31,43,North,Basic,Monthly,690.84,0.15,No,1,1,33.9,4.4,2025-12-05 23:41:09.284338372,21495.34,No
CUST02072,2023-09-07,27,32,Central,Standard,Monthly,1177.06,0.0,No,1,0,33.7,3.4,2025-12-17 20:07:34.887652228,30833.73,No
CUST02073,2023-02-18,34,30,North,Basic,Monthly,700.39,0.0,No,6,0,11.6,3.4,2025-12-09 07:57:48.559196702,24282.67,No
CUST02074,2024-03-22,21,18,North,Basic,Annual,635.93,0.05,Yes,2,2,33.2,2.7,2025-12-20 10:19:12.000116831,13125.13,No
CUST02075,2023-10-14,26,33,North,Basic,Monthly,753.91,0.0,Yes,2,0,44.5,3.1,2025-12-15 19:24:55.326835052,19017.93,No
CUST02076,2023-10-03,26,19,South,Standard,Annual,1022.45,0.05,Yes,4,0,19.4,4.2,2025-12-29 11:58:37.794966716,25859.0,No
CUST02077,2023-04-12,32,38,Central,Basic,Annual,689.83,0.0,Yes,0,1,23.5,4.2,2025-12-05 23:42:45.678265918,21446.83,No
CUST02078,2025-02-14,10,37,East,Standard,Quarterly,1188.54,0.1,Yes,3,0,30.8,3.8,2025-12-11 03:25:41.921166790,11290.4,No
CUST02079,2024-07-20,17,22,Central,Basic,Annual,660.66,0.0,Yes,1,0,33.8,2.8,2025-12-19 16:21:05.909368721,10657.3,No
CUST02080,2023-02-12,34,34,East,Standard,Annual,1201.52,0.0,Yes,1,3,29.4,3.2,2025-12-28 00:28:19.968005897,40986.93,No
CUST02081,2024-04-21,20,30,South,Basic,Annual,627.77,0.0,Yes,2,1,24.2,3.0,2025-12-15 12:23:26.070640239,12304.76,No
CUST02082,2024-07-25,17,29,West,Standard,Monthly,1140.33,0.1,No,3,2,11.9,1.6,2025-12-03 02:04:16.292425129,20405.65,No
CUST02083,2025-01-01,11,39,North,Basic,Monthly,842.35,0.0,Yes,2,0,24.5,3.0,2025-12-28 02:14:08.010447571,9935.09,No
CUST02084,2025-04-27,8,38,Central,Basic,Annual,748.23,0.0,Yes,1,1,23.7,4.4,2025-12-30 00:00:00.000000000,6091.65,No
CUST02085,2023-11-28,25,28,North,Basic,Annual,599.74,0.0,Yes,3,1,40.6,3.7,2025-12-25 06:55:19.960516218,15000.32,No
CUST02086,2023-12-18,24,18,West,Standard,Annual,1305.89,0.0,Yes,5,1,4.6,4.0,2025-11-25 21:48:04.861840387,31273.52,Yes
CUST02087,2023-10-22,26,40,East,Basic,Monthly,627.86,0.05,Yes,3,1,22.0,2.4,2025-12-26 19:12:00.742606756,16561.25,No
CUST02088,2023-10-09,26,20,East,Premium,Annual,1731.44,0.0,No,6,0,28.2,4.2,2025-12-06 08:45:47.822369568,43343.35,No
CUST02089,2023-06-13,30,28,East,Premium,Annual,1805.9,0.05,Yes,4,0,20.8,3.5,2025-12-22 15:10:16.620279655,55598.55,No
CUST02090,2023-01-23,35,33,Central,Standard,Monthly,1071.56,0.1,Yes,0,2,16.9,3.1,2025-12-27 02:53:31.160690696,36645.58,No
CUST02091,2023-01-18,35,40,West,Standard,Quarterly,1333.51,0.1,No,1,0,13.5,4.9,2025-12-11 04:20:33.808266359,46791.05,No
CUST02092,2024-01-23,23,38,East,Premium,Annual,1771.81,0.0,Yes,1,1,30.9,3.8,2025-12-16 17:15:30.749966090,40825.32,No
CUST02093,2023-01-26,35,30,East,Premium,Monthly,1937.14,0.05,Yes,2,0,39.8,3.6,2025-12-13 02:08:07.577096030,69117.09,No
CUST02094,2025-04-18,8,39,South,Standard,Quarterly,1402.05,0.05,Yes,2,1,54.0,3.1,2025-12-24 14:32:21.149258557,10295.64,No
CUST02095,2023-05-15,31,36,West,Premium,Monthly,1714.61,0.1,No,2,2,23.1,2.2,2025-12-22 16:06:19.909599031,53064.94,No
CUST02096,2023-11-23,25,52,North,Standard,Monthly,1425.38,0.1,Yes,3,0,14.6,2.8,2025-12-22 23:28:13.023482843,34582.98,No
CUST02097,2024-03-14,21,36,Central,Premium,Annual,1845.12,0.05,No,3,0,27.1,3.1,2025-12-12 05:10:54.349725957,38150.06,No
CUST02098,2023-11-29,25,32,South,Standard,Monthly,1065.98,0.0,No,2,0,36.5,3.5,2025-12-04 04:04:57.596228406,26138.42,Yes
CUST02099,2025-03-27,9,20,Central,Standard,Monthly,1317.24,0.0,Yes,1,0,35.2,3.0,2025-12-12 10:39:14.427045407,11184.35,No
CUST02100,2024-08-28,16,32,West,Premium,Monthly,1504.97,0.0,No,2,0,22.9,4.7,2025-12-24 22:19:28.612449901,25254.72,No
CUST02101,2023-09-04,27,23,East,Premium,Annual,1953.55,0.1,No,2,1,44.0,1.6,2025-12-17 21:29:16.238632552,51972.41,No
CUST02102,2024-09-16,15,18,South,Standard,Monthly,1424.7,0.1,No,0,1,20.6,4.2,2025-12-23 02:48:58.402763185,22097.3,No
CUST02103,2025-05-03,7,25,West,Standard,Monthly,1326.72,0.0,Yes,1,1,28.6,3.6,2025-12-03 08:45:43.538775754,9370.18,Yes
CUST02104,2024-12-02,12,43,South,Standard,Monthly,1212.44,0.0,Yes,0,2,25.3,3.2,2025-12-20 10:43:48.004075589,14455.17,No
CUST02105,2023-07-22,29,44,Central,Basic,Annual,632.2,0.0,Yes,1,1,31.2,3.4,2025-12-19 20:08:04.298121370,18025.47,No
CUST02106,2025-04-15,8,33,Central,Basic,Monthly,768.44,0.05,Yes,1,1,24.5,3.1,2025-11-30 11:41:30.170492725,6717.38,Yes
CUST02107,2024-08-16,16,23,South,Basic,Monthly,604.26,0.05,Yes,5,1,5.7,2.5,2025-12-21 04:27:01.469548176,9652.06,No
CUST02108,2023-10-15,26,28,Central,Standard,Monthly,1127.38,0.15,Yes,4,3,36.0,3.4,2025-12-27 10:52:47.790746974,28545.75,No
CUST02109,2023-11-10,25,19,East,Basic,Monthly,599.84,0.05,Yes,4,1,41.1,3.6,2025-12-20 13:11:31.913096070,14553.14,No
CUST02110,2025-04-09,8,39,West,Standard,Monthly,1230.69,0.0,Yes,1,0,46.5,4.4,2025-12-09 13:04:31.241775718,10425.57,No
CUST02111,2024-01-06,23,41,East,Standard,Monthly,992.86,0.05,No,0,0,15.5,2.8,2025-12-12 00:55:36.702911831,22914.69,No
CUST02112,2025-03-04,9,29,West,Basic,Quarterly,791.98,0.0,Yes,4,1,35.3,2.5,2025-12-08 20:49:34.555130599,7402.69,No
CUST02113,2024-02-02,22,31,East,Basic,Monthly,749.15,0.1,No,4,1,29.6,4.6,2025-12-19 11:05:13.767470878,16601.37,No
CUST02114,2023-09-23,27,32,South,Premium,Monthly,1997.1,0.05,Yes,5,0,17.5,3.1,2025-12-19 02:55:30.284106200,54313.31,No
CUST02115,2023-09-30,27,25,West,Standard,Annual,1276.04,0.0,Yes,4,0,32.6,4.0,2025-12-16 12:37:47.963457336,35035.94,No
CUST02116,2024-09-15,15,37,South,Basic,Quarterly,607.89,0.0,No,0,0,39.1,3.9,2025-12-13 01:39:47.873358980,9133.98,No
CUST02117,2023-07-21,29,22,South,Standard,Monthly,1230.34,0.15,No,1,0,19.0,3.7,2025-12-20 17:47:02.596601481,36514.0,No
CUST02118,2024-12-24,12,27,East,Standard,Monthly,1080.64,0.0,Yes,2,0,22.8,2.9,2025-12-24 00:02:40.003155903,13943.54,No
CUST02119,2023-03-19,33,44,North,Basic,Monthly,743.38,0.15,Yes,2,1,15.6,3.9,2025-12-30 00:00:00.000000000,24332.31,No
CUST02120,2025-03-12,9,27,South,Standard,Monthly,1095.19,0.0,Yes,2,1,28.3,4.5,2025-12-15 20:31:32.126216405,10548.97,Yes
CUST02121,2023-08-11,28,38,Central,Standard,Monthly,1316.6,0.1,Yes,2,0,25.6,2.9,2025-12-24 10:50:51.459860400,36042.68,No
CUST02122,2024-10-19,14,44,Central,Standard,Monthly,1178.89,0.15,Yes,2,0,27.2,4.3,2025-12-22 14:17:53.429276507,15683.27,No
CUST02123,2023-09-24,27,40,Central,Premium,Quarterly,1633.27,0.1,No,3,0,44.1,3.8,2025-12-26 22:41:30.085329141,44978.85,No
CUST02124,2025-02-28,10,43,South,Basic,Monthly,834.58,0.0,No,3,0,17.7,3.9,2025-12-14 12:50:13.169935505,8265.43,No
CUST02125,2023-05-09,31,36,South,Standard,Monthly,1058.89,0.15,No,1,0,31.9,3.5,2025-12-16 00:08:34.188707945,33551.1,No
CUST02126,2024-01-28,23,44,Central,Basic,Quarterly,627.75,0.15,Yes,1,0,19.4,3.4,2025-12-16 08:03:25.014314353,14584.38,No
CUST02127,2025-03-14,9,34,North,Basic,Monthly,717.64,0.0,No,2,2,25.2,4.1,2025-12-18 09:09:01.411195721,6023.68,No
CUST02128,2023-10-17,26,22,South,Basic,Monthly,793.75,0.0,Yes,5,0,19.0,1.4,2025-12-04 16:39:45.102717726,20258.29,Yes
CUST02129,2023-12-13,24,32,West,Standard,Monthly,1050.75,0.15,No,5,3,18.8,2.1,2025-12-22 02:21:54.397506350,26051.87,No
CUST02130,2025-01-08,11,31,West,Standard,Quarterly,1078.02,0.05,No,2,1,37.0,2.6,2025-12-23 22:10:52.912496393,10941.58,No
CUST02131,2023-04-16,32,18,South,Standard,Quarterly,1148.91,0.05,No,3,0,35.0,2.6,2025-11-29 22:03:37.709398818,36386.14,No
CUST02132,2025-02-01,10,38,South,Standard,Monthly,1137.64,0.05,No,6,1,37.9,5.0,2025-12-30 00:00:00.000000000,11201.78,No
CUST02133,2023-12-27,24,42,West,Basic,Annual,767.95,0.05,Yes,2,0,30.6,4.5,2025-12-23 11:06:33.012834121,17752.53,No
CUST02134,2023-12-24,24,20,North,Basic,Annual,754.49,0.1,Yes,4,0,28.1,3.4,2025-12-12 14:32:21.604869439,18189.55,No
CUST02135,2024-02-07,22,23,South,Basic,Annual,719.53,0.05,Yes,3,0,9.1,3.2,2025-12-15 08:13:33.789573161,15487.32,No
CUST02136,2023-01-20,35,30,North,Standard,Monthly,1089.08,0.0,Yes,0,1,47.8,5.0,2025-12-30 00:00:00.000000000,37929.65,No
CUST02137,2024-07-09,17,28,Central,Standard,Annual,1227.27,0.0,No,3,0,43.1,1.8,2025-12-22 04:43:21.065536091,19797.13,No
CUST02138,2023-06-14,30,46,West,Premium,Monthly,2023.34,0.05,No,4,1,8.9,3.3,2025-12-27 00:55:20.401108525,61352.32,No
CUST02139,2025-05-06,7,28,North,Standard,Monthly,1231.67,0.0,Yes,0,0,33.9,2.8,2025-12-22 10:39:17.059979506,8622.21,Yes
CUST02140,2024-08-30,16,37,East,Basic,Monthly,682.61,0.05,No,2,1,22.3,2.0,2025-12-06 11:20:38.811638383,10869.26,Yes
CUST02141,2023-11-08,25,22,East,Standard,Annual,1224.08,0.05,Yes,0,0,19.4,3.0,2025-12-29 00:28:51.189841146,29748.17,No
CUST02142,2023-03-06,33,30,East,Standard,Quarterly,1362.15,0.0,Yes,3,1,48.4,5.0,2025-12-24 14:11:14.691959417,45772.81,No
CUST02143,2023-04-12,32,39,South,Basic,Monthly,634.41,0.0,No,3,1,25.5,3.4,2025-12-14 11:30:18.808719846,20576.29,No
CUST02144,2024-06-11,18,26,Central,Basic,Quarterly,602.08,0.0,No,1,0,34.5,4.6,2025-11-20 15:42:17.312209595,11242.3,Yes
CUST02145,2023-08-19,28,18,Central,Standard,Monthly,1136.24,0.1,No,4,1,37.6,2.7,2025-12-30 00:00:00.000000000,32487.13,No
CUST02146,2023-12-21,24,38,East,Basic,Annual,840.24,0.05,Yes,0,1,19.1,3.9,2025-12-09 21:25:11.525764328,19759.64,No
CUST02147,2024-10-07,14,38,East,Standard,Monthly,1129.04,0.0,Yes,2,1,25.7,3.7,2025-12-19 15:31:21.496468999,16887.21,No
CUST02148,2024-11-11,13,41,South,Basic,Quarterly,716.48,0.0,No,5,0,23.8,4.1,2025-12-15 08:57:59.455966398,8779.59,No
CUST02149,2023-02-10,34,45,West,Premium,Monthly,1861.8,0.0,Yes,3,0,18.9,3.1,2025-12-10 00:29:32.344695742,64209.3,No
CUST02150,2024-09-13,15,25,East,Standard,Monthly,1206.97,0.1,Yes,0,0,27.5,2.7,2025-12-22 13:37:26.832167101,17696.34,No
CUST02151,2025-03-08,9,23,South,Basic,Monthly,749.55,0.05,Yes,2,0,19.3,2.9,2025-12-12 06:50:09.142077682,6033.07,Yes
CUST02152,2024-10-12,14,18,Central,Basic,Monthly,802.7,0.0,Yes,0,0,25.6,3.6,2025-12-09 04:27:01.012305992,10534.95,No
CUST02153,2024-08-28,16,38,East,Premium,Monthly,1640.88,0.05,No,2,0,38.5,3.7,2025-12-24 10:43:43.762302478,26651.25,No
CUST02154,2025-05-12,7,32,West,Premium,Annual,1862.39,0.0,No,4,1,29.2,3.7,2025-12-18 04:08:20.254750236,12236.01,Yes
CUST02155,2023-04-20,32,30,East,Standard,Monthly,1336.84,0.1,Yes,1,2,27.5,3.3,2025-12-18 06:09:42.957094237,42623.94,No
CUST02156,2024-11-01,13,50,South,Basic,Monthly,662.78,0.0,Yes,1,1,25.2,3.2,2025-12-30 00:00:00.000000000,8122.99,No
CUST02157,2023-11-27,25,33,South,Basic,Quarterly,765.46,0.0,Yes,1,0,34.3,3.6,2025-12-19 23:03:58.826717090,19741.26,No
CUST02158,2024-05-30,19,33,East,Basic,Annual,511.11,0.0,Yes,4,0,25.9,4.3,2025-12-30 00:00:00.000000000,9439.64,No
CUST02159,2024-03-05,21,29,South,Basic,Annual,787.12,0.05,Yes,2,1,16.5,4.4,2025-12-24 16:45:20.531475772,16704.89,No
CUST02160,2024-03-11,21,39,East,Basic,Monthly,764.08,0.05,Yes,2,1,34.4,5.0,2025-12-23 14:00:19.037999875,16159.6,No
CUST02161,2024-07-11,17,28,North,Standard,Quarterly,1130.34,0.0,Yes,3,1,27.5,2.8,2025-12-18 22:41:44.928936094,19926.9,No
CUST02162,2024-02-15,22,42,East,Standard,Monthly,1060.37,0.0,Yes,2,0,23.0,4.0,2025-12-03 04:04:57.768580379,22997.7,No
CUST02163,2024-03-29,21,49,South,Standard,Monthly,1118.26,0.05,Yes,1,1,24.1,4.0,2025-12-23 10:40:41.438516160,22795.9,No
CUST02164,2024-09-17,15,28,East,Standard,Quarterly,1276.47,0.1,No,5,1,21.7,3.3,2025-11-29 04:56:14.507468060,20038.87,Yes
CUST02165,2025-04-29,8,45,West,Basic,Monthly,716.15,0.0,No,2,1,26.8,5.0,2025-12-16 03:20:18.727447313,5100.51,No
CUST02166,2025-01-17,11,18,South,Basic,Quarterly,639.57,0.05,Yes,2,0,23.3,3.7,2025-12-18 07:48:22.978046616,7307.43,No
CUST02167,2023-03-04,33,33,East,Standard,Quarterly,1072.2,0.1,Yes,4,0,34.6,4.4,2025-12-09 02:36:21.344298766,36226.47,No
CUST02168,2024-10-30,14,33,East,Basic,Monthly,652.75,0.0,Yes,4,0,26.5,2.9,2025-12-21 11:07:39.578401177,9423.82,No
CUST02169,2024-03-28,21,33,Central,Basic,Annual,795.93,0.05,Yes,3,0,36.0,3.4,2025-12-18 05:10:20.259441846,17030.53,No
CUST02170,2025-03-08,9,42,South,Basic,Monthly,683.18,0.0,Yes,4,1,18.8,3.2,2025-12-19 23:27:32.483953659,6797.4,No
CUST02171,2025-02-07,10,58,North,Basic,Annual,728.79,0.0,Yes,1,0,34.0,3.1,2025-12-27 16:16:40.225210557,7567.92,No
CUST02172,2024-05-20,19,50,Central,Premium,Annual,1852.1,0.15,No,1,0,19.1,4.8,2025-12-11 21:27:35.270999900,34843.3,No
CUST02173,2024-02-27,22,42,North,Premium,Monthly,1680.81,0.0,Yes,3,0,26.0,3.6,2025-12-30 00:00:00.000000000,36771.88,No
CUST02174,2023-03-23,33,34,Central,Basic,Monthly,715.61,0.1,No,1,0,30.1,2.8,2025-12-22 21:33:25.456984045,23020.83,No
CUST02175,2024-12-07,12,27,North,Standard,Monthly,1318.19,0.05,Yes,1,0,26.0,3.4,2025-12-07 05:56:51.240928992,15619.66,Yes
CUST02176,2023-07-13,29,35,East,Premium,Monthly,1888.67,0.05,Yes,0,1,26.4,4.1,2025-12-17 16:04:37.186609288,53592.09,Yes
CUST02177,2024-02-29,22,30,Central,Basic,Annual,746.03,0.0,No,2,1,24.5,2.6,2025-12-18 12:14:33.289728286,16073.01,No
CUST02178,2023-01-02,35,26,South,Basic,Annual,730.51,0.0,No,3,1,32.5,3.6,2025-12-15 07:20:45.567179938,25950.55,No
CUST02179,2025-01-25,11,37,East,Standard,Quarterly,1215.56,0.05,Yes,1,1,28.0,4.8,2025-12-29 09:12:43.672523222,12215.36,No
CUST02180,2025-05-19,7,47,South,Premium,Monthly,1679.31,0.1,No,2,1,9.3,2.9,2025-12-15 11:14:41.892475920,12282.9,No
CUST02181,2024-05-23,19,22,West,Premium,Quarterly,2310.39,0.0,No,1,0,26.5,1.9,2025-12-18 06:46:25.528215551,46107.83,No
CUST02182,2023-05-13,31,48,North,Basic,Monthly,693.56,0.0,Yes,0,1,38.1,4.0,2025-12-30 00:00:00.000000000,21919.39,No
CUST02183,2023-08-16,28,38,West,Basic,Quarterly,849.4,0.0,Yes,1,0,31.4,3.4,2025-12-22 04:22:25.822440149,24236.2,No
CUST02184,2025-01-09,11,59,East,Standard,Quarterly,1327.7,0.0,Yes,2,0,25.6,4.5,2025-12-30 00:00:00.000000000,13874.97,No
CUST02185,2023-10-04,26,28,East,Standard,Monthly,970.12,0.05,Yes,2,1,36.9,2.2,2025-12-11 03:09:05.942969180,25385.31,No
CUST02186,2023-08-12,28,45,South,Standard,Monthly,1182.72,0.0,Yes,3,2,31.8,2.8,2025-12-16 18:01:14.917656847,33906.36,No
CUST02187,2024-08-23,16,22,Central,Basic,Quarterly,675.79,0.0,Yes,0,1,26.8,3.7,2025-12-13 02:30:25.728336706,10697.17,No
CUST02188,2023-03-07,33,26,North,Basic,Annual,700.21,0.15,Yes,4,1,18.9,3.7,2025-12-12 17:45:08.830588263,22718.09,No
CUST02189,2025-01-17,11,35,Central,Basic,Annual,726.17,0.05,Yes,1,1,23.3,3.9,2025-12-26 22:06:50.772964793,7634.74,No
CUST02190,2023-11-03,25,36,Central,Standard,Monthly,1145.96,0.0,Yes,0,0,15.3,3.3,2025-12-18 12:41:00.059908368,27538.62,No
CUST02191,2024-04-18,20,41,East,Basic,Monthly,672.4,0.1,No,3,1,23.4,4.5,2025-12-30 00:00:00.000000000,13754.04,No
CUST02192,2024-10-08,14,22,South,Standard,Monthly,1265.35,0.0,No,3,0,2.0,3.6,2025-12-25 02:34:23.318173284,17885.02,Yes
CUST02193,2024-07-12,17,31,East,Standard,Annual,1272.94,0.1,Yes,1,4,34.7,2.8,2025-12-18 12:16:20.402100236,22043.7,No
CUST02194,2024-09-09,15,31,South,Standard,Monthly,1294.22,0.0,Yes,2,0,15.8,3.8,2025-12-12 12:44:10.969298273,19269.38,No
CUST02195,2025-06-01,6,33,West,Premium,Monthly,1888.4,0.1,Yes,3,0,18.0,3.4,2025-12-03 08:21:53.131521157,10486.96,Yes
CUST02196,2023-01-05,35,42,South,Standard,Quarterly,1259.0,0.1,Yes,0,1,27.7,3.0,2025-12-21 15:13:50.728577636,44174.9,No
CUST02197,2023-11-17,25,50,West,Standard,Monthly,1307.56,0.05,Yes,3,3,25.6,3.7,2025-12-30 00:00:00.000000000,33373.35,No
CUST02198,2024-06-26,18,19,East,Standard,Annual,1417.97,0.05,Yes,3,1,31.2,3.1,2025-12-30 00:00:00.000000000,24217.13,No
CUST02199,2024-01-06,23,37,North,Standard,Monthly,986.64,0.05,No,2,1,16.6,4.7,2025-12-22 10:48:14.538340383,22172.14,No
CUST02200,2024-06-14,18,32,Central,Premium,Quarterly,1665.52,0.0,Yes,3,0,34.0,3.0,2025-12-30 00:00:00.000000000,30155.82,No
CUST02201,2024-01-20,23,36,North,Basic,Annual,710.53,0.0,No,2,0,16.9,3.7,2025-12-16 11:48:30.211706976,16937.08,No
CUST02202,2023-04-27,32,40,South,Basic,Annual,642.56,0.0,Yes,2,1,18.0,3.2,2025-12-10 18:52:45.509881008,20992.52,No
CUST02203,2023-03-26,33,39,Central,Basic,Quarterly,801.91,0.05,No,1,0,27.5,3.4,2025-12-25 12:24:50.246779035,26518.28,No
CUST02204,2023-06-17,30,18,East,Basic,Monthly,780.67,0.1,Yes,1,1,18.7,3.8,2025-12-30 00:00:00.000000000,23288.44,No
CUST02205,2023-12-14,24,44,Central,Premium,Annual,1949.05,0.0,Yes,1,0,26.0,3.1,2025-12-26 19:56:36.524373686,48664.47,No
CUST02206,2025-03-26,9,36,North,Standard,Monthly,1274.63,0.1,No,1,0,30.5,3.9,2025-12-17 21:26:38.955611280,11358.68,No
CUST02207,2025-01-07,11,26,East,Premium,Monthly,1660.42,0.0,Yes,3,0,42.5,3.8,2025-12-13 03:09:50.161315505,17289.34,No
CUST02208,2024-10-04,14,41,Central,Standard,Monthly,1039.73,0.1,No,3,0,38.7,2.7,2025-12-29 16:01:51.490769152,14785.05,No
CUST02209,2024-06-26,18,34,South,Basic,Monthly,683.7,0.05,Yes,0,2,32.0,5.0,2025-12-23 18:04:18.816133104,11853.21,No
CUST02210,2025-04-10,8,18,Central,Basic,Quarterly,573.96,0.0,No,2,0,21.8,2.7,2025-12-18 05:54:05.026660396,4816.41,No
CUST02211,2023-02-05,34,37,North,Basic,Annual,810.22,0.15,Yes,3,2,21.0,4.7,2025-12-25 21:36:07.707912938,27922.81,No
CUST02212,2023-04-06,32,49,East,Standard,Monthly,1435.16,0.15,Yes,5,0,39.8,2.7,2025-12-23 08:20:10.325724133,45006.05,No
CUST02213,2025-04-16,8,34,East,Premium,Quarterly,1819.79,0.0,Yes,1,0,15.1,4.0,2025-12-10 20:12:09.175112062,14685.99,No
CUST02214,2024-06-15,18,25,East,Premium,Monthly,1990.33,0.05,No,3,0,26.3,1.9,2025-12-28 16:02:50.383311453,36092.49,No
CUST02215,2024-10-03,14,43,North,Standard,Quarterly,1068.1,0.0,Yes,1,0,30.4,3.5,2025-12-30 00:00:00.000000000,15366.67,No
CUST02216,2025-06-02,6,28,Central,Standard,Annual,1145.44,0.05,No,5,1,42.1,4.8,2025-12-12 13:52:31.563091932,5820.02,No
CUST02217,2024-04-23,20,43,North,Basic,Monthly,731.0,0.0,Yes,4,1,29.1,4.1,2025-12-10 08:33:03.830723116,14532.07,No
CUST02218,2023-11-21,25,46,Central,Basic,Annual,727.72,0.05,No,4,1,18.6,3.5,2025-12-24 05:10:32.977478016,18848.72,No
CUST02219,2024-06-02,18,35,East,Standard,Quarterly,1095.81,0.0,Yes,1,0,12.2,5.0,2025-11-20 09:05:49.980947615,19769.0,Yes
CUST02220,2023-08-11,28,20,South,Basic,Monthly,644.72,0.05,Yes,4,0,30.2,2.9,2025-12-28 11:59:09.926873270,17750.65,No
CUST02221,2025-04-19,8,43,West,Basic,Annual,671.85,0.0,Yes,2,1,27.2,3.3,2025-12-20 02:03:03.957672238,5394.19,No
CUST02222,2025-01-17,11,38,East,Standard,Monthly,1182.21,0.0,Yes,1,1,19.4,4.1,2025-12-12 12:53:54.265847128,13596.47,No
CUST02223,2023-06-05,30,29,North,Basic,Annual,723.39,0.1,Yes,4,0,16.2,3.9,2025-12-17 05:51:49.234328220,21128.61,No
CUST02224,2025-04-21,8,43,East,Standard,Monthly,1103.32,0.0,Yes,0,0,9.3,3.8,2025-12-11 17:57:45.148818505,8444.49,No
CUST02225,2023-04-24,32,35,West,Basic,Annual,677.16,0.0,Yes,3,0,22.0,4.0,2025-12-28 15:49:14.653929277,22282.88,No
CUST02226,2023-12-15,24,18,East,Standard,Annual,1239.66,0.0,Yes,1,0,23.2,3.4,2025-12-28 16:53:15.065662209,30300.62,No
CUST02227,2024-07-06,17,39,North,Standard,Monthly,1308.19,0.1,Yes,5,0,22.3,3.1,2025-12-26 14:41:14.571689568,21035.54,No
CUST02228,2023-10-26,26,28,Central,Basic,Quarterly,722.92,0.0,Yes,1,2,33.2,4.1,2025-12-27 11:17:33.839659536,19468.78,No
CUST02229,2023-06-16,30,27,West,Standard,Monthly,1145.59,0.0,Yes,1,0,28.8,4.3,2025-12-18 21:06:58.983970577,34234.32,No
CUST02230,2024-10-10,14,49,South,Basic,Quarterly,700.17,0.0,Yes,0,0,28.2,4.1,2025-12-29 14:00:59.937301207,9991.43,No
CUST02231,2025-01-10,11,29,West,Basic,Monthly,791.13,0.0,No,1,1,4.0,3.0,2025-12-28 20:21:30.192576305,8431.74,No
CUST02232,2023-03-16,33,33,North,Standard,Monthly,1146.59,0.1,Yes,1,0,14.4,4.2,2025-12-20 15:42:29.501076661,38652.73,No
CUST02233,2024-08-29,16,25,Central,Standard,Annual,1123.8,0.1,No,2,1,30.8,3.6,2025-12-14 14:14:12.807598016,18375.41,No
CUST02234,2024-03-11,21,28,Central,Standard,Quarterly,1134.19,0.05,Yes,2,0,18.8,2.8,2025-12-11 19:45:59.130146037,23752.37,No
CUST02235,2024-06-17,18,35,North,Basic,Monthly,647.69,0.0,Yes,1,1,27.5,4.3,2025-12-19 10:28:42.122928026,11302.34,No
CUST02236,2023-08-12,28,36,North,Standard,Monthly,1240.92,0.0,Yes,2,1,23.2,2.8,2025-12-29 08:33:37.166685192,34972.61,No
CUST02237,2023-03-11,33,46,Central,Basic,Monthly,717.67,0.15,Yes,1,1,23.3,3.5,2025-12-30 00:00:00.000000000,23582.58,No
CUST02238,2024-04-23,20,44,East,Basic,Quarterly,709.75,0.0,Yes,5,2,28.7,3.1,2025-12-19 00:55:37.874125192,14403.54,No
CUST02239,2024-03-05,21,24,North,Standard,Monthly,1054.63,0.05,Yes,2,1,23.4,3.3,2025-12-05 05:15:27.419633430,21672.6,Yes
CUST02240,2023-08-24,28,31,North,Basic,Monthly,755.67,0.1,No,1,0,12.5,2.9,2025-12-13 15:17:03.302611432,21696.24,No
CUST02241,2025-04-02,8,33,East,Basic,Monthly,731.8,0.0,Yes,2,1,25.4,3.3,2025-12-21 12:40:30.992629193,6576.12,No
CUST02242,2023-08-09,28,31,East,Premium,Monthly,1603.99,0.1,Yes,2,0,39.2,4.2,2025-12-19 23:33:44.560606404,43916.33,No
CUST02243,2025-05-01,8,30,Central,Standard,Annual,1408.17,0.15,Yes,2,1,13.2,2.5,2025-12-30 00:00:00.000000000,10259.75,No
CUST02244,2024-03-16,21,46,Central,Basic,Quarterly,603.87,0.0,Yes,0,1,12.5,2.2,2025-12-10 00:56:22.126578487,12662.47,No
CUST02245,2024-05-21,19,38,North,Standard,Monthly,1205.1,0.05,Yes,3,1,32.2,4.0,2025-12-21 15:33:55.025291800,22565.93,No
CUST02246,2024-06-25,18,40,South,Standard,Monthly,1069.03,0.15,No,2,2,25.0,3.7,2025-12-13 11:28:54.572304997,19631.82,No
CUST02247,2023-11-13,25,38,East,Premium,Monthly,1923.34,0.0,Yes,4,0,21.3,2.5,2025-12-20 07:38:14.959469133,46787.72,No
CUST02248,2023-01-24,35,31,South,Standard,Monthly,1054.95,0.0,Yes,6,1,17.4,3.7,2025-12-17 18:54:24.340984039,37245.79,No
CUST02249,2023-12-10,24,20,South,Basic,Quarterly,625.38,0.0,Yes,1,1,27.9,2.6,2025-11-25 23:57:09.270837974,14592.99,Yes
CUST02250,2023-01-24,35,30,East,Standard,Quarterly,1327.23,0.0,Yes,4,1,13.5,4.4,2025-12-23 12:00:12.486482891,45398.16,No
CUST02251,2024-03-01,22,32,North,Standard,Monthly,1263.48,0.05,Yes,3,0,14.5,4.1,2025-12-21 03:48:32.587441160,27435.56,No
CUST02252,2023-11-19,25,39,North,Premium,Quarterly,1787.78,0.05,No,1,2,22.8,3.2,2025-12-17 23:54:53.581453532,44610.96,No
CUST02253,2023-12-05,24,27,Central,Standard,Monthly,932.5,0.0,Yes,4,0,25.6,2.7,2025-12-18 13:01:36.534096118,22267.04,No
CUST02254,2024-10-15,14,30,North,Premium,Monthly,1940.25,0.0,Yes,0,1,16.9,2.9,2025-12-19 01:24:25.271379257,28006.92,No
CUST02255,2023-05-15,31,29,East,Premium,Monthly,1677.86,0.05,No,1,0,31.5,4.3,2025-12-16 02:39:12.962346377,50849.69,No
CUST02256,2023-05-17,31,27,East,Standard,Quarterly,1044.88,0.0,No,2,0,28.6,2.7,2025-12-17 13:55:07.976720540,31359.93,No
CUST02257,2024-08-15,16,48,North,Standard,Quarterly,1180.76,0.0,Yes,5,1,32.4,3.0,2025-12-27 23:17:26.347488885,19991.82,No
CUST02258,2024-03-30,21,46,North,Standard,Annual,1209.46,0.0,Yes,2,2,20.4,3.2,2025-12-30 00:00:00.000000000,26344.96,No
CUST02259,2024-01-15,23,48,East,Basic,Monthly,681.72,0.0,No,2,1,8.0,1.7,2025-12-30 00:00:00.000000000,15404.21,No
CUST02260,2024-06-22,18,47,Central,Basic,Quarterly,698.04,0.0,No,0,0,39.5,3.7,2025-12-27 22:25:12.337646546,12040.91,No
CUST02261,2023-11-14,25,23,Central,Standard,Monthly,1197.76,0.0,Yes,3,0,30.0,3.8,2025-12-22 06:53:50.476062008,30190.72,No
CUST02262,2025-05-06,7,48,East,Standard,Annual,1442.47,0.0,No,2,0,22.5,3.8,2025-12-14 08:20:32.547051105,11017.99,No
CUST02263,2024-08-11,16,31,West,Standard,Monthly,1057.87,0.0,No,1,2,23.5,3.3,2025-12-14 10:19:48.603220326,17518.38,No
CUST02264,2023-04-22,32,40,North,Standard,Annual,1345.54,0.0,No,2,1,34.3,3.1,2025-12-07 13:12:32.209493755,42979.67,No
CUST02265,2023-11-18,25,29,East,Premium,Annual,1791.42,0.0,Yes,4,0,24.8,5.0,2025-12-14 05:41:59.125487376,45996.2,No
CUST02266,2023-09-22,27,31,North,Basic,Quarterly,692.89,0.0,Yes,1,2,19.2,2.6,2025-12-11 21:33:30.851457115,19028.4,No
CUST02267,2023-05-17,31,19,South,Basic,Annual,749.11,0.0,Yes,4,0,20.9,3.4,2025-12-12 11:51:40.057739404,23588.58,No
CUST02268,2024-02-27,22,18,North,Premium,Monthly,1891.86,0.15,Yes,1,0,12.2,2.7,2025-12-10 02:00:10.069231485,43263.89,No
CUST02269,2024-07-07,17,28,West,Basic,Monthly,670.67,0.05,No,4,1,32.5,3.1,2025-12-23 10:17:49.880074509,12040.86,No
CUST02270,2023-07-17,29,31,North,Basic,Monthly,683.32,0.1,Yes,3,0,27.6,4.4,2025-12-12 07:55:07.613064659,20339.66,No
CUST02271,2023-02-15,34,36,East,Basic,Monthly,791.27,0.0,Yes,4,0,30.1,2.5,2025-12-09 07:13:17.110351376,26178.52,Yes
CUST02272,2025-01-06,11,33,East,Basic,Annual,820.63,0.05,Yes,2,0,42.0,3.9,2025-12-06 12:57:01.644275486,8942.52,No
CUST02273,2024-02-13,22,40,Central,Standard,Annual,1313.15,0.0,Yes,0,3,34.3,3.2,2025-12-14 05:49:04.794831590,27899.67,No
CUST02274,2024-06-17,18,38,East,Basic,Annual,701.3,0.05,No,1,1,11.7,4.2,2025-11-30 20:22:53.003349025,13220.46,Yes
CUST02275,2024-01-30,23,34,East,Standard,Monthly,1271.38,0.0,Yes,1,2,45.1,4.4,2025-11-27 08:45:25.149344743,29074.51,Yes
CUST02276,2024-08-31,15,30,South,Standard,Annual,933.5,0.0,Yes,2,1,23.1,2.6,2025-12-17 09:12:03.823912063,14318.81,No
CUST02277,2023-04-20,32,32,North,Premium,Monthly,1937.94,0.0,Yes,4,0,20.2,3.3,2025-12-23 07:35:43.705424827,62742.22,No
CUST02278,2023-05-27,31,49,Central,Standard,Annual,1333.61,0.0,Yes,1,0,38.2,3.8,2025-12-22 12:03:19.063039372,40453.56,No
CUST02279,2023-04-13,32,27,North,Basic,Annual,644.91,0.0,Yes,3,0,20.3,2.5,2025-12-21 19:23:30.253578902,20377.25,No
CUST02280,2024-10-27,14,30,West,Basic,Monthly,716.95,0.0,Yes,1,1,19.3,2.8,2025-12-21 18:43:04.593007886,9381.22,No
CUST02281,2024-12-15,12,40,South,Basic,Monthly,616.1,0.0,Yes,2,0,45.2,3.6,2025-12-09 00:34:33.994674449,7569.98,No
CUST02282,2025-02-04,10,32,South,Premium,Annual,1930.94,0.0,Yes,1,1,26.8,2.9,2025-12-23 19:17:00.325319793,18896.56,No
CUST02283,2023-03-25,33,36,East,Standard,Monthly,1226.6,0.0,No,1,1,49.0,3.6,2025-12-12 08:58:15.413537779,41123.4,No
CUST02284,2024-10-25,14,43,East,Basic,Monthly,655.44,0.05,Yes,2,0,10.2,3.8,2025-12-16 17:56:18.264427559,9144.55,No
CUST02285,2023-11-23,25,31,Central,Basic,Monthly,578.45,0.0,Yes,2,0,33.3,3.0,2025-12-10 10:37:35.909651367,14585.94,No
CUST02286,2024-09-23,15,21,Central,Standard,Quarterly,1360.79,0.0,No,4,2,27.5,1.4,2025-12-09 05:16:59.130992318,20748.28,No
CUST02287,2023-09-22,27,41,North,Standard,Quarterly,1398.8,0.05,No,1,0,37.2,2.4,2025-12-23 07:46:43.011460555,37734.2,No
CUST02288,2024-04-06,20,18,West,Basic,Quarterly,645.62,0.05,Yes,1,1,48.8,3.3,2025-12-18 19:35:31.686222538,12825.2,No
CUST02289,2024-07-18,17,43,West,Standard,Monthly,1181.36,0.0,No,1,0,42.3,3.9,2025-12-18 08:06:32.520806571,19588.89,No
CUST02290,2024-10-09,14,29,North,Basic,Monthly,594.92,0.0,Yes,2,1,37.6,3.3,2025-12-25 21:36:42.304867955,8878.57,No
CUST02291,2024-05-13,19,28,East,Basic,Annual,686.08,0.1,No,3,1,21.5,3.3,2025-12-26 19:50:48.819423826,13508.22,No
CUST02292,2023-04-15,32,33,South,Basic,Monthly,628.32,0.0,Yes,2,1,16.5,1.6,2025-12-12 11:30:06.272146003,20144.96,No
CUST02293,2024-08-16,16,21,South,Standard,Monthly,1239.54,0.15,Yes,1,1,46.0,3.4,2025-12-14 16:51:36.650125752,20370.47,No
CUST02294,2025-04-14,8,18,North,Standard,Annual,1234.65,0.0,No,1,1,27.3,4.1,2025-12-18 15:06:23.027888808,10787.72,No
CUST02295,2023-03-06,33,18,South,Premium,Monthly,1633.25,0.0,Yes,3,0,15.2,4.2,2025-12-22 06:57:51.140812058,53982.49,No
CUST02296,2023-09-19,27,30,North,Standard,Quarterly,1189.81,0.15,No,2,0,20.7,4.5,2025-12-08 09:38:18.342631148,31566.77,No
CUST02297,2023-09-07,27,27,South,Standard,Annual,1175.07,0.1,Yes,5,0,35.2,2.0,2025-12-14 07:50:08.447171289,30709.38,No
CUST02298,2024-08-08,16,18,Central,Basic,Quarterly,711.33,0.0,Yes,3,1,18.1,3.9,2025-11-26 11:28:21.322357905,11496.23,Yes
CUST02299,2024-07-02,17,39,West,Premium,Annual,2190.12,0.0,No,3,2,20.0,3.3,2025-12-21 18:32:25.697627834,36905.11,No
CUST02300,2025-03-30,9,28,North,Standard,Monthly,1063.3,0.0,Yes,2,1,25.8,2.9,2025-12-12 01:29:01.062324076,9406.68,No
CUST02301,2025-06-30,6,43,Central,Standard,Annual,1312.99,0.05,No,1,1,21.9,5.0,2025-12-22 21:00:20.165853382,7324.46,No
CUST02302,2024-02-22,22,37,Central,Basic,Monthly,599.3,0.0,No,2,1,48.3,4.2,2025-12-05 09:55:36.729551413,13647.26,No
CUST02303,2024-05-08,19,37,South,Standard,Quarterly,1201.36,0.05,Yes,3,0,18.2,3.3,2025-12-26 04:41:16.129475336,21956.37,No
CUST02304,2024-11-23,13,41,East,Standard,Monthly,1324.33,0.0,Yes,2,0,31.5,4.2,2025-12-10 23:48:00.424052880,17347.83,No
CUST02305,2024-03-06,21,29,East,Standard,Monthly,1366.73,0.0,No,4,0,13.4,4.2,2025-12-14 20:51:27.763854201,29175.74,No
CUST02306,2023-11-01,25,39,North,Basic,Quarterly,670.64,0.0,No,1,0,30.2,3.6,2025-12-19 23:57:23.618519960,16462.57,No
CUST02307,2023-11-04,25,38,South,Premium,Monthly,2000.31,0.0,No,0,1,15.8,3.2,2025-12-17 02:35:39.141916590,51363.0,Yes
CUST02308,2023-09-07,27,31,Central,Standard,Annual,1182.46,0.0,Yes,0,0,18.2,4.5,2025-12-30 00:00:00.000000000,31846.12,No
CUST02309,2025-04-04,8,51,West,Basic,Quarterly,605.66,0.0,Yes,3,1,20.8,1.4,2025-12-17 03:20:56.735889265,5269.96,No
CUST02310,2024-07-10,17,48,West,Basic,Quarterly,799.47,0.05,Yes,2,2,51.4,4.7,2025-12-22 06:05:35.427113846,12955.77,No
CUST02311,2025-01-18,11,42,Central,Basic,Monthly,713.08,0.0,Yes,5,1,12.2,2.8,2025-12-03 04:05:35.446471000,7439.01,Yes
CUST02312,2023-05-24,31,34,South,Basic,Monthly,723.16,0.0,Yes,2,1,30.3,4.3,2025-12-15 20:59:49.467763606,22020.47,No
CUST02313,2025-05-31,7,32,Central,Premium,Annual,1587.27,0.0,No,4,2,31.4,4.5,2025-12-07 18:04:03.027286071,9846.57,No
CUST02314,2023-03-06,33,37,North,Standard,Quarterly,664.12,0.0,Yes,2,0,33.2,2.4,2025-12-16 07:33:26.227326776,21657.36,No
CUST02315,2023-11-06,25,36,Central,Basic,Monthly,744.57,0.15,Yes,3,1,28.1,4.0,2025-12-24 12:45:48.018173916,18648.99,No
CUST02316,2023-07-19,29,46,East,Standard,Annual,1250.0,0.0,Yes,2,2,27.1,3.2,2025-12-27 23:45:31.374317621,37207.01,No
CUST02317,2023-11-06,25,37,West,Standard,Monthly,1021.96,0.05,No,2,0,19.6,3.9,2025-12-06 01:42:20.430340774,25783.55,No
CUST02318,2023-07-27,29,36,Central,Standard,Quarterly,1023.63,0.0,No,4,1,21.4,2.8,2025-12-17 19:21:56.548084185,29904.79,No
CUST02319,2024-11-29,13,35,North,Standard,Monthly,1218.7,0.0,Yes,3,0,35.6,3.5,2025-12-07 12:03:04.252073121,16561.13,No
CUST02320,2024-08-01,16,34,North,Standard,Annual,1187.87,0.0,No,1,1,3.0,4.6,2025-12-30 00:00:00.000000000,19448.45,No
CUST02321,2024-03-01,22,48,South,Basic,Quarterly,702.06,0.0,Yes,1,1,20.3,4.6,2025-12-30 00:00:00.000000000,14759.62,No
CUST02322,2023-09-15,27,35,North,Standard,Monthly,1397.34,0.05,No,3,0,18.8,3.1,2025-12-13 02:10:47.167387657,36798.66,No
CUST02323,2023-11-08,25,33,North,Standard,Monthly,1185.31,0.0,Yes,1,1,28.9,3.9,2025-12-30 00:00:00.000000000,29191.11,No
CUST02324,2025-04-02,8,47,North,Standard,Monthly,1115.53,0.0,Yes,2,1,25.6,3.8,2025-12-23 14:32:28.496159065,8223.99,No
CUST02325,2023-05-29,31,29,Central,Standard,Monthly,1123.2,0.0,No,1,1,35.6,3.3,2025-12-22 00:36:10.967983728,33835.41,No
CUST02326,2023-12-01,25,20,West,Standard,Monthly,1159.84,0.1,Yes,4,1,35.8,2.0,2025-12-14 08:45:26.271470636,29500.43,No
CUST02327,2023-08-19,28,43,East,Basic,Monthly,760.76,0.0,Yes,1,1,22.2,3.6,2025-12-14 13:26:33.182013423,21829.51,No
CUST02328,2024-08-12,16,45,East,Premium,Monthly,1809.93,0.1,Yes,2,1,21.5,1.9,2025-12-17 19:32:40.603628766,30689.73,No
CUST02329,2024-04-22,20,43,North,Basic,Monthly,603.83,0.15,Yes,3,0,20.4,3.9,2025-12-25 14:23:20.948428608,11927.65,No
CUST02330,2025-05-08,7,28,North,Premium,Monthly,2100.97,0.05,No,2,1,16.6,4.9,2025-12-20 21:42:47.662335631,14684.55,No
CUST02331,2024-11-14,13,33,East,Standard,Monthly,1210.58,0.0,Yes,2,2,21.5,4.1,2025-12-23 22:06:47.043314445,14668.09,No
CUST02332,2023-04-20,32,19,North,Standard,Monthly,1262.2,0.0,Yes,3,2,16.8,3.2,2025-12-12 15:32:04.714568140,41510.21,No
CUST02333,2023-03-09,33,33,Central,Basic,Monthly,752.69,0.0,No,2,1,19.2,2.5,2025-12-26 17:04:10.142869325,24488.15,No
CUST02334,2024-12-12,12,36,South,Premium,Monthly,2099.83,0.0,Yes,0,0,25.6,2.6,2025-12-07 09:09:03.692952614,23424.87,No
CUST02335,2025-02-20,10,30,South,Standard,Monthly,1189.73,0.0,Yes,3,0,17.6,3.7,2025-11-28 21:05:53.876464060,11499.46,Yes
CUST02336,2024-01-16,23,41,East,Standard,Monthly,1004.34,0.1,Yes,1,1,44.1,2.2,2025-11-28 03:48:53.463886365,23215.74,No
CUST02337,2025-04-30,8,41,Central,Premium,Monthly,1893.2,0.0,Yes,1,0,16.8,3.6,2025-12-22 22:06:07.642028581,13832.45,No
CUST02338,2025-05-04,7,34,North,Basic,Monthly,698.08,0.0,Yes,6,0,29.1,4.8,2025-12-30 00:00:00.000000000,5314.56,No
CUST02339,2025-05-20,7,45,Central,Standard,Quarterly,1095.55,0.1,Yes,3,0,4.7,5.0,2025-12-17 22:39:22.903622044,8617.78,No
CUST02340,2023-07-17,29,33,North,Standard,Monthly,1401.54,0.0,Yes,3,1,15.6,3.8,2025-12-25 10:59:27.889770901,40633.05,No
CUST02341,2023-04-25,32,37,Central,Basic,Monthly,757.87,0.1,Yes,0,0,28.8,3.4,2025-12-12 08:51:48.837090828,23829.48,No
CUST02342,2025-02-27,10,48,West,Standard,Quarterly,1269.73,0.1,Yes,1,1,5.7,3.7,2025-12-11 18:18:05.383918248,11550.65,No
CUST02343,2024-11-10,13,53,Central,Standard,Monthly,1017.03,0.0,No,6,1,15.0,2.2,2025-12-26 16:01:23.174201476,13617.14,No
CUST02344,2024-03-27,21,19,North,Standard,Monthly,1162.63,0.0,Yes,7,0,28.8,3.4,2025-12-25 09:36:53.512103892,24020.37,No
CUST02345,2023-11-30,25,31,North,Basic,Quarterly,741.76,0.0,No,2,0,55.8,2.6,2025-12-09 04:18:30.607334736,17813.31,No
CUST02346,2025-06-29,6,22,North,Basic,Monthly,555.68,0.0,Yes,0,0,7.5,4.1,2025-11-26 05:45:12.326861057,3422.54,Yes
CUST02347,2024-10-21,14,35,South,Premium,Monthly,1704.68,0.05,No,3,1,15.1,4.6,2025-12-22 15:33:26.778499373,23434.33,No
CUST02348,2023-08-20,28,35,East,Premium,Quarterly,1444.41,0.0,Yes,4,1,12.1,2.8,2025-12-12 12:53:04.992867480,40425.6,No
CUST02349,2024-05-08,19,37,South,Basic,Monthly,633.35,0.15,No,1,0,34.0,3.7,2025-12-30 00:00:00.000000000,11736.82,No
CUST02350,2023-10-22,26,20,North,Basic,Quarterly,565.01,0.1,Yes,2,0,16.8,4.0,2025-12-23 20:53:17.956759537,14352.26,No
CUST02351,2024-04-22,20,36,East,Standard,Annual,1380.45,0.0,Yes,0,0,35.3,3.2,2025-12-15 20:49:34.853633942,27150.67,No
CUST02352,2024-01-14,23,25,East,Standard,Monthly,1033.64,0.0,Yes,1,3,18.8,3.5,2025-12-17 14:14:13.737479761,24072.16,No
CUST02353,2023-05-25,31,23,West,Premium,Quarterly,1885.82,0.0,Yes,1,0,34.6,2.3,2025-12-17 16:24:34.427980132,59444.38,No
CUST02354,2024-01-04,23,33,East,Standard,Monthly,1106.77,0.1,No,2,1,4.8,4.7,2025-12-22 19:01:35.808628296,25190.5,No
CUST02355,2023-09-21,27,31,North,Standard,Monthly,1234.68,0.0,Yes,1,0,25.5,3.3,2025-12-17 21:30:01.184031663,32735.23,No
CUST02356,2025-03-26,9,39,West,Basic,Monthly,711.89,0.0,Yes,4,1,36.4,2.8,2025-12-09 03:45:04.767852431,6008.56,No
CUST02357,2025-05-16,7,27,East,Basic,Monthly,712.28,0.15,Yes,6,1,32.5,2.6,2025-12-30 00:00:00.000000000,5604.7,No
CUST02358,2023-05-04,31,45,East,Basic,Annual,550.36,0.05,Yes,3,0,29.2,4.0,2025-12-15 20:37:51.341886152,16669.76,No
CUST02359,2023-09-04,27,28,North,Standard,Annual,1340.13,0.05,No,3,1,25.2,3.2,2025-12-09 12:15:06.112469368,37405.86,No
CUST02360,2023-07-27,29,24,West,Basic,Quarterly,673.8,0.1,No,2,2,36.9,3.2,2025-12-26 04:36:28.467413232,19890.49,No
CUST02361,2023-06-10,30,21,North,Standard,Monthly,1105.0,0.0,Yes,1,1,15.1,4.2,2025-12-11 07:31:58.816713856,33287.75,No
CUST02362,2024-09-09,15,32,West,Standard,Quarterly,1270.03,0.1,No,2,0,28.1,4.2,2025-12-29 23:38:46.960367655,19958.79,No
CUST02363,2023-03-26,33,52,Central,Basic,Monthly,689.28,0.0,No,2,0,36.3,2.9,2025-12-30 00:00:00.000000000,22484.05,No
CUST02364,2024-04-04,20,34,East,Standard,Quarterly,1269.64,0.0,No,2,0,38.6,3.5,2025-12-24 19:34:50.144840280,26444.08,No
CUST02365,2023-07-05,29,24,West,Basic,Quarterly,564.17,0.05,Yes,1,1,42.2,4.0,2025-12-12 09:26:50.888753293,16067.48,No
CUST02366,2023-08-20,28,22,East,Standard,Annual,1077.43,0.0,No,3,0,32.0,3.3,2025-12-13 19:40:45.556478737,31108.65,No
CUST02367,2023-02-26,34,33,North,Standard,Monthly,1235.36,0.05,Yes,1,0,28.4,2.8,2025-12-16 16:11:01.227296262,41323.15,No
CUST02368,2023-08-13,28,20,South,Basic,Monthly,643.21,0.05,Yes,4,0,43.0,2.5,2025-12-10 01:39:26.851152500,17720.93,No
CUST02369,2023-06-12,30,61,West,Standard,Quarterly,1197.12,0.0,Yes,2,4,30.8,3.2,2025-11-28 12:14:30.305367975,35453.16,No
CUST02370,2023-12-04,24,32,South,Basic,Monthly,587.88,0.0,No,4,1,9.8,2.5,2025-12-19 06:09:01.644830877,14312.95,No
CUST02371,2024-03-28,21,26,West,Basic,Monthly,719.03,0.05,No,5,0,24.5,3.7,2025-12-05 04:52:26.901453234,15578.42,No
CUST02372,2024-05-16,19,38,South,Premium,Monthly,1873.81,0.05,Yes,0,3,43.0,3.0,2025-12-10 05:48:49.981241751,35732.44,No
CUST02373,2024-10-11,14,23,Central,Basic,Monthly,871.68,0.0,No,1,0,20.4,3.9,2025-12-25 01:20:04.438176749,12081.37,No
CUST02374,2023-06-24,30,26,Central,Premium,Annual,1487.52,0.0,No,4,0,7.2,2.2,2025-12-15 04:31:21.124733391,43656.01,No
CUST02375,2023-12-28,24,28,Central,Standard,Quarterly,1074.3,0.05,No,2,1,19.6,3.1,2025-12-01 02:12:32.764738770,24805.84,Yes
CUST02376,2023-04-24,32,28,Central,Standard,Monthly,1033.59,0.0,Yes,8,0,22.8,2.8,2025-12-14 12:31:23.197651234,32825.37,No
CUST02377,2024-10-16,14,34,Central,Basic,Quarterly,668.62,0.1,No,4,3,12.3,3.8,2025-12-07 12:05:50.084556265,9820.86,Yes
CUST02378,2023-11-29,25,32,West,Standard,Quarterly,1222.68,0.05,No,1,0,39.7,2.8,2025-12-21 06:09:25.607104569,29924.23,No
CUST02379,2023-05-09,31,30,South,Standard,Monthly,1073.99,0.05,No,0,0,29.4,2.5,2025-12-06 10:08:14.248721179,33945.52,No
CUST02380,2024-05-16,19,46,West,Basic,Annual,764.9,0.1,Yes,2,0,29.2,3.0,2025-12-13 01:23:50.244482746,14566.84,No
CUST02381,2025-04-06,8,18,South,Basic,Quarterly,649.22,0.0,Yes,2,1,31.1,2.6,2025-12-22 18:10:14.003693343,5116.56,No
CUST02382,2023-06-10,30,43,Central,Standard,Annual,1152.77,0.0,Yes,2,1,31.2,4.1,2025-12-12 14:38:26.386033719,34313.47,No
CUST02383,2024-09-06,15,23,Central,Basic,Monthly,836.34,0.0,No,3,1,20.7,4.3,2025-12-27 16:41:58.715710783,12529.52,No
CUST02384,2023-01-11,35,45,South,Basic,Monthly,670.95,0.05,Yes,4,1,22.0,3.7,2025-12-08 03:58:14.196305154,23484.94,No
CUST02385,2024-11-09,13,36,East,Basic,Quarterly,567.19,0.15,Yes,1,0,19.4,3.7,2025-12-17 11:40:07.637896356,7823.7,No
CUST02386,2024-12-03,12,18,West,Basic,Monthly,715.97,0.0,Yes,2,1,16.5,3.5,2025-12-14 08:43:48.502812058,9183.3,No
CUST02387,2024-02-26,22,22,North,Premium,Monthly,1887.35,0.0,Yes,3,1,11.3,4.1,2025-12-14 23:55:34.720555757,42576.1,No
CUST02388,2025-01-01,11,31,North,Basic,Monthly,695.55,0.05,No,3,1,13.1,3.2,2025-12-12 07:59:02.383939660,8175.89,Yes
CUST02389,2025-06-05,6,20,Central,Standard,Quarterly,1302.92,0.15,Yes,3,0,18.2,4.3,2025-12-17 21:34:02.269542723,7600.16,No
CUST02390,2023-01-11,35,27,South,Premium,Monthly,2017.57,0.05,Yes,2,1,33.9,4.3,2025-12-17 00:54:11.430446337,69859.59,No
CUST02391,2023-12-20,24,49,North,Standard,Monthly,1388.99,0.1,Yes,2,2,15.1,3.4,2025-12-23 01:29:54.112724581,34385.04,No
CUST02392,2023-04-02,32,28,South,Basic,Monthly,820.91,0.0,Yes,3,0,27.8,3.5,2025-11-19 11:27:51.149645404,25961.73,Yes
CUST02393,2023-07-25,29,36,West,Basic,Monthly,624.38,0.0,Yes,1,1,15.2,2.3,2025-12-24 14:03:37.521757201,17805.96,No
CUST02394,2025-03-19,9,31,North,Basic,Quarterly,640.43,0.0,Yes,2,1,31.4,2.7,2025-12-23 19:57:44.901729787,5937.64,No
CUST02395,2025-06-24,6,34,East,Basic,Annual,696.68,0.1,No,3,0,38.7,1.8,2025-12-14 09:58:01.510778177,3865.92,No
CUST02396,2024-04-30,20,35,South,Basic,Monthly,696.08,0.05,No,1,0,15.5,4.4,2025-12-17 20:23:14.300005563,13799.65,Yes
CUST02397,2023-10-09,26,44,South,Standard,Monthly,1400.53,0.0,Yes,2,2,24.2,2.1,2025-12-23 23:46:47.504810269,35497.54,No
CUST02398,2025-03-09,9,50,East,Standard,Quarterly,1214.68,0.05,Yes,1,1,19.1,3.2,2025-12-29 13:39:22.945200852,11557.79,No
CUST02399,2023-11-13,25,42,South,Basic,Monthly,670.44,0.05,Yes,4,1,18.4,3.8,2025-12-13 05:55:26.112324821,16784.78,Yes
CUST02400,2024-09-19,15,18,Central,Premium,Annual,1637.42,0.1,Yes,1,1,33.1,5.0,2025-12-09 20:33:46.548727350,24120.45,No
CUST02401,2023-05-30,31,26,North,Basic,Monthly,658.72,0.0,Yes,1,0,30.0,4.2,2025-12-24 19:47:34.550045575,20795.81,No
CUST02402,2025-05-12,7,48,West,Basic,Quarterly,791.21,0.0,Yes,1,1,14.0,2.8,2025-12-13 03:06:01.929357830,5026.81,No
CUST02403,2025-03-05,9,40,East,Standard,Annual,1097.2,0.15,Yes,2,0,34.8,2.8,2025-12-10 00:41:16.136644097,9387.56,No
CUST02404,2023-10-08,26,38,West,Standard,Monthly,1292.26,0.0,Yes,0,0,24.8,4.8,2025-12-17 21:05:04.707310523,32716.45,No
CUST02405,2024-11-14,13,42,Central,Premium,Monthly,2207.99,0.1,No,1,3,32.0,2.3,2025-12-26 13:35:12.879966288,30573.93,No
CUST02406,2023-09-19,27,28,North,Standard,Quarterly,1192.75,0.05,Yes,3,0,28.4,3.9,2025-12-30 00:00:00.000000000,32431.81,No
CUST02407,2024-03-06,21,25,North,Standard,Monthly,1000.12,0.0,Yes,1,1,32.5,3.4,2025-12-17 03:46:51.702366836,20351.87,No
CUST02408,2023-05-24,31,27,Central,Standard,Monthly,1132.82,0.05,No,3,3,28.3,4.8,2025-12-08 22:01:22.555165556,36040.96,No
CUST02409,2024-08-31,15,34,West,Standard,Annual,1091.69,0.0,Yes,2,1,28.5,4.8,2025-12-12 20:20:03.006563736,16429.25,No
CUST02410,2023-03-18,33,38,East,Standard,Annual,1183.77,0.0,No,0,0,37.6,3.5,2025-12-18 23:28:14.487708326,38671.07,No
CUST02411,2025-04-21,8,45,Central,Basic,Monthly,852.63,0.15,No,4,0,26.1,2.7,2025-12-22 19:48:50.131295712,6834.53,No
CUST02412,2024-06-16,18,40,North,Standard,Quarterly,1270.6,0.0,Yes,2,0,33.0,3.2,2025-12-21 06:07:00.905075043,23627.75,No
CUST02413,2025-05-20,7,31,Central,Premium,Annual,2056.04,0.1,Yes,3,1,36.6,4.8,2025-12-07 22:17:08.612769889,14553.28,No
CUST02414,2023-02-17,34,43,West,Standard,Monthly,1238.86,0.05,Yes,1,2,19.8,3.4,2025-12-30 00:00:00.000000000,42978.51,No
CUST02415,2025-02-08,10,27,South,Standard,Annual,1214.69,0.0,Yes,1,0,21.7,3.0,2025-12-16 13:11:00.046668679,11470.8,No
CUST02416,2023-07-08,29,38,East,Standard,Quarterly,991.16,0.15,No,1,0,18.0,3.0,2025-12-17 23:32:56.340619723,29565.65,No
CUST02417,2025-03-22,9,33,West,Standard,Quarterly,1385.02,0.0,Yes,1,1,30.2,2.9,2025-11-30 04:52:38.344940130,12642.49,Yes
CUST02418,2024-10-12,14,34,Central,Standard,Quarterly,1102.17,0.0,No,1,0,29.0,3.2,2025-12-23 23:06:29.180448047,16177.67,No
CUST02419,2023-11-30,25,30,West,Basic,Annual,737.47,0.0,Yes,3,0,31.9,2.5,2025-11-29 08:22:21.850260546,18423.21,No
CUST02420,2024-11-27,13,36,South,Basic,Monthly,768.71,0.0,No,3,1,24.3,4.4,2025-12-30 00:00:00.000000000,10472.96,No
CUST02421,2023-11-09,25,23,East,Basic,Monthly,653.29,0.0,No,3,2,26.0,2.9,2025-12-19 04:35:07.081595163,16801.43,No
CUST02422,2023-03-07,33,29,Central,Standard,Annual,1288.81,0.05,Yes,4,1,29.5,3.2,2025-12-27 15:44:44.772308716,43636.64,No
CUST02423,2025-02-19,10,37,Central,Standard,Monthly,1155.66,0.05,No,3,0,29.7,1.9,2025-12-12 15:25:12.396583941,10955.8,No
CUST02424,2023-01-11,35,42,East,Standard,Monthly,1357.1,0.0,No,1,0,2.0,4.4,2025-12-19 19:14:07.257070698,46958.82,No
CUST02425,2023-01-11,35,24,South,Standard,Monthly,1346.09,0.15,No,2,2,29.9,3.8,2025-11-29 17:14:43.755171888,46756.05,Yes
CUST02426,2024-11-20,13,45,Central,Basic,Annual,801.78,0.0,Yes,2,0,26.7,3.6,2025-11-28 22:56:17.798900606,10957.57,Yes
CUST02427,2024-12-15,12,44,South,Basic,Quarterly,797.9,0.0,Yes,2,1,32.9,4.2,2025-12-12 08:59:35.449884459,8842.42,No
CUST02428,2024-05-22,19,41,North,Basic,Annual,578.41,0.05,Yes,1,1,34.6,4.5,2025-12-11 14:47:24.748972527,10881.79,No
CUST02429,2023-04-19,32,41,South,Premium,Annual,1900.32,0.05,Yes,5,0,2.0,3.6,2025-12-18 01:50:50.436632925,61119.86,No
CUST02430,2024-11-12,13,44,East,Standard,Annual,1169.25,0.0,Yes,3,0,40.5,3.7,2025-12-11 09:53:58.917125922,15571.22,No
CUST02431,2023-04-16,32,32,East,Basic,Monthly,699.02,0.0,No,4,3,20.0,4.1,2025-12-30 00:00:00.000000000,21956.5,No
CUST02432,2024-08-02,16,18,East,Standard,Quarterly,1228.03,0.0,No,2,0,25.9,3.4,2025-12-15 08:35:11.206468620,19315.73,No
CUST02433,2023-12-30,24,25,East,Basic,Quarterly,733.19,0.0,Yes,2,2,32.8,4.4,2025-12-30 00:00:00.000000000,17429.46,No
CUST02434,2023-03-15,33,44,East,Premium,Annual,1887.39,0.0,Yes,3,1,24.0,3.5,2025-12-21 21:51:04.089456257,63646.69,No
CUST02435,2023-11-05,25,31,South,Basic,Quarterly,669.88,0.1,Yes,2,0,13.6,3.3,2025-12-16 01:20:38.267283025,16594.37,No
CUST02436,2024-05-19,19,48,South,Standard,Quarterly,914.9,0.05,Yes,3,0,35.6,3.0,2025-12-09 21:16:35.965791650,17381.32,No
CUST02437,2025-03-03,9,44,North,Basic,Monthly,762.95,0.0,Yes,0,0,23.9,2.6,2025-12-06 01:55:37.991352490,7339.12,Yes
CUST02438,2024-07-03,17,30,Central,Premium,Monthly,1641.33,0.05,Yes,3,1,21.8,4.3,2025-12-13 19:36:32.879715051,27531.52,No
CUST02439,2024-04-07,20,47,West,Standard,Annual,1076.85,0.1,No,2,1,31.0,4.9,2025-11-19 16:10:47.299643703,20498.28,Yes
CUST02440,2023-10-18,26,18,South,Standard,Monthly,1216.38,0.1,Yes,1,1,2.0,1.2,2025-12-04 15:29:46.273546151,31306.93,Yes
CUST02441,2025-01-25,11,44,East,Standard,Quarterly,1193.01,0.1,Yes,0,1,33.9,3.7,2025-12-24 02:12:33.403014303,12853.33,No
CUST02442,2023-02-01,34,40,Central,Premium,Quarterly,1685.88,0.05,No,3,0,25.1,2.8,2025-12-24 00:40:27.388336129,55774.54,No
CUST02443,2024-04-03,20,32,Central,Standard,Annual,1232.45,0.0,No,5,0,23.6,2.9,2025-12-16 23:59:42.072058951,25420.03,No
CUST02444,2024-09-02,15,27,Central,Standard,Monthly,952.18,0.05,Yes,2,1,32.2,3.4,2025-12-22 10:38:01.344900763,14515.67,No
CUST02445,2023-08-27,28,26,Central,Standard,Monthly,1150.25,0.0,No,5,1,9.3,4.0,2025-12-21 15:28:52.008509105,32115.0,No
CUST02446,2023-12-03,24,25,Central,Premium,Annual,1654.14,0.0,Yes,3,0,27.0,4.0,2025-12-20 06:55:38.033228269,40195.94,No
CUST02447,2024-03-31,21,36,East,Basic,Annual,722.62,0.0,No,0,1,16.7,3.4,2025-12-30 00:00:00.000000000,14714.97,No
CUST02448,2025-05-17,7,32,South,Basic,Annual,528.43,0.0,Yes,0,0,3.9,3.2,2025-12-25 13:52:01.640795065,3984.03,No
CUST02449,2025-05-02,7,26,Central,Basic,Monthly,726.45,0.15,Yes,4,2,40.7,3.4,2025-12-30 00:00:00.000000000,5718.06,No
CUST02450,2023-05-06,31,27,Central,Basic,Monthly,740.37,0.05,Yes,2,0,39.7,3.0,2025-12-19 06:54:03.663553666,23647.83,No
CUST02451,2023-12-09,24,42,North,Basic,Monthly,632.99,0.0,Yes,2,1,23.9,2.6,2025-12-12 21:58:39.823941317,14781.36,No
CUST02452,2023-02-25,34,35,North,Standard,Monthly,1188.65,0.0,Yes,3,0,31.7,3.5,2025-12-04 21:28:22.312212338,41251.93,Yes
CUST02453,2025-04-12,8,29,East,Standard,Monthly,1191.17,0.0,No,2,0,16.4,3.7,2025-12-11 14:00:50.223337189,8749.19,No
CUST02454,2024-11-19,13,46,West,Standard,Annual,1272.37,0.05,No,0,0,27.6,3.8,2025-12-11 11:19:59.226235718,15781.03,No
CUST02455,2024-04-15,20,39,East,Standard,Monthly,1407.18,0.05,Yes,0,0,37.4,4.2,2025-12-15 01:22:44.389637372,28152.38,No
CUST02456,2025-06-08,6,29,East,Basic,Monthly,825.01,0.0,No,2,0,18.0,3.1,2025-12-23 19:27:28.253714513,5663.27,No
CUST02457,2024-09-15,15,43,East,Basic,Monthly,568.73,0.0,Yes,2,1,12.1,4.6,2025-12-29 06:28:30.675618031,9057.71,No
CUST02458,2023-11-03,25,28,South,Basic,Quarterly,816.74,0.0,No,3,0,21.4,3.6,2025-12-30 00:00:00.000000000,19724.23,No
CUST02459,2023-10-12,26,33,West,Standard,Annual,1372.78,0.0,No,0,0,12.5,2.8,2025-12-30 00:00:00.000000000,36658.1,No
CUST02460,2025-02-24,10,42,North,Standard,Annual,1306.42,0.0,Yes,2,1,38.6,3.4,2025-12-20 05:19:11.563589067,14278.75,No
CUST02461,2023-05-08,31,41,Central,Basic,Monthly,596.83,0.1,Yes,4,1,34.8,4.5,2025-12-11 00:09:55.349741362,18320.32,No
CUST02462,2025-06-30,6,29,West,Standard,Quarterly,1347.28,0.05,Yes,3,1,28.3,3.0,2025-12-14 16:11:13.737031959,8116.36,No
CUST02463,2023-12-18,24,49,Central,Standard,Monthly,1133.02,0.05,Yes,2,1,30.6,3.8,2025-12-26 13:26:26.743590347,26205.95,No
CUST02464,2023-10-19,26,42,West,Standard,Monthly,963.9,0.0,No,1,1,45.3,4.2,2025-12-15 13:28:54.344070797,25010.07,Yes
CUST02465,2024-09-19,15,41,North,Standard,Monthly,1090.63,0.05,No,3,2,21.5,3.0,2025-12-29 05:11:25.092338283,16694.61,No
CUST02466,2025-05-09,7,36,South,Standard,Monthly,1121.96,0.05,Yes,1,0,40.2,3.5,2025-12-22 04:42:03.286188479,8166.72,No
CUST02467,2024-06-05,18,31,West,Standard,Monthly,1314.26,0.0,Yes,2,1,28.6,3.1,2025-12-12 19:12:59.451769386,23782.02,No
CUST02468,2023-05-11,31,32,East,Basic,Annual,605.34,0.05,Yes,2,1,14.1,2.9,2025-12-30 00:00:00.000000000,19050.1,No
CUST02469,2025-02-16,10,50,East,Standard,Annual,1080.62,0.0,No,2,0,2.0,4.0,2025-12-16 19:36:54.460930093,10601.46,No
CUST02470,2024-05-12,19,39,Central,Basic,Annual,628.35,0.05,No,4,0,31.5,2.0,2025-12-25 13:36:51.749210201,11350.1,No
CUST02471,2023-10-12,26,29,North,Basic,Monthly,631.3,0.1,No,2,2,20.9,3.4,2025-12-16 19:13:23.835344970,15986.11,No
CUST02472,2023-03-12,33,33,West,Basic,Monthly,747.49,0.1,Yes,1,1,20.3,2.5,2025-12-24 04:06:29.605984036,23999.64,No
CUST02473,2023-06-28,30,23,East,Standard,Monthly,1220.35,0.0,Yes,3,2,38.0,2.4,2025-12-30 00:00:00.000000000,36317.59,No
CUST02474,2023-07-01,30,30,North,Standard,Monthly,1118.84,0.0,Yes,0,1,2.0,2.8,2025-12-09 11:32:24.397090527,32484.5,No
CUST02475,2025-03-13,9,18,South,Basic,Monthly,755.42,0.0,Yes,2,0,45.6,3.6,2025-12-29 04:14:09.084358441,6254.39,No
CUST02476,2024-03-25,21,18,West,Standard,Monthly,1053.55,0.0,No,3,0,20.2,3.3,2025-11-27 11:08:53.572112944,22398.8,Yes
CUST02477,2024-05-11,19,26,South,Basic,Monthly,769.15,0.0,Yes,0,0,37.3,3.9,2025-12-08 00:36:41.121430376,14196.26,Yes
CUST02478,2024-08-27,16,55,West,Standard,Monthly,1030.1,0.05,Yes,0,1,24.8,2.0,2025-12-30 00:00:00.000000000,17054.85,No
CUST02479,2024-09-12,15,33,North,Standard,Monthly,1276.25,0.15,Yes,2,1,36.2,3.2,2025-12-27 20:29:02.789531109,19324.98,No
CUST02480,2023-12-11,24,39,North,Basic,Annual,829.32,0.05,Yes,3,0,29.3,2.3,2025-12-22 07:39:58.710718296,19091.48,No
CUST02481,2023-02-03,34,29,Central,Basic,Annual,681.59,0.0,Yes,2,1,7.9,4.0,2025-12-11 04:44:13.400452994,23425.8,No
CUST02482,2023-04-18,32,54,South,Standard,Monthly,1108.18,0.0,No,4,0,15.0,4.0,2025-12-16 00:51:36.847518610,34827.18,No
CUST02483,2025-06-12,6,41,West,Premium,Monthly,1818.96,0.0,Yes,1,0,14.0,4.0,2025-11-29 11:17:59.533163751,12047.62,Yes
CUST02484,2024-12-27,12,29,South,Standard,Quarterly,1418.93,0.0,Yes,1,1,16.7,3.0,2025-12-02 19:39:26.896411040,18068.81,Yes
CUST02485,2024-03-07,21,30,Central,Basic,Annual,814.38,0.0,Yes,1,0,31.4,4.0,2025-12-22 07:32:37.931265863,16991.98,No
CUST02486,2024-10-03,14,34,South,Standard,Annual,1191.21,0.0,Yes,1,1,25.5,2.7,2025-12-06 09:34:38.820524771,15896.33,No
CUST02487,2024-10-31,13,24,Central,Basic,Monthly,610.88,0.0,Yes,2,0,29.8,2.7,2025-12-03 03:25:44.077989378,8383.28,No
CUST02488,2025-03-21,9,32,North,Standard,Monthly,1216.68,0.05,No,3,1,16.8,3.6,2025-12-29 09:01:13.782154153,10928.49,No
CUST02489,2024-01-04,23,39,Central,Standard,Monthly,977.41,0.0,Yes,5,0,26.9,1.9,2025-12-06 04:03:36.990055962,22420.28,Yes
CUST02490,2024-09-21,15,19,East,Premium,Monthly,1974.18,0.05,No,1,1,15.2,3.2,2025-12-12 22:56:10.199056667,29349.34,No
CUST02491,2024-03-30,21,46,West,Premium,Quarterly,1776.95,0.1,No,1,0,21.0,2.9,2025-12-15 01:47:27.964980912,38469.02,No
CUST02492,2024-11-05,13,46,North,Premium,Monthly,1921.84,0.1,Yes,2,0,32.8,4.4,2025-12-25 06:14:04.421206963,23545.22,No
CUST02493,2023-10-22,26,36,South,Standard,Monthly,1065.07,0.0,No,0,0,32.2,3.5,2025-12-12 11:34:57.729138166,28525.1,No
CUST02494,2023-10-14,26,41,North,Premium,Monthly,1876.61,0.0,Yes,0,1,29.4,2.8,2025-12-20 17:30:43.173671133,49056.23,No
CUST02495,2024-11-26,13,37,West,Basic,Quarterly,818.38,0.0,Yes,2,0,14.7,3.8,2025-12-17 05:42:34.770621963,10394.54,No
CUST02496,2023-06-25,30,29,North,Standard,Monthly,1241.95,0.0,Yes,3,1,13.7,3.6,2025-12-20 10:15:25.974615865,37741.2,No
CUST02497,2023-02-15,34,43,West,Standard,Monthly,1240.27,0.05,Yes,1,1,47.9,3.8,2025-12-22 10:41:29.354822722,42575.79,No
CUST02498,2024-02-14,22,37,West,Standard,Quarterly,1193.49,0.05,Yes,1,2,17.6,2.7,2025-12-17 17:11:21.001350236,27291.08,No
CUST02499,2023-01-24,35,31,East,Premium,Quarterly,2279.25,0.1,Yes,4,2,46.3,3.7,2025-12-14 22:23:33.097238472,80360.32,No
CUST02500,2023-08-18,28,21,East,Standard,Monthly,1299.16,0.05,Yes,1,1,30.0,2.1,2025-12-20 18:32:14.904096801,36739.64,No
CUST02501,2024-05-02,19,29,North,Premium,Monthly,1706.78,0.05,Yes,3,0,17.9,4.4,2025-12-20 18:02:14.640020120,32212.32,No
CUST02502,2023-11-10,25,45,North,Basic,Monthly,760.66,0.05,No,4,1,18.6,3.2,2025-11-29 23:07:18.958463110,19337.2,Yes
CUST02503,2023-10-18,26,41,West,Basic,Monthly,708.44,0.05,Yes,4,0,16.9,4.1,2025-12-16 18:51:03.258663535,18953.22,No
CUST02504,2024-06-04,18,30,North,Basic,Monthly,650.48,0.0,No,2,1,34.1,2.7,2025-12-06 17:35:59.913516656,11507.49,No
CUST02505,2023-07-09,29,48,East,Standard,Annual,1018.74,0.05,No,3,0,33.2,2.9,2025-12-20 03:50:20.743052096,30190.26,No
CUST02506,2024-10-10,14,32,Central,Premium,Monthly,1706.63,0.15,Yes,1,2,31.7,4.1,2025-12-19 03:50:07.078638331,25328.28,No
CUST02507,2024-09-18,15,34,South,Standard,Monthly,1136.55,0.0,No,1,0,25.6,4.7,2025-12-06 15:47:32.674660513,17729.57,No
CUST02508,2023-12-22,24,33,North,Basic,Quarterly,739.84,0.0,No,3,0,18.2,1.0,2025-12-11 23:23:54.250921433,17525.85,Yes
CUST02509,2023-07-23,29,20,South,Basic,Quarterly,660.16,0.0,Yes,3,1,38.7,3.1,2025-12-30 00:00:00.000000000,19648.43,No
CUST02510,2024-11-23,13,38,South,Basic,Monthly,723.45,0.05,Yes,2,0,37.2,2.1,2025-12-16 19:41:02.605296642,9369.68,No
CUST02511,2025-04-05,8,43,West,Standard,Quarterly,1106.64,0.0,No,2,0,36.0,3.0,2025-12-28 16:56:04.572958952,8209.19,No
CUST02512,2024-05-20,19,32,East,Standard,Annual,1369.71,0.0,Yes,3,0,12.8,4.8,2025-12-25 02:45:15.055545727,26280.72,No
CUST02513,2025-03-22,9,58,East,Basic,Monthly,845.47,0.0,No,2,0,37.5,2.5,2025-12-28 19:20:06.822415992,7643.52,No
CUST02514,2024-09-17,15,22,East,Standard,Annual,1464.1,0.0,Yes,4,0,13.0,3.4,2025-12-12 21:23:06.984565043,21150.91,No
CUST02515,2024-01-16,23,37,Central,Standard,Monthly,1385.38,0.1,Yes,5,0,36.7,3.2,2025-12-30 00:00:00.000000000,32224.87,No
CUST02516,2023-02-25,34,32,West,Standard,Quarterly,1092.75,0.0,Yes,0,0,33.1,3.5,2025-12-21 05:05:21.949255614,37096.65,No
CUST02517,2024-01-30,23,40,West,Basic,Quarterly,714.37,0.0,Yes,0,1,28.9,4.5,2025-12-29 18:13:30.579424873,15911.43,No
CUST02518,2023-06-30,30,36,West,Premium,Annual,1887.59,0.05,Yes,3,1,39.3,4.7,2025-12-30 00:00:00.000000000,56564.77,No
CUST02519,2023-01-22,35,39,Central,Standard,Monthly,1350.11,0.0,Yes,0,1,39.1,4.4,2025-12-17 17:50:13.115558867,47329.63,No
CUST02520,2024-02-14,22,27,East,Premium,Annual,1886.96,0.05,Yes,5,0,24.9,4.0,2025-12-18 11:20:03.713400477,43374.95,No
CUST02521,2024-03-15,21,38,North,Standard,Monthly,1264.51,0.1,Yes,4,2,20.7,3.6,2025-12-30 00:00:00.000000000,26956.39,No
CUST02522,2023-02-26,34,42,East,Premium,Monthly,1794.52,0.0,Yes,4,0,12.2,2.2,2025-12-22 16:02:11.998443829,61167.28,No
CUST02523,2025-02-04,10,33,North,Basic,Monthly,567.38,0.05,No,2,1,23.8,4.4,2025-12-06 15:23:08.925724246,6147.12,No
CUST02524,2024-11-16,13,18,North,Standard,Monthly,1116.64,0.1,Yes,2,1,43.2,4.6,2025-12-02 18:43:10.565285250,14384.63,No
CUST02525,2023-05-18,31,18,West,Standard,Quarterly,1153.35,0.0,Yes,2,1,31.0,2.8,2025-12-16 20:41:01.837189421,34603.87,No
CUST02526,2025-05-14,7,23,West,Standard,Monthly,1114.26,0.0,No,2,0,40.2,3.8,2025-12-21 04:37:40.404638583,6741.96,No
CUST02527,2025-04-23,8,34,West,Premium,Monthly,1874.96,0.05,Yes,2,0,40.6,4.0,2025-12-15 12:03:27.149494850,15788.67,Yes
CUST02528,2023-11-11,25,20,East,Basic,Annual,648.3,0.0,No,2,0,11.6,3.2,2025-12-04 16:43:11.159743155,15751.32,No
CUST02529,2024-11-13,13,33,South,Basic,Monthly,655.67,0.05,Yes,2,1,33.9,3.7,2025-12-18 05:40:55.483478902,8926.86,Yes
CUST02530,2023-06-16,30,34,East,Premium,Monthly,2054.6,0.05,No,4,0,12.3,4.6,2025-12-26 19:04:29.808475413,63211.38,No
CUST02531,2025-01-06,11,23,West,Basic,Quarterly,511.0,0.0,Yes,2,0,29.5,4.3,2025-12-14 12:25:04.192275873,5535.49,No
CUST02532,2024-02-29,22,40,North,Basic,Monthly,544.53,0.05,No,0,0,48.9,3.4,2025-12-17 16:28:00.623184425,12151.45,No
CUST02533,2023-03-16,33,22,East,Standard,Monthly,1254.9,0.0,No,2,1,23.9,3.6,2025-12-23 09:42:17.288804639,42196.42,No
CUST02534,2024-08-30,16,37,West,Basic,Annual,611.16,0.0,Yes,3,0,7.4,3.2,2025-12-15 04:39:09.334157706,9759.93,No
CUST02535,2024-01-29,23,52,West,Premium,Quarterly,1867.02,0.1,Yes,5,1,25.4,2.1,2025-12-09 04:41:09.487446617,41617.14,No
CUST02536,2024-12-15,12,19,Central,Premium,Monthly,1917.77,0.0,No,0,1,8.9,3.9,2025-12-12 12:23:35.497485445,21554.53,No
CUST02537,2024-10-06,14,32,West,Basic,Quarterly,871.44,0.1,Yes,1,0,38.6,4.1,2025-12-23 16:32:03.940743815,12900.74,No
CUST02538,2024-06-18,18,46,North,Basic,Quarterly,816.8,0.0,No,0,0,38.1,3.5,2025-12-10 21:15:34.241332585,14512.36,No
CUST02539,2024-04-13,20,34,Central,Premium,Monthly,2085.29,0.15,Yes,2,0,19.1,2.5,2025-12-21 19:25:13.755781068,43753.88,No
CUST02540,2023-03-23,33,25,Central,Basic,Monthly,610.34,0.0,No,5,0,20.5,3.5,2025-12-24 01:57:47.340584378,19584.59,No
CUST02541,2023-12-11,24,32,South,Standard,Annual,976.51,0.05,No,2,1,25.8,3.6,2025-12-21 17:07:38.200393710,23539.22,No
CUST02542,2024-04-12,20,19,North,Basic,Annual,679.09,0.1,Yes,4,0,16.7,3.4,2025-12-27 19:18:29.370105744,14089.62,No
CUST02543,2025-03-08,9,30,Central,Basic,Annual,716.89,0.05,Yes,2,0,13.9,4.1,2025-12-18 10:53:56.928251199,6916.15,No
CUST02544,2024-07-15,17,35,East,Standard,Monthly,1231.64,0.1,Yes,2,0,23.6,3.1,2025-12-27 23:44:19.333746975,21832.19,No
CUST02545,2024-05-03,19,27,South,Basic,Annual,747.77,0.05,Yes,1,0,34.3,2.8,2025-12-11 14:29:28.348544737,14508.44,No
CUST02546,2024-07-07,17,31,South,Standard,Annual,1322.29,0.05,Yes,5,0,13.2,3.2,2025-12-25 18:23:46.904740803,22253.98,No
CUST02547,2025-02-03,10,18,North,Standard,Monthly,1529.08,0.0,No,3,1,33.1,3.8,2025-12-23 19:28:25.132206191,16247.72,No
CUST02548,2024-08-11,16,46,East,Premium,Annual,1774.06,0.0,No,9,1,19.5,3.8,2025-12-16 12:25:08.424572106,29812.24,No
CUST02549,2024-08-22,16,28,West,Standard,Monthly,1200.76,0.0,No,2,0,6.8,5.0,2025-12-22 07:29:15.277667208,19650.95,No
CUST02550,2023-10-28,26,35,East,Standard,Annual,1332.99,0.05,Yes,1,0,21.5,3.3,2025-12-21 11:25:53.418365642,34467.21,No
CUST02551,2023-06-12,30,32,Central,Standard,Monthly,1282.11,0.05,Yes,2,0,29.1,3.0,2025-12-20 09:02:54.418776637,38820.54,No
CUST02552,2024-05-24,19,32,South,Basic,Annual,757.7,0.0,Yes,5,3,24.9,3.0,2025-11-28 14:30:01.448066258,13826.69,Yes
CUST02553,2023-02-10,34,37,North,Standard,Monthly,1227.58,0.0,Yes,4,0,28.5,3.3,2025-12-25 00:47:10.135707268,41673.53,No
CUST02554,2024-02-29,22,38,West,Standard,Quarterly,1005.56,0.0,No,1,0,36.7,2.9,2025-12-30 00:00:00.000000000,22151.95,No
CUST02555,2023-05-15,31,31,Central,Standard,Monthly,1298.34,0.0,Yes,1,0,16.2,4.4,2025-12-03 09:22:52.895624947,39501.09,No
CUST02556,2023-05-30,31,25,South,Standard,Monthly,1408.32,0.0,No,3,0,21.2,3.7,2025-12-18 19:06:59.874227756,42866.84,No
CUST02557,2024-01-13,23,45,West,Premium,Monthly,2022.08,0.0,No,4,0,22.1,3.0,2025-12-12 23:03:37.650082102,44890.68,Yes
CUST02558,2023-05-11,31,18,West,Standard,Monthly,1134.15,0.1,No,3,0,8.7,2.7,2025-12-10 07:49:15.746240105,35877.61,No
CUST02559,2023-07-30,29,41,West,Basic,Annual,676.89,0.1,Yes,2,1,35.8,2.4,2025-12-15 18:07:43.687683754,19022.95,No
CUST02560,2024-03-23,21,23,Central,Basic,Annual,774.16,0.05,Yes,0,1,37.9,3.7,2025-12-25 23:10:37.851140793,16232.9,No
CUST02561,2025-06-19,6,29,East,Basic,Monthly,770.64,0.05,Yes,1,2,29.7,3.5,2025-12-22 13:10:12.488440559,4572.62,No
CUST02562,2023-01-24,35,38,Central,Standard,Annual,1171.22,0.05,Yes,4,0,20.9,3.9,2025-12-10 11:56:33.082490464,42160.28,No
CUST02563,2023-09-22,27,35,South,Basic,Annual,668.23,0.0,No,2,1,29.6,1.1,2025-12-26 01:34:03.691559157,17648.92,No
CUST02564,2023-09-10,27,31,South,Standard,Quarterly,973.78,0.0,Yes,1,0,34.3,2.6,2025-12-17 18:09:59.366072034,27185.83,No
CUST02565,2024-04-06,20,40,Central,Premium,Monthly,2053.7,0.1,No,5,0,32.3,1.8,2025-12-07 09:55:13.348082237,42205.02,Yes
CUST02566,2024-06-25,18,36,Central,Standard,Monthly,945.14,0.0,Yes,2,2,36.0,3.2,2025-12-09 12:14:17.376355473,17323.55,No
CUST02567,2023-06-04,30,28,West,Standard,Monthly,1136.82,0.0,Yes,4,0,36.8,3.0,2025-12-20 10:10:00.940937281,34441.09,No
CUST02568,2023-12-01,25,30,East,Standard,Monthly,1379.34,0.0,Yes,2,0,9.8,4.1,2025-12-24 03:02:06.254098121,35679.36,No
CUST02569,2024-07-10,17,22,Central,Premium,Annual,1747.18,0.0,No,2,1,24.1,3.1,2025-11-17 03:17:55.013278468,30644.87,Yes
CUST02570,2024-07-03,17,34,Central,Standard,Annual,1287.21,0.05,No,2,0,17.6,2.8,2025-12-16 11:24:12.396361081,22001.28,No
CUST02571,2024-09-06,15,54,West,Basic,Annual,800.73,0.0,Yes,2,2,26.7,2.6,2025-12-22 19:41:13.887107918,12006.45,No
CUST02572,2024-02-16,22,38,Central,Premium,Annual,2203.89,0.1,Yes,2,0,31.6,2.6,2025-12-17 08:34:03.703831096,50534.64,No
CUST02573,2024-04-11,20,40,East,Premium,Quarterly,1921.32,0.05,No,4,1,28.8,1.9,2025-12-16 03:26:48.536078329,37366.09,No
CUST02574,2025-01-25,11,30,South,Standard,Monthly,1178.87,0.0,No,2,0,29.5,3.5,2025-12-18 05:37:08.417291319,12048.37,No
CUST02575,2023-02-15,34,18,East,Premium,Annual,1985.29,0.0,Yes,1,0,16.1,3.7,2025-12-24 02:54:53.888280521,65723.85,No
CUST02576,2024-10-14,14,30,North,Premium,Annual,1986.73,0.0,Yes,0,0,32.6,2.9,2025-12-28 01:51:20.301935556,28492.4,No
CUST02577,2024-08-17,16,37,North,Basic,Monthly,641.21,0.05,No,2,0,28.3,4.0,2025-12-22 20:09:04.733012500,9690.68,No
CUST02578,2024-11-16,13,25,West,Premium,Annual,1437.52,0.0,No,2,4,31.2,3.5,2025-12-02 18:50:38.070804115,18041.25,Yes
CUST02579,2023-01-04,35,22,South,Basic,Annual,645.51,0.05,Yes,1,0,28.4,3.8,2025-12-25 06:17:44.901609625,22762.34,No
CUST02580,2024-04-12,20,33,East,Standard,Monthly,975.91,0.05,No,1,1,28.7,4.4,2025-12-21 02:24:16.750199209,20029.49,No
CUST02581,2023-03-21,33,40,North,Standard,Annual,1253.43,0.0,No,2,2,4.8,2.4,2025-12-19 17:05:32.402520266,40797.63,No
CUST02582,2024-11-23,13,26,West,Standard,Annual,1348.52,0.0,Yes,2,2,14.4,3.0,2025-12-29 23:38:46.925593158,17430.43,No
CUST02583,2024-06-13,18,51,East,Standard,Monthly,1099.54,0.05,No,2,1,15.9,2.8,2025-12-30 00:00:00.000000000,19467.74,No
CUST02584,2023-05-04,31,28,North,Standard,Annual,1259.49,0.0,Yes,3,1,24.6,3.5,2025-12-09 08:44:20.918610220,37941.55,No
CUST02585,2023-03-06,33,32,North,Basic,Quarterly,703.09,0.05,Yes,1,0,37.5,3.3,2025-12-21 20:47:37.878234101,22914.46,No
CUST02586,2025-05-29,7,22,South,Basic,Monthly,687.99,0.05,No,2,0,37.9,3.1,2025-12-26 08:21:28.467999101,5238.84,No
CUST02587,2023-04-06,32,42,East,Basic,Monthly,574.65,0.05,Yes,1,1,26.4,5.0,2025-12-12 05:32:33.004134275,18635.93,No
CUST02588,2023-11-24,25,18,West,Standard,Monthly,1154.16,0.0,Yes,2,0,18.9,3.8,2025-12-06 03:31:45.362817247,28890.92,No
CUST02589,2023-03-29,33,32,Central,Basic,Monthly,672.22,0.1,Yes,7,1,19.4,4.1,2025-12-23 20:18:18.977832254,21569.11,No
CUST02590,2023-06-24,30,36,West,Basic,Monthly,587.49,0.1,No,2,0,33.4,3.3,2025-11-23 02:49:58.203984179,17571.05,Yes
CUST02591,2024-12-31,11,40,West,Premium,Monthly,2178.85,0.1,Yes,1,1,26.3,3.3,2025-12-20 16:44:47.436906838,23224.17,No
CUST02592,2025-01-15,11,40,East,Standard,Monthly,1221.66,0.1,No,2,0,21.1,2.7,2025-12-09 03:07:15.629070389,14347.73,No
CUST02593,2025-05-11,7,23,North,Standard,Monthly,1222.35,0.0,Yes,1,2,28.2,3.6,2025-12-30 00:00:00.000000000,8608.9,No
CUST02594,2024-05-06,19,39,Central,Basic,Quarterly,674.09,0.1,No,1,0,37.9,3.2,2025-12-23 22:57:31.852458870,12476.1,No
CUST02595,2024-09-06,15,30,East,Standard,Monthly,1173.03,0.05,Yes,4,1,32.0,2.6,2025-12-16 17:30:36.722462118,16915.4,No
CUST02596,2024-03-14,21,18,South,Standard,Annual,1163.81,0.0,No,0,0,20.3,3.0,2025-12-13 06:35:00.979559961,24607.22,No
CUST02597,2025-05-17,7,54,East,Basic,Annual,868.28,0.0,Yes,6,1,35.6,3.0,2025-12-08 23:58:34.588472765,5975.17,No
CUST02598,2024-01-28,23,38,East,Premium,Monthly,1589.16,0.0,No,2,0,18.1,1.9,2025-12-19 13:54:12.221213501,36968.23,No
CUST02599,2023-11-27,25,40,Central,Basic,Monthly,694.11,0.05,Yes,0,0,25.9,3.4,2025-12-14 18:32:13.765398136,17272.44,No
CUST02600,2024-10-04,14,44,Central,Basic,Monthly,637.08,0.0,Yes,1,0,40.8,3.9,2025-12-15 18:13:24.873796771,9056.23,No
CUST02601,2024-07-28,17,33,South,Basic,Monthly,571.43,0.0,No,1,0,28.5,2.6,2025-12-19 22:47:21.063144290,9743.8,No
CUST02602,2025-06-01,6,28,East,Premium,Annual,1874.83,0.15,Yes,1,1,18.0,3.5,2025-12-19 14:46:13.773603980,10216.38,No
CUST02603,2023-04-30,32,39,North,Basic,Monthly,788.61,0.0,No,0,0,28.1,2.5,2025-12-24 05:28:53.398680359,25786.57,No
CUST02604,2023-02-15,34,44,East,Standard,Annual,1203.99,0.0,Yes,1,0,22.8,3.7,2025-12-28 06:02:38.805598421,40734.32,No
CUST02605,2023-01-19,35,47,South,Basic,Monthly,630.47,0.05,Yes,4,0,12.3,3.5,2025-12-18 21:32:27.655962407,22372.8,No
CUST02606,2023-12-09,24,22,West,Premium,Monthly,1846.05,0.0,Yes,1,0,20.7,2.1,2025-12-22 22:17:11.873873668,42663.3,No
CUST02607,2023-11-05,25,44,Central,Premium,Monthly,2015.59,0.15,Yes,1,0,48.4,4.3,2025-12-18 19:17:20.336275557,49299.07,No
CUST02608,2023-06-22,30,18,Central,Premium,Quarterly,1759.09,0.0,Yes,4,1,37.3,3.1,2025-12-19 07:38:01.395195430,51434.66,No
CUST02609,2024-03-17,21,40,North,Standard,Annual,1086.34,0.05,No,2,1,30.2,2.1,2025-12-12 03:40:44.982316607,23455.66,No
CUST02610,2024-05-12,19,28,South,Basic,Monthly,674.37,0.05,No,4,1,6.3,2.3,2025-12-14 19:30:19.206901294,12475.95,No
CUST02611,2023-04-07,32,41,Central,Standard,Monthly,1089.12,0.0,No,2,0,25.0,5.0,2025-12-20 20:00:31.377547590,35134.9,No
CUST02612,2025-01-05,11,42,South,Premium,Quarterly,2273.0,0.05,Yes,2,0,24.3,2.8,2025-12-20 01:43:24.908487166,23990.82,No
CUST02613,2023-10-07,26,39,South,Standard,Quarterly,1122.06,0.0,Yes,2,0,41.7,3.1,2025-12-01 04:35:43.467492074,28342.7,Yes
CUST02614,2023-01-21,35,43,East,Standard,Monthly,1274.06,0.1,No,0,0,26.7,2.0,2025-12-23 07:47:26.329359247,45214.02,No
CUST02615,2023-10-09,26,42,West,Standard,Monthly,1235.43,0.0,No,2,0,21.1,3.7,2025-12-09 21:14:12.514874681,32675.61,No
CUST02616,2024-01-23,23,36,North,Standard,Quarterly,1384.65,0.05,Yes,1,1,29.1,3.3,2025-12-28 14:59:18.044289333,30789.86,No
CUST02617,2024-04-05,20,48,South,Standard,Monthly,1198.49,0.0,Yes,3,1,12.7,2.9,2025-12-18 21:17:03.872603291,24894.05,No
CUST02618,2023-07-15,29,34,West,Standard,Monthly,1357.8,0.05,Yes,4,2,22.0,5.0,2025-12-12 08:20:10.463446657,40373.27,No
CUST02619,2024-08-06,16,28,Central,Basic,Monthly,707.17,0.0,No,6,0,37.8,3.1,2025-12-24 08:50:32.026845368,11082.42,No
CUST02620,2025-03-22,9,36,East,Standard,Quarterly,1210.06,0.0,No,1,1,19.2,2.5,2025-12-23 07:53:53.917328375,11699.3,No
CUST02621,2024-07-28,17,27,West,Premium,Annual,1824.41,0.0,Yes,4,2,23.0,3.9,2025-12-29 23:33:14.101175616,31576.69,No
CUST02622,2023-12-03,24,34,Central,Basic,Quarterly,796.75,0.0,Yes,1,0,13.5,2.7,2025-12-09 18:43:53.903089897,19756.37,No
CUST02623,2024-12-16,12,34,South,Basic,Monthly,747.47,0.1,Yes,3,0,23.8,4.7,2025-12-17 03:21:32.042513950,9198.41,No
CUST02624,2023-02-01,34,51,West,Standard,Quarterly,1131.47,0.1,No,5,1,18.7,3.9,2025-12-23 11:34:58.688419870,39402.01,No
CUST02625,2024-06-12,18,53,West,Premium,Monthly,2023.35,0.05,Yes,1,2,31.1,3.2,2025-12-10 10:34:01.737876006,36389.1,Yes
CUST02626,2025-03-17,9,21,East,Basic,Monthly,888.78,0.0,Yes,3,0,15.6,2.6,2025-12-23 20:45:35.544893323,8775.94,No
CUST02627,2024-10-06,14,26,Central,Basic,Monthly,757.17,0.15,Yes,2,0,20.5,2.8,2025-12-06 06:08:13.872405561,10874.31,Yes
CUST02628,2023-01-04,35,43,West,Premium,Quarterly,2037.22,0.0,Yes,3,2,30.4,4.4,2025-12-30 00:00:00.000000000,71394.86,No
CUST02629,2023-09-09,27,38,South,Basic,Monthly,693.57,0.1,Yes,3,1,20.6,3.7,2025-12-11 14:47:53.632738395,19160.04,Yes
CUST02630,2025-04-26,8,53,West,Premium,Annual,2262.23,0.0,No,1,0,21.1,4.1,2025-12-16 02:45:44.475125576,16094.02,No
CUST02631,2023-02-22,34,44,East,Basic,Monthly,546.97,0.0,No,4,2,19.5,3.4,2025-12-30 00:00:00.000000000,18900.19,No
CUST02632,2024-05-19,19,33,North,Basic,Monthly,620.95,0.1,Yes,3,0,20.1,3.9,2025-12-17 09:53:23.436038383,11479.36,No
CUST02633,2023-05-04,31,62,West,Premium,Monthly,2141.12,0.05,Yes,1,1,41.4,2.8,2025-12-19 20:16:21.087444317,67352.76,No
CUST02634,2024-02-08,22,20,Central,Basic,Annual,785.88,0.05,Yes,2,1,29.6,4.1,2025-12-18 06:21:41.557561788,17367.74,No
CUST02635,2023-01-25,35,40,East,Basic,Monthly,676.92,0.1,No,1,2,16.9,4.8,2025-12-30 00:00:00.000000000,23303.09,No
CUST02636,2023-01-04,35,47,Central,Standard,Monthly,1290.83,0.1,Yes,3,0,21.0,2.2,2025-12-28 18:22:27.288553910,45980.59,No
CUST02637,2025-04-24,8,42,East,Standard,Quarterly,1318.54,0.0,Yes,0,0,18.7,3.7,2025-12-30 00:00:00.000000000,10850.64,No
CUST02638,2023-03-12,33,28,East,Standard,Annual,1276.43,0.0,Yes,5,0,25.2,3.9,2025-12-09 12:42:34.552023357,41360.71,No
CUST02639,2023-01-10,35,22,West,Standard,Monthly,1390.85,0.0,No,3,0,30.4,2.6,2025-12-26 07:05:32.809427725,48361.47,No
CUST02640,2023-04-20,32,43,North,Basic,Monthly,670.22,0.0,Yes,1,4,18.5,2.7,2025-12-29 15:45:50.125442259,21572.93,No
CUST02641,2024-06-23,18,32,East,Standard,Annual,1263.04,0.0,Yes,1,0,29.5,5.0,2025-12-15 05:31:46.932537170,22087.76,No
CUST02642,2023-09-27,27,33,South,Standard,Monthly,1213.1,0.0,Yes,2,1,14.0,4.7,2025-12-21 05:32:41.088691338,33652.19,No
CUST02643,2025-06-06,6,38,North,Basic,Annual,735.82,0.0,No,0,3,29.4,3.9,2025-12-22 21:53:03.648822323,4976.32,No
CUST02644,2023-07-27,29,33,Central,Premium,Monthly,1912.78,0.0,No,2,1,18.3,3.8,2025-12-27 08:26:33.346173944,55331.16,No
CUST02645,2024-08-14,16,50,Central,Basic,Quarterly,653.63,0.0,Yes,3,0,15.6,4.7,2025-12-08 11:44:33.598353123,10617.5,No
CUST02646,2024-02-02,22,48,East,Standard,Quarterly,1126.22,0.0,Yes,1,0,38.9,3.6,2025-12-20 09:05:02.226964448,25495.9,No
CUST02647,2023-03-10,33,19,Central,Premium,Monthly,1858.51,0.0,Yes,3,0,46.0,5.0,2025-12-30 00:00:00.000000000,62232.94,No
CUST02648,2023-10-27,26,40,North,Standard,Monthly,1299.47,0.0,Yes,2,1,35.6,4.4,2025-12-14 03:56:13.433568562,34651.86,No
CUST02649,2023-04-19,32,33,South,Standard,Quarterly,1183.89,0.0,No,2,0,13.5,3.8,2025-12-14 09:00:57.845286182,38917.91,No
CUST02650,2024-04-10,20,20,Central,Standard,Monthly,1284.19,0.05,Yes,1,2,26.7,3.8,2025-12-13 04:45:35.204865826,26564.42,No
CUST02651,2025-06-20,6,37,South,Standard,Quarterly,1106.45,0.0,Yes,3,0,24.2,4.0,2025-12-15 01:33:44.572550735,7435.63,No
CUST02652,2025-01-30,11,35,South,Basic,Monthly,712.39,0.0,Yes,4,0,43.7,4.5,2025-12-18 00:07:19.281343619,8233.21,No
CUST02653,2023-05-21,31,26,East,Basic,Monthly,721.85,0.0,No,2,0,33.6,2.2,2025-12-07 01:13:12.695773798,22715.54,No
CUST02654,2023-06-18,30,38,West,Standard,Annual,1184.39,0.0,Yes,3,1,23.4,3.5,2025-12-09 18:17:40.053877086,36096.51,No
CUST02655,2024-12-26,12,48,West,Basic,Monthly,723.43,0.0,No,2,1,29.0,2.4,2025-12-20 15:41:02.963498571,9380.52,No
CUST02656,2024-02-29,22,27,West,Basic,Monthly,841.97,0.05,No,1,1,7.9,4.2,2025-12-20 06:05:12.426296813,17894.68,No
CUST02657,2024-01-19,23,23,West,Basic,Monthly,498.07,0.1,No,3,0,29.5,3.1,2025-12-27 00:46:20.373543279,11166.52,No
CUST02658,2024-08-08,16,28,North,Basic,Monthly,724.25,0.0,Yes,2,1,14.5,2.8,2025-12-08 07:56:52.166271408,11619.39,No
CUST02659,2023-06-08,30,38,East,Standard,Monthly,1376.14,0.0,No,0,1,29.9,3.5,2025-11-30 18:33:22.060038125,40463.89,Yes
CUST02660,2024-07-24,17,50,East,Standard,Quarterly,1095.83,0.0,No,3,0,38.6,3.4,2025-12-14 17:27:16.384861472,18045.5,No
CUST02661,2023-04-25,32,27,North,Basic,Monthly,747.64,0.0,No,4,1,32.7,4.0,2025-12-05 01:17:55.622259099,23888.69,Yes
CUST02662,2025-06-18,6,25,West,Standard,Monthly,1293.7,0.15,Yes,0,2,33.9,4.0,2025-12-25 07:26:44.643901298,6633.33,No
CUST02663,2023-11-12,25,26,North,Premium,Monthly,2021.49,0.15,Yes,1,1,37.2,3.1,2025-12-05 20:44:50.761568395,50423.07,No
CUST02664,2023-02-06,34,28,North,Basic,Monthly,709.33,0.05,Yes,2,0,26.3,3.1,2025-12-17 04:02:40.728669104,23597.62,No
CUST02665,2023-09-05,27,52,South,Basic,Monthly,757.99,0.0,No,4,4,35.4,2.5,2025-12-30 00:00:00.000000000,20997.39,No
CUST02666,2024-10-22,14,43,South,Basic,Monthly,685.65,0.0,No,3,1,32.5,3.5,2025-12-08 13:48:18.222295231,9408.32,No
CUST02667,2024-09-06,15,18,Central,Basic,Annual,738.89,0.05,Yes,6,3,24.2,2.1,2025-12-21 09:18:03.903983119,10953.43,No
CUST02668,2023-06-15,30,28,East,Standard,Monthly,1390.61,0.0,Yes,3,1,19.4,4.7,2025-12-14 07:33:55.247931323,42657.39,No
CUST02669,2023-02-01,34,34,Central,Standard,Monthly,1378.42,0.05,Yes,2,1,43.9,3.3,2025-12-24 16:40:59.363601785,47752.45,No
CUST02670,2023-12-17,24,26,North,Basic,Monthly,757.73,0.0,No,2,0,34.9,2.3,2025-12-13 22:19:57.289233320,17525.89,No
CUST02671,2025-06-27,6,29,North,Basic,Monthly,762.73,0.0,No,2,0,35.6,3.2,2025-12-27 21:30:11.038826040,4537.55,No
CUST02672,2025-06-19,6,29,East,Standard,Quarterly,1136.65,0.0,Yes,5,1,22.9,4.7,2025-12-04 18:12:03.342732449,6120.17,No
CUST02673,2023-04-02,32,37,West,Basic,Monthly,715.39,0.1,No,2,1,9.1,4.3,2025-12-11 10:19:37.234693388,22376.35,No
CUST02674,2024-05-31,19,49,Central,Standard,Quarterly,1125.28,0.05,Yes,2,1,15.7,4.3,2025-12-09 19:54:48.944846760,21725.66,No
CUST02675,2024-03-19,21,18,South,Standard,Monthly,1163.19,0.05,No,1,1,32.7,3.9,2025-12-15 23:03:02.827938808,24818.14,No
CUST02676,2023-10-04,26,37,South,Standard,Annual,1189.22,0.0,Yes,3,1,37.6,2.2,2025-12-07 12:26:35.131293307,32104.78,No
CUST02677,2023-09-07,27,50,Central,Standard,Quarterly,1155.79,0.0,Yes,1,0,23.0,3.4,2025-12-18 10:48:31.173408525,30592.2,No
CUST02678,2024-03-04,21,38,Central,Standard,Annual,1220.47,0.1,No,1,1,21.8,2.4,2025-12-12 15:26:27.752224463,25005.81,No
CUST02679,2023-01-05,35,33,Central,Premium,Quarterly,2010.27,0.0,No,5,1,36.9,3.3,2025-12-23 20:25:22.724414660,69933.82,No
CUST02680,2024-05-16,19,40,East,Basic,Monthly,735.43,0.0,No,1,1,38.8,3.1,2025-12-21 11:37:28.507477610,14033.05,No
CUST02681,2023-04-13,32,44,North,Basic,Quarterly,616.2,0.0,Yes,3,0,30.8,4.4,2025-12-22 05:19:54.059403571,20062.54,No
CUST02682,2024-09-22,15,44,South,Standard,Monthly,1188.38,0.0,Yes,5,1,33.4,5.0,2025-12-08 01:49:15.770553117,16860.97,No
CUST02683,2025-02-18,10,40,South,Basic,Monthly,618.26,0.05,Yes,4,0,28.6,3.0,2025-12-22 15:04:03.102826498,6082.84,No
CUST02684,2025-03-22,9,21,West,Standard,Quarterly,1106.89,0.0,Yes,3,0,12.2,2.6,2025-12-13 04:15:27.828423890,9471.68,No
CUST02685,2023-09-22,27,39,North,Standard,Monthly,1228.28,0.05,Yes,2,0,48.5,4.7,2025-12-22 01:25:08.985984059,33895.78,No
CUST02686,2023-05-03,31,44,South,Premium,Quarterly,2026.81,0.0,No,4,2,8.2,3.6,2025-12-21 22:28:57.371959981,64055.41,No
CUST02687,2025-02-10,10,25,Central,Basic,Monthly,556.23,0.05,No,0,0,34.6,3.9,2025-12-10 09:22:33.569503240,5214.41,No
CUST02688,2023-10-14,26,18,South,Basic,Monthly,679.73,0.0,No,2,0,4.0,5.0,2025-12-13 14:28:16.993299159,17371.94,No
CUST02689,2023-10-22,26,38,Central,Premium,Annual,1893.62,0.0,No,1,0,39.7,4.0,2025-12-25 02:42:45.847896671,48723.62,No
CUST02690,2024-12-12,12,45,South,Premium,Annual,2112.46,0.0,No,2,0,20.0,2.9,2025-12-30 00:00:00.000000000,27033.41,No
CUST02691,2024-04-22,20,21,Central,Standard,Annual,1201.69,0.05,No,1,0,8.8,3.1,2025-12-21 05:38:45.359189523,23464.53,No
CUST02692,2024-12-22,12,43,East,Premium,Quarterly,2040.7,0.0,Yes,2,2,29.4,3.9,2025-12-17 17:03:36.616688076,25351.48,No
CUST02693,2025-03-15,9,24,West,Standard,Quarterly,1169.54,0.0,Yes,4,1,15.1,3.9,2025-12-10 21:46:02.692398300,10638.81,No
CUST02694,2023-03-24,33,32,Central,Basic,Quarterly,755.96,0.0,No,1,0,20.1,2.8,2025-12-26 14:56:39.395060820,24435.6,No
CUST02695,2023-01-10,35,42,Central,Premium,Annual,1828.56,0.05,No,2,0,9.6,5.0,2025-12-04 04:49:09.820735562,64889.56,No
CUST02696,2024-12-23,12,22,West,Basic,Quarterly,812.48,0.05,Yes,4,1,18.5,2.4,2025-12-19 14:37:39.608654463,9940.49,No
CUST02697,2024-01-20,23,39,West,Standard,Annual,923.23,0.0,Yes,2,1,28.4,2.0,2025-12-24 03:24:28.183382312,20396.59,No
CUST02698,2024-06-27,18,28,East,Standard,Monthly,1253.14,0.05,Yes,1,0,29.2,3.6,2025-12-18 22:19:21.017963272,23248.61,No
CUST02699,2023-07-11,29,48,North,Basic,Monthly,619.73,0.0,No,0,0,19.2,1.4,2025-12-30 00:00:00.000000000,17714.01,No
CUST02700,2023-12-20,24,30,West,Premium,Quarterly,1815.74,0.05,No,2,1,33.0,3.1,2025-12-23 00:48:58.990514801,44641.24,No
CUST02701,2023-10-25,26,35,East,Premium,Annual,1972.05,0.0,No,2,1,26.1,4.8,2025-12-11 17:09:44.253023282,51046.69,No
CUST02702,2023-01-15,35,37,North,Basic,Monthly,795.97,0.0,No,2,1,42.8,3.4,2025-12-11 11:26:33.261141725,27830.03,No
CUST02703,2025-03-31,9,28,South,Basic,Monthly,521.03,0.0,No,2,2,15.4,2.3,2025-12-15 10:46:32.359461249,5100.34,No
CUST02704,2025-05-23,7,33,South,Standard,Monthly,1122.46,0.15,Yes,3,1,36.7,3.2,2025-12-07 20:31:11.462709366,7568.31,No
CUST02705,2024-12-10,12,31,West,Standard,Monthly,1385.3,0.15,Yes,0,0,30.3,3.2,2025-12-24 21:25:47.610993093,17954.11,No
CUST02706,2024-10-14,14,46,West,Standard,Annual,979.45,0.0,No,4,1,21.7,4.5,2025-12-16 23:30:27.519423610,13396.64,No
CUST02707,2024-03-23,21,28,North,Standard,Monthly,1316.21,0.0,Yes,2,1,27.1,3.7,2025-12-09 19:55:13.332132861,27810.29,No
CUST02708,2023-03-16,33,29,North,Standard,Monthly,1124.69,0.15,Yes,3,1,20.7,2.7,2025-12-25 16:15:16.706816730,37083.25,No
CUST02709,2023-01-29,35,27,Central,Standard,Quarterly,1180.52,0.0,Yes,1,1,33.1,4.2,2025-12-15 18:18:28.489333297,41644.57,No
CUST02710,2024-05-25,19,31,Central,Basic,Quarterly,515.97,0.05,No,2,0,44.2,3.8,2025-12-17 17:06:08.588507588,9371.26,No
CUST02711,2024-02-21,22,39,Central,Standard,Monthly,1201.04,0.0,Yes,4,2,21.2,3.1,2025-12-13 04:23:11.455003663,27483.52,No
CUST02712,2023-07-17,29,32,North,Premium,Monthly,2140.18,0.0,Yes,2,0,6.7,4.6,2025-12-30 00:00:00.000000000,62338.73,No
CUST02713,2024-01-17,23,31,Central,Basic,Quarterly,655.05,0.1,Yes,3,1,33.1,4.0,2025-12-16 08:44:24.278908215,15124.1,No
CUST02714,2023-06-14,30,28,East,Basic,Monthly,735.09,0.15,Yes,5,0,18.9,2.7,2025-12-17 00:40:46.719709133,21457.58,No
CUST02715,2023-12-31,24,31,North,Standard,Monthly,1189.29,0.05,Yes,1,0,39.3,4.3,2025-12-26 14:38:58.231341528,29338.84,No
CUST02716,2025-05-10,7,41,East,Premium,Monthly,2122.86,0.1,Yes,3,1,18.2,3.6,2025-12-22 17:24:33.458356982,14172.65,No
CUST02717,2023-04-08,32,30,East,Basic,Monthly,624.8,0.0,No,3,0,22.7,4.0,2025-12-15 16:02:54.867271644,19716.05,No
CUST02718,2023-04-06,32,44,Central,Standard,Monthly,1376.31,0.0,Yes,5,5,32.0,3.9,2025-12-25 20:37:22.298646395,43935.21,No
CUST02719,2023-04-24,32,56,North,Standard,Annual,1013.15,0.0,Yes,0,1,26.2,4.6,2025-12-22 16:11:22.941137369,32389.23,No
CUST02720,2024-06-14,18,33,North,Basic,Monthly,949.26,0.0,Yes,5,1,22.4,3.0,2025-12-12 09:08:50.194575508,16809.46,Yes
CUST02721,2025-06-18,6,49,Central,Basic,Annual,578.05,0.0,No,1,0,30.0,4.5,2025-12-01 23:21:31.913655414,3000.17,Yes
CUST02722,2023-09-03,27,20,West,Standard,Annual,1204.32,0.0,Yes,2,2,19.4,2.0,2025-12-04 04:36:34.717486329,32618.5,Yes
CUST02723,2023-07-28,29,31,East,Standard,Monthly,1101.04,0.0,No,2,0,23.7,3.0,2025-12-23 03:12:17.218338443,32112.03,No
CUST02724,2024-01-03,23,41,South,Basic,Monthly,664.32,0.05,No,0,1,24.4,2.8,2025-12-06 20:41:43.952678158,15447.04,No
CUST02725,2023-01-22,35,39,South,Basic,Annual,795.64,0.05,No,4,0,19.3,2.9,2025-12-15 20:14:27.996105362,27207.51,No
CUST02726,2024-08-27,16,26,North,Standard,Monthly,1404.79,0.0,No,1,2,19.2,2.8,2025-12-17 01:23:42.384861845,21884.08,No
CUST02727,2024-08-02,16,41,West,Basic,Annual,768.51,0.05,No,3,0,37.1,3.1,2025-12-13 04:42:09.526800120,12149.64,Yes
CUST02728,2025-05-22,7,61,Central,Basic,Quarterly,620.57,0.05,Yes,3,1,7.8,4.6,2025-12-09 22:12:49.878730818,4820.25,No
CUST02729,2024-04-14,20,42,North,Premium,Quarterly,1829.29,0.0,Yes,3,1,16.8,2.6,2025-12-15 10:21:49.211336325,37112.05,No
CUST02730,2023-05-15,31,23,South,Basic,Annual,718.35,0.1,Yes,1,1,26.5,3.4,2025-12-14 06:57:50.915569064,22637.89,No
CUST02731,2023-03-03,33,26,West,Standard,Quarterly,1283.98,0.0,No,3,2,8.8,3.8,2025-12-01 18:54:18.013332174,43045.05,No
CUST02732,2024-08-18,16,27,West,Standard,Monthly,1056.09,0.05,Yes,2,0,20.6,3.2,2025-12-24 10:42:28.489082596,17736.56,No
CUST02733,2025-04-05,8,36,Central,Premium,Quarterly,1803.98,0.0,Yes,4,0,5.9,2.9,2025-12-25 05:16:40.749654948,12945.31,Yes
CUST02734,2023-05-11,31,51,West,Basic,Quarterly,872.71,0.05,Yes,1,1,11.5,4.2,2025-12-24 06:28:13.663739868,27322.68,No
CUST02735,2023-05-09,31,43,North,Premium,Quarterly,1849.44,0.05,Yes,1,0,22.3,3.3,2025-12-08 08:21:55.979618732,57604.09,Yes
CUST02736,2025-04-28,8,55,West,Premium,Annual,1998.74,0.0,Yes,2,0,40.8,3.6,2025-12-12 08:16:37.110139801,16357.72,No
CUST02737,2023-04-02,32,37,West,Basic,Monthly,856.53,0.0,Yes,1,1,12.8,3.4,2025-12-30 00:00:00.000000000,27069.58,No
CUST02738,2023-09-30,27,39,West,Basic,Monthly,702.3,0.0,Yes,2,0,41.5,4.3,2025-12-25 21:29:53.889939344,18856.72,No
CUST02739,2024-09-04,15,51,South,Basic,Monthly,798.44,0.1,Yes,1,1,12.7,3.1,2025-11-30 11:33:08.686926519,11395.68,Yes
CUST02740,2024-12-22,12,35,Central,Standard,Monthly,1326.88,0.0,No,1,0,20.8,4.9,2025-12-13 19:37:45.155931935,16418.85,No
CUST02741,2024-04-12,20,50,Central,Basic,Monthly,819.08,0.15,Yes,2,1,32.4,3.0,2025-12-19 05:08:35.532754032,16233.24,No
CUST02742,2024-06-02,18,47,South,Premium,Monthly,1993.57,0.05,Yes,1,0,25.4,2.6,2025-12-20 04:50:55.908948619,34188.39,No
CUST02743,2024-09-17,15,25,West,Standard,Quarterly,1108.83,0.0,Yes,2,1,26.9,3.0,2025-12-05 20:06:19.453277564,15701.75,No
CUST02744,2025-02-15,10,31,East,Basic,Monthly,617.82,0.0,No,3,1,22.0,3.9,2025-12-15 21:52:37.554736924,5751.2,Yes
CUST02745,2025-03-10,9,32,East,Standard,Monthly,1325.45,0.0,No,3,0,37.6,3.4,2025-12-07 10:46:32.415308161,11162.59,No
CUST02746,2023-11-18,25,31,North,Standard,Quarterly,1301.83,0.05,No,2,2,29.6,4.2,2025-12-20 23:06:24.061711211,33553.06,No
CUST02747,2025-04-23,8,37,West,Premium,Monthly,1978.7,0.0,No,2,1,33.4,2.5,2025-12-15 01:02:30.990042171,17683.63,No
CUST02748,2023-10-03,26,27,South,Basic,Quarterly,763.71,0.0,Yes,2,2,42.7,2.8,2025-12-22 07:15:32.891661539,19638.26,No
CUST02749,2025-03-12,9,48,West,Basic,Annual,659.68,0.0,No,1,1,34.1,2.5,2025-11-29 15:55:42.931773270,6551.13,Yes
CUST02750,2023-08-04,28,41,East,Basic,Quarterly,745.81,0.05,No,4,0,16.3,2.5,2025-12-19 01:38:33.368527865,20633.73,No
CUST02751,2025-01-09,11,43,East,Standard,Monthly,1298.51,0.0,Yes,2,0,29.1,4.2,2025-12-17 11:10:16.636486098,14027.48,No
CUST02752,2024-04-08,20,43,East,Standard,Annual,1182.32,0.0,No,1,0,20.8,4.2,2025-12-19 12:33:58.301155576,24324.87,No
CUST02753,2023-01-30,35,23,Central,Standard,Quarterly,827.54,0.05,Yes,5,1,5.8,2.8,2025-12-22 04:10:40.609197763,29145.94,No
CUST02754,2025-04-15,8,43,West,Basic,Quarterly,590.64,0.05,Yes,1,1,34.2,2.7,2025-12-13 16:50:11.681480467,5136.46,No
CUST02755,2024-07-12,17,28,Central,Standard,Quarterly,1211.83,0.0,Yes,3,1,25.7,3.2,2025-12-21 18:26:08.885065967,21547.68,No
CUST02756,2024-11-16,13,52,Central,Basic,Monthly,814.38,0.0,No,0,0,26.2,4.0,2025-12-20 11:41:15.220039056,10386.1,No
CUST02757,2023-06-26,30,19,East,Standard,Monthly,1164.46,0.1,Yes,1,1,18.5,3.6,2025-12-30 00:00:00.000000000,36071.64,No
CUST02758,2023-06-07,30,46,South,Premium,Monthly,2047.36,0.0,Yes,3,2,41.2,5.0,2025-12-27 07:15:50.566715568,59397.69,No
CUST02759,2023-06-24,30,25,West,Standard,Monthly,1188.71,0.05,No,2,0,35.6,2.4,2025-12-12 10:49:15.481669213,36561.16,No
CUST02760,2023-11-09,25,35,Central,Premium,Monthly,1677.1,0.0,No,4,1,14.7,3.8,2025-12-04 04:04:18.265900063,43526.98,Yes
CUST02761,2024-01-18,23,42,North,Premium,Quarterly,1739.02,0.05,Yes,3,1,30.4,2.5,2025-12-02 18:37:03.209419857,39816.94,Yes
CUST02762,2024-04-02,20,23,Central,Basic,Quarterly,671.83,0.05,Yes,2,1,25.1,4.4,2025-12-19 11:59:26.883902622,13398.13,No
CUST02763,2023-06-19,30,29,South,Basic,Monthly,723.98,0.0,Yes,1,1,33.0,3.1,2025-12-06 11:45:17.206141744,22287.17,No
CUST02764,2023-07-04,29,41,North,Standard,Annual,1204.56,0.0,Yes,3,1,44.7,3.3,2025-12-13 10:38:54.878359598,35594.02,No
CUST02765,2023-03-27,33,20,South,Basic,Monthly,619.57,0.1,Yes,6,1,19.9,3.8,2025-12-15 16:43:35.909006178,20861.97,No
CUST02766,2023-03-01,34,18,West,Standard,Monthly,1276.64,0.15,Yes,1,2,21.7,3.4,2025-12-21 03:54:51.332480154,42443.69,No
CUST02767,2023-09-24,27,38,Central,Standard,Monthly,1198.0,0.05,No,5,0,19.7,3.3,2025-12-21 21:24:16.153945650,31198.92,No
CUST02768,2023-02-24,34,43,East,Standard,Monthly,1199.52,0.05,No,4,1,31.4,4.4,2025-12-17 22:38:49.086383232,41329.49,No
CUST02769,2024-05-10,19,49,East,Basic,Monthly,646.36,0.0,No,2,0,30.8,2.3,2025-11-29 14:00:06.759734064,12225.42,Yes
CUST02770,2023-03-17,33,39,North,Basic,Monthly,712.41,0.0,No,1,0,32.0,3.2,2025-12-03 15:02:52.646386028,23330.52,Yes
CUST02771,2024-11-20,13,37,North,Premium,Monthly,1665.94,0.05,No,1,1,26.7,2.6,2025-12-19 11:42:22.960426234,21426.81,No
CUST02772,2024-06-06,18,45,Central,Basic,Monthly,843.43,0.1,Yes,3,2,26.8,4.6,2025-12-18 23:02:29.362120080,15438.79,No
CUST02773,2024-01-05,23,35,West,Basic,Monthly,770.01,0.1,Yes,3,0,31.3,4.3,2025-12-19 04:39:00.574548872,17252.48,No
CUST02774,2025-02-01,10,40,South,Premium,Monthly,2053.87,0.0,Yes,2,2,16.7,3.8,2025-11-30 16:47:00.472877469,22438.04,Yes
CUST02775,2024-11-02,13,18,South,Premium,Annual,1830.49,0.0,Yes,3,0,22.8,4.2,2025-12-27 10:35:47.720598093,23932.95,No
CUST02776,2025-06-17,6,34,North,Basic,Annual,668.24,0.05,Yes,2,0,17.7,3.3,2025-12-14 10:26:08.345778553,3662.5,No
CUST02777,2023-09-18,27,26,Central,Basic,Monthly,414.55,0.0,Yes,5,0,25.5,3.4,2025-12-25 07:34:23.860453023,11372.75,No
CUST02778,2023-03-19,33,24,South,Standard,Monthly,1070.82,0.0,Yes,1,1,27.1,4.0,2025-12-11 22:32:32.265622341,36151.4,No
CUST02779,2024-05-16,19,35,East,Premium,Monthly,1577.43,0.05,Yes,2,0,18.6,2.5,2025-12-22 20:24:01.465075875,28584.19,No
CUST02780,2023-06-24,30,32,Central,Standard,Monthly,1211.92,0.0,Yes,1,0,28.1,3.6,2025-12-03 17:59:04.202761926,35748.81,No
CUST02781,2023-08-26,28,51,East,Standard,Quarterly,1054.11,0.0,Yes,1,0,9.5,2.9,2025-12-14 20:04:59.385129652,30166.02,No
CUST02782,2025-05-06,7,51,North,Standard,Monthly,1013.54,0.0,No,3,1,38.2,2.1,2025-12-02 14:35:54.647315947,6101.31,No
CUST02783,2023-10-09,26,43,Central,Standard,Annual,1275.52,0.0,Yes,3,0,23.2,2.0,2025-12-17 07:05:50.789469072,34123.12,No
CUST02784,2023-11-12,25,54,East,Basic,Monthly,613.2,0.0,No,0,1,19.6,3.8,2025-12-25 22:04:55.201325296,15842.17,No
CUST02785,2024-10-08,14,35,South,Basic,Monthly,742.04,0.05,No,2,1,13.6,2.3,2025-12-30 00:00:00.000000000,10824.66,No
CUST02786,2025-04-07,8,18,East,Standard,Quarterly,1141.99,0.0,No,1,0,42.9,4.2,2025-12-26 13:53:05.108060300,9012.92,No
CUST02787,2024-02-22,22,22,South,Basic,Monthly,803.65,0.0,Yes,0,0,24.2,3.6,2025-12-11 12:22:31.983347131,17790.21,No
CUST02788,2025-06-12,6,39,South,Basic,Monthly,568.15,0.0,No,2,0,34.6,4.2,2025-12-05 23:02:01.233048846,3776.48,No
CUST02789,2025-02-26,10,35,South,Basic,Monthly,750.41,0.0,Yes,1,0,43.3,2.1,2025-12-22 13:27:24.876899828,6890.68,No
CUST02790,2025-03-08,9,35,North,Premium,Annual,1897.68,0.05,No,3,0,35.4,4.9,2025-12-15 04:49:36.714336425,15740.97,No
CUST02791,2025-04-29,8,33,West,Basic,Annual,698.99,0.05,No,1,0,32.8,3.0,2025-12-09 03:02:47.852776090,5794.7,No
CUST02792,2023-02-10,34,18,West,Premium,Monthly,2012.04,0.0,Yes,1,3,15.4,3.2,2025-12-15 08:58:08.048400053,68597.72,No
CUST02793,2023-12-30,24,38,Central,Premium,Quarterly,1805.68,0.15,No,1,2,28.6,2.7,2025-12-13 04:53:16.323938353,43696.15,No
CUST02794,2023-05-10,31,38,West,Standard,Annual,1089.62,0.0,Yes,4,0,12.3,3.0,2025-12-17 22:36:32.548415677,33763.33,No
CUST02795,2025-05-20,7,41,East,Standard,Quarterly,1151.01,0.0,Yes,0,0,33.4,4.3,2025-11-15 20:33:06.918062922,7407.03,Yes
CUST02796,2025-02-19,10,31,North,Basic,Monthly,664.6,0.0,No,0,1,24.9,2.8,2025-11-25 14:45:56.756461914,6790.43,Yes
CUST02797,2024-06-14,18,29,North,Premium,Quarterly,1928.52,0.0,Yes,2,0,34.8,3.1,2025-12-13 00:50:49.730899560,36378.22,No
CUST02798,2025-02-23,10,40,South,Standard,Annual,1321.49,0.0,No,0,1,19.3,3.3,2025-12-12 01:13:12.822460269,13710.96,No
CUST02799,2023-03-03,33,18,West,Standard,Quarterly,1185.91,0.0,Yes,1,0,30.2,2.2,2025-12-11 09:27:18.033408346,38028.26,No
CUST02800,2025-04-08,8,31,West,Standard,Monthly,1171.18,0.15,Yes,0,1,53.1,3.0,2025-12-04 05:12:21.350700726,9105.54,Yes
CUST02801,2024-10-12,14,31,East,Basic,Monthly,538.83,0.0,Yes,3,0,23.7,3.9,2025-12-16 02:21:31.678846661,7815.69,No
CUST02802,2025-01-26,11,48,West,Standard,Monthly,1388.51,0.0,Yes,3,0,25.8,4.5,2025-12-30 00:00:00.000000000,14421.05,No
CUST02803,2023-03-07,33,48,North,Basic,Quarterly,612.3,0.15,No,7,0,14.6,2.2,2025-12-30 00:00:00.000000000,20227.74,No
CUST02804,2023-05-05,31,50,West,Basic,Monthly,674.5,0.0,No,1,2,23.8,4.0,2025-11-20 07:54:03.955481972,20813.34,Yes
CUST02805,2023-10-12,26,33,North,Standard,Monthly,1119.47,0.0,No,4,0,22.0,4.0,2025-12-19 05:39:32.527149518,28453.59,No
CUST02806,2025-02-25,10,28,West,Premium,Monthly,1981.92,0.0,No,2,0,43.9,2.0,2025-12-26 00:34:18.472706233,20537.78,No
CUST02807,2024-03-08,21,36,East,Standard,Quarterly,1304.35,0.0,No,3,0,20.8,4.2,2025-12-16 02:48:11.428152023,27985.0,No
CUST02808,2023-11-20,25,42,South,Basic,Monthly,784.38,0.05,No,3,0,33.4,2.6,2025-12-16 12:52:06.261089374,19057.75,No
CUST02809,2024-07-07,17,32,South,Basic,Monthly,756.24,0.05,Yes,4,0,36.6,2.3,2025-12-03 02:43:38.353888330,13198.92,Yes
CUST02810,2023-02-14,34,18,West,Premium,Monthly,2378.44,0.0,Yes,2,1,40.2,3.9,2025-12-26 11:00:15.146345967,82829.07,No
CUST02811,2023-02-18,34,38,North,Basic,Annual,1009.14,0.0,Yes,3,0,39.6,4.1,2025-12-07 03:18:26.762087613,34942.44,No
CUST02812,2025-03-04,9,30,Central,Standard,Monthly,1200.19,0.0,Yes,3,1,23.8,3.1,2025-12-10 04:16:36.822272425,9852.42,No
CUST02813,2023-04-12,32,18,West,Basic,Annual,784.27,0.05,No,4,0,42.5,4.4,2025-12-12 21:39:16.899582266,24818.25,No
CUST02814,2024-02-13,22,26,West,Premium,Annual,1713.51,0.15,Yes,1,0,34.8,4.1,2025-12-06 00:19:49.388205666,36616.98,Yes
CUST02815,2024-03-08,21,32,East,Standard,Monthly,1096.35,0.0,No,3,1,28.7,3.8,2025-12-07 22:04:01.246719225,23436.26,No
CUST02816,2024-01-03,23,29,North,Basic,Monthly,788.0,0.0,Yes,2,1,23.4,3.3,2025-12-02 17:08:40.563092202,17974.05,Yes
CUST02817,2023-11-21,25,31,South,Premium,Quarterly,2195.33,0.0,No,1,0,35.5,3.4,2025-12-14 15:02:58.173697724,55349.24,No
CUST02818,2023-03-07,33,34,South,Basic,Annual,590.07,0.0,Yes,1,1,34.4,4.7,2025-12-21 07:12:48.867313548,19314.6,No
CUST02819,2024-10-09,14,24,North,Standard,Monthly,1204.91,0.0,No,2,0,32.5,2.2,2025-12-07 23:58:47.501649866,16484.99,No
CUST02820,2025-02-26,10,40,Central,Standard,Monthly,1134.74,0.0,Yes,1,0,28.7,3.6,2025-12-15 01:19:42.085452571,10434.34,Yes
CUST02821,2024-02-16,22,30,South,Basic,Monthly,593.72,0.0,No,0,0,34.3,3.9,2025-12-27 10:53:09.285794276,12840.38,No
CUST02822,2023-07-02,29,19,West,Premium,Quarterly,2045.09,0.0,Yes,2,0,31.5,2.2,2025-11-29 18:02:40.652428463,60234.37,No
CUST02823,2024-11-28,13,23,North,Standard,Monthly,1274.77,0.15,Yes,0,0,39.4,3.1,2025-12-22 11:41:42.518413344,15977.2,No
CUST02824,2023-01-10,35,25,South,Basic,Annual,641.25,0.0,Yes,3,3,50.8,3.0,2025-12-28 12:34:29.739964855,22024.72,No
CUST02825,2024-10-29,14,42,West,Basic,Annual,627.48,0.1,Yes,1,1,31.2,4.0,2025-12-30 00:00:00.000000000,8247.52,No
CUST02826,2024-04-12,20,35,North,Basic,Quarterly,449.65,0.0,Yes,3,1,36.8,3.1,2025-12-18 09:30:10.691814514,8929.88,No
CUST02827,2025-06-23,6,30,East,Basic,Monthly,665.16,0.0,Yes,0,2,42.8,3.1,2025-11-22 10:14:54.284257211,4287.04,Yes
CUST02828,2025-02-20,10,34,North,Premium,Monthly,2021.35,0.05,Yes,3,1,33.6,2.4,2025-12-30 00:00:00.000000000,20134.47,No
CUST02829,2025-04-10,8,29,North,Standard,Quarterly,1351.91,0.1,No,2,1,27.2,1.4,2025-12-19 19:00:29.573488631,11094.94,No
CUST02830,2024-04-09,20,30,West,Standard,Monthly,1362.04,0.05,Yes,1,3,31.1,3.6,2025-12-30 00:00:00.000000000,26012.12,No
CUST02831,2023-11-05,25,40,East,Standard,Monthly,1295.64,0.0,Yes,4,1,30.5,3.4,2025-12-30 00:00:00.000000000,32704.53,No
CUST02832,2024-03-13,21,36,North,Standard,Monthly,1048.14,0.1,No,0,0,22.2,4.7,2025-11-26 22:55:34.513773693,21088.89,Yes
CUST02833,2025-06-29,6,34,Central,Standard,Monthly,1187.37,0.0,No,4,0,27.7,4.9,2025-12-14 05:07:47.194418540,7687.42,No
CUST02834,2023-02-22,34,33,South,Basic,Monthly,802.47,0.15,Yes,3,0,22.6,4.1,2025-12-19 05:00:38.116645025,27895.88,No
CUST02835,2025-06-24,6,30,Central,Basic,Annual,490.58,0.05,Yes,1,0,28.5,1.5,2025-11-20 23:27:47.067816413,3093.61,No
CUST02836,2024-10-16,14,41,East,Basic,Annual,728.24,0.0,Yes,4,1,18.5,5.0,2025-12-03 15:42:39.713521392,10247.1,No
CUST02837,2024-11-26,13,32,Central,Standard,Monthly,1347.47,0.1,No,1,2,33.0,4.2,2025-12-17 17:56:54.285465953,18775.71,No
CUST02838,2024-04-20,20,39,North,Basic,Annual,888.85,0.0,No,3,1,22.1,4.1,2025-11-19 18:53:38.720672417,17900.95,Yes
CUST02839,2023-10-02,26,18,Central,Basic,Quarterly,739.36,0.0,Yes,1,0,29.2,2.2,2025-12-18 12:16:07.755809607,19665.89,No
CUST02840,2023-07-09,29,47,East,Basic,Monthly,785.22,0.05,Yes,3,1,32.8,2.7,2025-12-20 11:53:42.871658920,22985.49,No
CUST02841,2025-05-30,7,30,East,Basic,Annual,651.81,0.0,Yes,0,1,42.7,3.4,2025-12-23 13:58:32.773932146,4016.41,No
CUST02842,2023-06-27,30,23,East,Standard,Monthly,1136.66,0.05,Yes,1,0,15.8,3.9,2025-11-22 20:30:23.394587352,33751.82,Yes
CUST02843,2024-02-26,22,42,West,Standard,Monthly,1230.78,0.05,No,2,0,30.7,4.1,2025-12-22 05:51:46.261031766,25935.6,No
CUST02844,2024-04-16,20,47,South,Standard,Monthly,1221.49,0.0,Yes,2,0,34.2,3.6,2025-11-28 21:26:11.928917127,24821.53,Yes
CUST02845,2024-04-15,20,45,Central,Standard,Monthly,1111.09,0.0,No,2,0,30.9,3.2,2025-12-21 11:08:57.067589743,21340.4,No
CUST02846,2023-02-02,34,41,Central,Premium,Monthly,2218.92,0.05,Yes,4,0,6.3,2.8,2025-12-22 06:49:47.247983746,73415.9,No
CUST02847,2025-01-08,11,34,West,Standard,Quarterly,1259.34,0.1,Yes,4,1,27.3,3.7,2025-12-23 21:11:21.972658840,12888.52,No
CUST02848,2024-04-25,20,33,South,Premium,Monthly,1747.53,0.05,No,0,1,37.3,4.4,2025-12-15 06:52:45.053122320,33934.86,No
CUST02849,2023-01-08,35,48,South,Standard,Monthly,1278.77,0.0,No,0,1,53.7,3.5,2025-12-24 09:07:57.864048321,45501.79,No
CUST02850,2023-02-13,34,31,West,Standard,Quarterly,1404.54,0.0,Yes,1,1,27.8,2.3,2025-12-30 00:00:00.000000000,47146.16,No
CUST02851,2023-01-30,35,41,Central,Basic,Monthly,684.32,0.0,No,3,1,45.7,3.3,2025-12-21 07:50:54.374096942,23832.97,No
CUST02852,2024-10-01,14,45,West,Basic,Monthly,652.39,0.0,No,2,0,15.9,5.0,2025-11-25 14:45:59.634773154,9645.17,Yes
CUST02853,2023-10-31,26,43,East,Basic,Monthly,782.74,0.0,No,4,1,18.8,5.0,2025-12-10 00:32:39.871886609,20260.29,No
CUST02854,2024-08-09,16,18,North,Standard,Monthly,1299.2,0.0,No,3,0,5.8,3.7,2025-12-18 02:41:40.330938342,21615.06,No
CUST02855,2025-01-24,11,34,West,Basic,Monthly,644.33,0.15,No,2,1,34.4,4.2,2025-12-10 17:29:49.055521370,7637.98,No
CUST02856,2025-01-25,11,18,West,Standard,Monthly,1284.2,0.1,Yes,2,1,18.9,3.3,2025-12-18 18:16:30.451244353,14418.58,No
CUST02857,2025-03-03,9,43,North,Basic,Annual,648.12,0.15,Yes,3,2,24.4,5.0,2025-12-15 11:12:24.691466567,5255.43,No
CUST02858,2023-09-08,27,41,Central,Basic,Quarterly,790.89,0.0,Yes,1,0,28.3,3.5,2025-12-17 12:22:14.961584790,22027.16,No
CUST02859,2024-09-03,15,30,West,Standard,Monthly,1139.82,0.15,No,1,2,44.1,3.4,2025-12-29 01:35:10.976745541,16785.87,No
CUST02860,2024-07-05,17,21,East,Basic,Annual,639.57,0.1,No,4,1,21.9,4.1,2025-12-16 13:48:05.071090891,10268.56,No
CUST02861,2023-09-12,27,28,East,Standard,Monthly,1191.01,0.1,No,1,0,24.5,2.3,2025-12-26 09:06:54.710612969,32477.58,No
CUST02862,2023-01-20,35,24,Central,Basic,Monthly,663.99,0.05,Yes,2,2,27.8,4.9,2025-12-19 07:35:28.054972813,22806.91,No
CUST02863,2023-05-20,31,38,West,Standard,Annual,1276.46,0.15,Yes,3,0,33.9,2.3,2025-12-22 16:29:12.014519776,38345.19,No
CUST02864,2024-09-18,15,33,East,Basic,Monthly,640.88,0.0,Yes,5,0,14.1,2.8,2025-11-30 09:36:32.831283935,10248.57,Yes
CUST02865,2024-07-30,17,51,Central,Standard,Monthly,1078.64,0.0,Yes,3,0,26.5,3.7,2025-12-10 03:07:05.779734696,18269.23,No
CUST02866,2025-05-12,7,25,West,Basic,Monthly,730.3,0.1,Yes,5,0,21.7,3.6,2025-12-18 05:25:56.875454153,5445.08,No
CUST02867,2024-04-23,20,20,West,Standard,Monthly,1197.42,0.0,Yes,5,1,21.3,4.0,2025-12-30 00:00:00.000000000,23418.04,No
CUST02868,2024-04-04,20,54,East,Standard,Annual,1060.47,0.0,Yes,2,0,23.7,4.3,2025-12-20 06:21:49.668343177,20764.31,No
CUST02869,2023-02-02,34,26,South,Premium,Monthly,1975.37,0.05,No,3,1,15.8,4.8,2025-12-09 06:31:06.375335189,68469.2,No
CUST02870,2024-08-18,16,19,East,Basic,Quarterly,724.74,0.0,No,1,1,6.4,3.6,2025-12-13 09:46:39.699873538,11581.9,No
CUST02871,2024-09-01,15,40,East,Basic,Annual,784.13,0.0,No,1,1,35.6,4.6,2025-12-17 13:48:00.496655989,11881.79,No
CUST02872,2024-07-18,17,49,West,Premium,Quarterly,1893.07,0.0,No,3,0,16.6,2.6,2025-12-21 01:03:40.376300127,32730.86,No
CUST02873,2024-07-27,17,35,Central,Standard,Monthly,1082.63,0.1,No,2,0,24.7,5.0,2025-12-25 06:13:27.254129446,19007.08,No
CUST02874,2024-12-03,12,39,East,Standard,Annual,1172.5,0.1,Yes,2,0,24.0,2.3,2025-12-20 02:09:50.931599064,14019.85,No
CUST02875,2024-06-02,18,41,East,Basic,Quarterly,652.81,0.05,No,0,1,38.1,4.3,2025-12-24 08:46:14.819289796,11596.91,No
CUST02876,2024-01-18,23,27,South,Premium,Annual,1723.0,0.0,Yes,3,0,13.4,4.2,2025-12-17 06:55:56.123137177,40555.84,No
CUST02877,2023-07-31,29,35,South,Standard,Monthly,1257.83,0.05,No,1,1,15.7,4.3,2025-12-25 02:12:49.024493139,36657.63,No
CUST02878,2023-06-27,30,43,North,Basic,Monthly,675.62,0.0,Yes,4,0,15.2,2.7,2025-12-10 07:14:22.403932838,20713.69,No
CUST02879,2023-06-04,30,30,West,Basic,Quarterly,602.58,0.05,Yes,1,0,23.0,2.5,2025-11-29 13:10:06.552615553,17807.28,Yes
CUST02880,2024-06-26,18,53,East,Standard,Monthly,1233.93,0.0,No,3,1,28.9,3.1,2025-12-23 16:23:10.458871322,22307.14,No
CUST02881,2025-02-07,10,20,Central,Basic,Monthly,660.45,0.0,No,4,1,23.1,4.1,2025-12-04 12:07:27.796191007,6334.63,Yes
CUST02882,2024-08-14,16,24,West,Basic,Monthly,888.91,0.0,No,1,2,26.5,3.4,2025-12-24 21:23:02.675391032,15036.82,No
CUST02883,2024-06-06,18,30,Central,Premium,Quarterly,1803.36,0.0,Yes,1,2,28.2,4.0,2025-12-20 14:35:01.762566395,33338.54,No
CUST02884,2023-10-05,26,27,North,Standard,Monthly,1096.35,0.0,No,3,1,21.2,4.1,2025-12-21 00:16:47.791555208,27804.16,No
CUST02885,2023-11-21,25,30,East,Basic,Monthly,689.26,0.0,Yes,3,1,19.2,2.0,2025-12-24 11:24:16.665441881,16574.18,No
CUST02886,2024-01-21,23,40,Central,Basic,Monthly,663.85,0.1,Yes,3,1,48.7,3.2,2025-12-19 07:15:55.588719301,15276.04,No
CUST02887,2024-05-07,19,52,West,Basic,Annual,647.54,0.0,No,1,0,16.7,3.0,2025-12-12 12:18:13.410076859,12044.69,No
CUST02888,2023-02-16,34,19,West,Premium,Quarterly,2073.67,0.0,Yes,2,1,43.3,2.8,2025-12-12 12:08:59.664983292,70087.8,No
CUST02889,2024-05-05,19,26,North,Standard,Monthly,1161.3,0.0,No,1,1,2.0,4.0,2025-12-13 01:27:53.103779983,22178.58,No
CUST02890,2024-01-30,23,20,Central,Basic,Monthly,576.42,0.1,No,1,2,14.0,4.1,2025-11-28 17:08:21.021385146,12700.52,Yes
CUST02891,2024-12-23,12,35,North,Basic,Monthly,639.49,0.1,No,2,1,27.3,2.5,2025-12-30 00:00:00.000000000,8225.04,No
CUST02892,2024-07-17,17,28,South,Premium,Annual,2085.73,0.0,Yes,1,2,30.9,2.9,2025-12-22 14:37:47.588527851,35221.24,No
CUST02893,2025-05-12,7,26,West,Premium,Annual,1372.39,0.15,Yes,1,1,33.7,4.2,2025-12-18 15:40:16.491536334,10065.85,No
CUST02894,2023-06-18,30,29,East,Premium,Monthly,1948.53,0.1,Yes,2,1,45.2,3.1,2025-12-22 03:13:21.883671740,57468.0,No
CUST02895,2023-02-09,34,37,Central,Basic,Monthly,813.05,0.05,No,1,2,5.2,4.6,2025-12-21 02:44:57.360899573,27400.74,No
CUST02896,2023-04-28,32,26,North,Basic,Annual,700.71,0.0,No,4,0,18.1,4.7,2025-12-17 22:42:49.352563325,22506.13,No
CUST02897,2023-09-07,27,34,North,Basic,Quarterly,695.36,0.0,Yes,1,0,36.3,2.5,2025-12-22 02:09:16.615481959,18538.57,No
CUST02898,2025-01-19,11,21,West,Standard,Monthly,1287.3,0.0,No,3,2,30.3,4.2,2025-11-29 15:56:10.173317292,14789.45,Yes
CUST02899,2023-01-21,35,50,South,Basic,Quarterly,779.26,0.0,Yes,2,0,24.2,3.7,2025-12-20 19:44:09.694392430,27650.59,No
CUST02900,2023-02-02,34,33,East,Premium,Quarterly,1888.2,0.0,No,1,0,40.0,3.1,2025-12-11 03:17:47.272115933,63411.44,No
CUST02901,2024-11-17,13,48,Central,Basic,Annual,595.24,0.0,No,3,1,21.6,4.3,2025-12-23 19:08:35.755569528,7480.18,No
CUST02902,2023-12-20,24,53,South,Standard,Monthly,1158.81,0.05,No,1,0,27.3,2.7,2025-12-09 06:44:23.551484266,26795.47,Yes
CUST02903,2023-08-09,28,36,South,Basic,Monthly,587.84,0.0,No,4,0,9.9,4.4,2025-12-17 05:02:33.434750781,15893.83,No
CUST02904,2023-11-09,25,19,West,Basic,Monthly,701.98,0.0,No,3,1,32.1,3.5,2025-12-06 07:07:20.624039953,18115.05,No
CUST02905,2024-10-08,14,38,South,Basic,Monthly,649.13,0.1,No,3,0,32.4,4.0,2025-11-28 17:56:10.379435514,9018.77,Yes
CUST02906,2023-03-06,33,24,North,Basic,Annual,610.91,0.0,Yes,3,1,33.8,3.5,2025-12-19 16:41:09.227736261,20033.84,No
CUST02907,2025-01-24,11,42,Central,Standard,Monthly,1107.44,0.0,Yes,2,0,27.3,4.3,2025-12-15 15:25:08.224988667,11808.76,No
CUST02908,2025-02-17,10,27,Central,Basic,Monthly,674.68,0.0,No,3,1,25.4,3.5,2025-11-30 11:56:20.803387687,6565.74,Yes
CUST02909,2024-09-21,15,40,Central,Premium,Quarterly,1993.15,0.1,Yes,2,0,12.5,5.0,2025-12-19 06:54:38.306163471,30238.26,No
CUST02910,2024-10-06,14,38,South,Basic,Monthly,668.9,0.0,No,0,5,10.6,3.8,2025-12-21 15:14:07.699741173,9209.03,No
CUST02911,2023-01-13,35,19,West,Basic,Monthly,688.62,0.0,Yes,3,0,41.5,2.7,2025-12-19 19:56:30.745637005,23517.15,No
CUST02912,2023-04-11,32,49,South,Basic,Quarterly,601.39,0.1,No,1,1,25.9,3.8,2025-12-15 15:03:16.527622110,18793.8,No
CUST02913,2023-05-13,31,63,North,Basic,Monthly,718.38,0.0,Yes,3,1,17.0,1.8,2025-12-15 14:02:19.313550955,22935.26,No
CUST02914,2023-12-20,24,24,East,Basic,Annual,896.7,0.15,Yes,2,0,42.6,2.8,2025-12-22 00:34:17.393573352,22327.69,No
CUST02915,2024-05-26,19,34,Central,Standard,Monthly,865.01,0.0,No,1,2,19.5,3.1,2025-12-05 06:29:28.707751911,17040.71,No
CUST02916,2023-11-12,25,25,East,Standard,Monthly,1092.67,0.05,Yes,2,2,33.7,4.2,2025-12-14 02:26:54.525303474,27030.16,No
CUST02917,2023-03-24,33,35,Central,Standard,Annual,1225.74,0.0,No,3,1,19.9,3.2,2025-12-08 15:30:42.181308003,39888.53,No
CUST02918,2025-06-22,6,35,North,Standard,Monthly,1046.34,0.0,Yes,4,0,36.5,2.0,2025-12-19 10:00:06.567234264,6778.01,No
CUST02919,2023-09-26,27,38,North,Premium,Monthly,2035.9,0.05,No,2,0,34.0,4.1,2025-12-13 20:59:46.398339773,54943.36,No
CUST02920,2024-10-10,14,43,North,Basic,Quarterly,748.87,0.0,No,3,0,33.4,3.3,2025-12-02 04:52:02.260429652,10934.48,No
CUST02921,2024-05-10,19,40,West,Basic,Monthly,802.92,0.05,No,1,0,37.3,4.0,2025-12-28 10:32:54.146525390,15390.38,No
CUST02922,2025-06-27,6,25,South,Standard,Annual,1202.21,0.0,Yes,4,0,31.7,3.3,2025-12-21 23:30:13.566844392,8032.84,No
CUST02923,2023-12-31,24,18,South,Standard,Quarterly,1199.37,0.0,Yes,2,0,23.7,3.8,2025-12-24 08:19:09.361044152,27914.04,No
CUST02924,2023-01-23,35,33,North,Basic,Monthly,659.97,0.0,Yes,3,1,25.8,3.8,2025-12-06 05:58:48.200904774,22785.91,No
CUST02925,2024-10-01,14,33,Central,Basic,Annual,640.3,0.05,Yes,0,1,14.2,3.4,2025-12-17 23:02:50.964357383,9303.78,No
CUST02926,2025-02-28,10,41,North,Basic,Monthly,786.66,0.0,No,2,0,20.6,4.2,2025-12-16 04:39:43.847723279,8459.69,No
CUST02927,2024-09-13,15,49,West,Standard,Monthly,1020.58,0.1,Yes,2,0,13.0,3.1,2025-12-19 09:41:01.323251466,14499.36,No
CUST02928,2024-08-02,16,37,West,Standard,Annual,1385.45,0.0,Yes,3,0,25.3,4.1,2025-11-24 11:49:42.856015524,21908.86,Yes
CUST02929,2023-06-09,30,30,South,Standard,Monthly,1100.39,0.0,Yes,4,0,7.3,4.1,2025-12-25 02:15:02.546978550,33653.13,No
CUST02930,2023-03-06,33,35,Central,Standard,Monthly,1222.61,0.05,Yes,1,1,23.3,2.9,2025-12-08 23:53:21.330732743,40179.3,No
CUST02931,2025-04-25,8,30,West,Standard,Monthly,1239.69,0.0,Yes,3,0,7.7,3.1,2025-12-14 20:46:57.006220161,10610.02,Yes
CUST02932,2023-03-28,33,36,West,Standard,Quarterly,1339.93,0.1,No,3,0,36.2,3.4,2025-12-29 15:48:48.676720856,43777.13,No
CUST02933,2024-07-30,17,28,Central,Standard,Monthly,1074.7,0.1,No,4,2,5.1,3.3,2025-12-19 00:08:38.296956129,19277.76,No
CUST02934,2024-11-12,13,39,East,Standard,Monthly,1133.85,0.0,Yes,5,1,10.2,2.2,2025-12-19 08:43:16.363837146,15747.48,No
CUST02935,2024-09-22,15,26,South,Premium,Annual,1891.87,0.1,No,4,0,4.9,4.9,2025-12-17 03:30:44.615205481,29062.87,No
CUST02936,2023-05-19,31,22,Central,Standard,Monthly,1146.29,0.0,No,2,0,54.6,3.3,2025-12-15 13:36:07.635326124,34762.33,No
CUST02937,2024-03-13,21,36,West,Premium,Monthly,1849.89,0.05,Yes,3,0,18.0,3.5,2025-12-26 06:02:45.759212981,37130.67,No
CUST02938,2025-05-13,7,38,East,Premium,Monthly,2124.63,0.0,Yes,0,1,20.3,3.6,2025-12-10 15:55:12.956107098,14006.25,No
CUST02939,2023-06-03,30,39,Central,Standard,Annual,1114.34,0.0,Yes,2,2,27.0,3.9,2025-12-23 16:57:15.675190546,34089.42,No
CUST02940,2024-09-09,15,22,North,Standard,Monthly,1114.57,0.0,No,5,1,25.8,2.6,2025-12-19 16:51:33.178160829,17791.5,No
CUST02941,2025-06-25,6,18,North,Basic,Monthly,685.89,0.0,No,2,0,27.7,3.6,2025-12-29 06:04:17.423257492,4186.02,No
CUST02942,2023-07-29,29,20,Central,Standard,Monthly,968.87,0.15,Yes,3,0,13.4,3.0,2025-12-23 11:10:32.795305128,27592.49,No
CUST02943,2023-07-24,29,47,East,Standard,Monthly,1322.45,0.0,Yes,2,0,22.9,3.2,2025-12-30 00:00:00.000000000,39050.65,No
CUST02944,2023-05-22,31,43,North,Basic,Quarterly,841.68,0.05,Yes,3,0,21.0,2.4,2025-11-30 07:57:37.700400145,25538.52,No
CUST02945,2023-06-23,30,39,East,Standard,Quarterly,1197.66,0.0,Yes,2,0,25.7,4.3,2025-12-17 23:27:57.214773902,36125.68,No
CUST02946,2024-04-06,20,48,Central,Premium,Monthly,2006.28,0.0,No,0,1,32.4,3.6,2025-12-13 00:19:19.587277895,41793.21,No
CUST02947,2025-02-24,10,45,Central,Premium,Monthly,2075.9,0.0,Yes,4,2,23.6,3.0,2025-12-21 12:49:26.624984423,22400.61,No
CUST02948,2023-01-05,35,47,North,Standard,Annual,1192.49,0.0,Yes,1,2,18.0,3.6,2025-12-16 06:57:50.299689301,41057.57,No
CUST02949,2025-02-16,10,34,North,Premium,Annual,2270.49,0.05,Yes,4,2,12.9,4.4,2025-12-05 21:55:41.656232825,23910.78,No
CUST02950,2024-07-28,17,53,South,Basic,Monthly,771.17,0.1,Yes,3,1,34.2,2.4,2025-12-24 09:34:18.348936747,13822.56,No
CUST02951,2023-08-18,28,49,West,Standard,Monthly,906.64,0.1,Yes,4,1,30.1,3.0,2025-12-29 14:00:01.151503169,25993.16,No
CUST02952,2023-06-15,30,25,West,Basic,Quarterly,538.88,0.0,Yes,3,0,16.9,4.4,2025-12-23 04:27:00.818949255,16358.23,No
CUST02953,2025-02-20,10,42,North,Basic,Quarterly,611.47,0.05,No,1,0,25.6,4.1,2025-11-27 17:04:02.633897373,5538.57,Yes
CUST02954,2023-10-16,26,50,North,Premium,Monthly,1913.18,0.0,Yes,3,0,32.3,1.6,2025-12-07 01:48:32.897097640,48070.39,No
CUST02955,2023-06-02,30,58,West,Basic,Monthly,781.64,0.05,No,1,0,46.9,4.3,2025-12-10 06:46:21.840049402,23484.66,No
CUST02956,2025-05-03,7,30,North,Basic,Quarterly,661.65,0.1,Yes,3,0,27.7,3.4,2025-12-12 19:10:04.254344363,4671.98,Yes
CUST02957,2023-08-21,28,38,Central,Basic,Monthly,742.24,0.15,No,3,0,25.6,2.6,2025-11-28 14:04:39.542687421,20830.22,Yes
CUST02958,2025-06-18,6,38,East,Premium,Monthly,1959.95,0.05,Yes,3,0,29.4,4.3,2025-11-26 01:39:04.888633401,10006.12,Yes
CUST02959,2023-12-04,24,26,West,Premium,Monthly,1834.26,0.0,No,2,0,32.6,2.8,2025-12-24 16:26:04.068269762,44871.61,No
CUST02960,2024-08-28,16,33,East,Basic,Monthly,687.26,0.05,No,3,1,25.9,3.4,2025-12-18 05:05:03.253293094,10947.04,No
CUST02961,2023-09-24,27,36,North,Standard,Annual,1254.04,0.0,No,1,0,32.1,3.2,2025-12-20 19:19:30.245248791,32886.44,No
CUST02962,2025-03-10,9,21,East,Premium,Annual,2056.24,0.05,Yes,2,1,41.9,2.9,2025-12-09 19:38:24.399661964,20132.17,No
CUST02963,2025-05-20,7,37,East,Basic,Annual,825.77,0.1,Yes,2,0,27.4,3.7,2025-12-26 06:12:53.760734352,6452.17,No
CUST02964,2023-02-16,34,29,South,Basic,Annual,719.26,0.0,No,2,2,2.0,3.9,2025-12-29 23:38:44.392048737,25074.83,No
CUST02965,2023-02-27,34,26,Central,Standard,Monthly,1273.03,0.15,Yes,2,1,31.6,2.4,2025-12-14 14:26:55.368674385,42265.44,No
CUST02966,2024-05-18,19,26,West,Basic,Monthly,649.64,0.05,No,2,0,32.3,4.9,2025-11-29 12:56:37.559521413,12312.42,No
CUST02967,2025-05-07,7,42,West,Basic,Annual,594.94,0.05,Yes,2,0,7.2,3.7,2025-12-15 09:05:35.299123608,3988.62,No
CUST02968,2024-09-07,15,44,Central,Standard,Quarterly,1126.34,0.0,Yes,1,0,37.2,3.5,2025-12-06 19:18:53.444248549,15883.72,No
CUST02969,2023-09-21,27,31,East,Standard,Annual,1034.98,0.0,Yes,4,0,35.5,3.7,2025-12-30 00:00:00.000000000,27595.71,No
CUST02970,2024-05-19,19,32,Central,Basic,Monthly,715.94,0.05,No,3,1,36.1,3.0,2025-12-15 18:15:20.432090258,14124.37,No
CUST02971,2024-01-12,23,18,Central,Premium,Monthly,2083.24,0.05,No,0,2,20.5,3.8,2025-12-06 19:53:54.023914992,45907.94,No
CUST02972,2024-12-15,12,34,North,Standard,Monthly,1287.1,0.0,No,2,2,24.9,4.8,2025-12-25 20:52:47.680890318,15023.55,No
CUST02973,2023-05-26,31,51,Central,Standard,Monthly,1404.22,0.05,Yes,4,0,26.9,2.9,2025-12-18 05:02:14.872615847,43860.12,No
CUST02974,2024-12-22,12,39,South,Basic,Annual,793.85,0.05,Yes,1,1,24.2,4.0,2025-12-10 09:59:23.672701957,8807.44,No
CUST02975,2023-09-30,27,45,Central,Standard,Quarterly,1274.84,0.0,No,1,1,17.1,2.8,2025-12-11 22:03:59.337120387,33984.21,No
CUST02976,2025-04-24,8,35,North,Basic,Quarterly,702.71,0.05,Yes,2,0,48.1,1.8,2025-12-04 16:10:27.283606107,5282.97,No
CUST02977,2024-04-26,20,27,North,Basic,Quarterly,947.32,0.15,Yes,7,1,7.3,3.3,2025-12-17 01:30:40.940512491,19307.95,No
CUST02978,2023-01-14,35,34,East,Standard,Monthly,1059.45,0.0,Yes,2,1,21.8,3.0,2025-12-21 08:41:01.177717488,37151.99,No
CUST02979,2024-02-11,22,46,South,Standard,Monthly,1219.66,0.0,No,4,1,28.5,1.7,2025-12-20 17:43:47.740588251,28016.51,No
CUST02980,2024-09-07,15,42,North,Premium,Quarterly,2000.6,0.0,Yes,1,0,31.4,4.6,2025-12-13 01:35:36.619780630,28941.75,No
CUST02981,2024-03-24,21,25,South,Standard,Annual,1285.66,0.05,No,9,0,22.3,3.6,2025-12-24 23:27:21.415932919,26848.36,No
CUST02982,2025-05-27,7,26,East,Standard,Monthly,1177.04,0.0,No,3,0,30.9,2.8,2025-12-06 09:30:29.293874664,7177.14,No
CUST02983,2023-03-07,33,41,Central,Standard,Quarterly,1077.01,0.05,Yes,3,0,26.3,4.6,2025-12-22 00:39:09.078566890,34739.2,No
CUST02984,2025-06-16,6,38,Central,Basic,Annual,727.99,0.0,Yes,1,0,29.3,2.7,2025-12-25 12:15:10.232497320,4405.02,No
CUST02985,2023-08-29,28,51,East,Basic,Quarterly,650.01,0.0,Yes,2,0,10.8,3.3,2025-12-18 22:32:57.735634854,17864.42,No
CUST02986,2024-08-25,16,25,Central,Standard,Quarterly,974.06,0.05,No,1,1,32.6,2.7,2025-11-24 16:05:18.724318449,14699.3,No
CUST02987,2025-06-10,6,18,West,Premium,Monthly,1908.91,0.1,No,3,0,25.0,2.7,2025-12-25 15:36:59.103349635,10944.88,No
CUST02988,2024-03-01,22,35,North,Standard,Annual,1129.32,0.0,No,3,0,29.5,3.7,2025-12-19 09:21:13.057145980,25902.68,No
CUST02989,2024-11-02,13,20,East,Standard,Monthly,1212.5,0.0,No,2,3,25.7,4.6,2025-12-24 21:23:49.288742083,15046.59,No
CUST02990,2024-05-07,19,30,North,Standard,Monthly,1221.35,0.1,Yes,6,1,22.9,3.4,2025-12-17 20:22:50.661855950,24161.7,No
CUST02991,2023-08-29,28,31,Central,Basic,Quarterly,763.17,0.05,Yes,1,0,20.7,3.5,2025-12-17 11:19:20.067759368,21058.15,No
CUST02992,2024-05-30,19,35,North,Basic,Quarterly,753.38,0.05,No,0,1,24.3,4.0,2025-12-16 07:30:20.930977230,13778.5,Yes
CUST02993,2024-03-12,21,56,South,Basic,Quarterly,583.79,0.0,Yes,5,1,26.7,3.7,2025-12-19 16:31:57.426577392,12811.92,No
CUST02994,2024-02-01,22,42,West,Premium,Monthly,1940.13,0.0,Yes,2,0,44.4,3.7,2025-12-10 01:18:25.404954933,43224.32,No
CUST02995,2023-07-19,29,31,North,Standard,Monthly,1217.21,0.0,No,1,0,35.0,2.3,2025-12-13 16:19:25.608297035,34258.12,No
CUST02996,2023-01-15,35,27,West,Basic,Monthly,849.86,0.0,Yes,1,0,37.9,3.0,2025-12-21 16:37:29.100943543,30241.41,No
CUST02997,2024-11-18,13,47,West,Standard,Monthly,1033.82,0.1,Yes,0,1,33.1,3.9,2025-12-21 12:41:15.814331567,14114.87,No
CUST02998,2024-04-24,20,33,West,Standard,Quarterly,1295.14,0.0,Yes,0,2,27.2,4.3,2025-12-21 01:42:44.359588835,25090.93,No
CUST02999,2024-05-21,19,22,North,Basic,Monthly,685.36,0.05,Yes,2,1,19.7,3.2,2025-12-19 13:09:43.545180929,13223.13,No
CUST03000,2025-03-18,9,38,East,Standard,Quarterly,1003.65,0.0,Yes,2,1,42.4,4.1,2025-12-21 17:15:31.730146192,9828.75,No
CUST03001,2024-08-06,16,25,North,Basic,Quarterly,843.1,0.0,Yes,2,1,22.7,4.3,2025-12-24 03:40:04.406099175,13749.91,No
CUST03002,2024-03-25,21,40,Central,Standard,Monthly,1254.28,0.0,Yes,2,1,27.2,2.3,2025-12-22 22:23:34.893212920,25713.96,No
CUST03003,2024-04-18,20,52,East,Premium,Annual,2035.23,0.0,No,1,0,3.8,3.2,2025-12-10 11:51:35.694378026,42134.57,No
CUST03004,2024-06-09,18,24,North,Basic,Monthly,721.64,0.05,Yes,1,0,22.4,2.0,2025-12-13 08:08:42.407550900,12526.81,No
CUST03005,2023-05-09,31,38,North,Premium,Monthly,1861.59,0.0,Yes,5,1,5.0,3.0,2025-12-15 08:45:59.224538204,59305.31,No
CUST03006,2023-12-15,24,31,North,Basic,Quarterly,765.43,0.05,Yes,1,1,28.7,3.1,2025-12-21 16:35:18.151119445,18207.96,No
CUST03007,2025-01-25,11,31,West,Basic,Monthly,768.0,0.1,No,2,1,42.1,3.2,2025-12-11 07:02:47.878673689,8963.29,No
CUST03008,2024-12-10,12,45,North,Basic,Monthly,703.35,0.05,No,2,0,47.4,3.2,2025-12-03 22:31:39.003847934,8634.1,No
CUST03009,2023-12-26,24,18,North,Standard,Annual,1182.28,0.05,No,1,0,22.9,1.8,2025-12-21 09:43:54.853639646,29184.86,No
CUST03010,2024-12-29,12,27,South,Standard,Monthly,1171.79,0.0,Yes,2,1,36.2,4.1,2025-12-22 04:29:29.180514777,13773.47,No
CUST03011,2023-07-20,29,48,North,Standard,Monthly,1130.88,0.0,Yes,0,0,13.7,3.9,2025-12-24 22:15:35.603772028,32234.64,No
CUST03012,2023-03-28,33,28,Central,Basic,Annual,630.51,0.1,No,2,1,9.8,3.4,2025-12-09 23:16:13.586533113,20806.29,No
CUST03013,2024-05-11,19,23,Central,Basic,Quarterly,738.15,0.0,Yes,0,0,3.2,3.7,2025-12-30 00:00:00.000000000,14146.55,No
CUST03014,2023-04-18,32,30,East,Basic,Quarterly,703.13,0.0,Yes,4,1,18.8,4.7,2025-12-21 00:58:38.434149849,22645.16,No
CUST03015,2025-01-14,11,36,North,Standard,Annual,1472.23,0.0,No,3,0,29.4,1.9,2025-12-13 02:01:24.174204816,15313.95,No
CUST03016,2023-03-27,33,38,West,Standard,Monthly,1204.85,0.1,Yes,1,0,52.3,3.9,2025-12-29 11:03:10.437145422,39805.52,No
CUST03017,2023-01-11,35,43,Central,Standard,Annual,1232.12,0.1,Yes,4,0,23.1,3.0,2025-12-28 05:51:41.380040653,43256.37,No
CUST03018,2025-05-28,7,49,South,Premium,Quarterly,1805.34,0.1,Yes,1,0,25.8,3.8,2025-12-30 00:00:00.000000000,14067.4,No
CUST03019,2023-01-28,35,42,South,Basic,Quarterly,749.68,0.15,Yes,4,1,32.8,3.4,2025-12-20 22:07:47.880105940,26581.74,No
CUST03020,2024-02-08,22,40,East,Standard,Annual,1199.21,0.05,Yes,0,0,33.8,1.5,2025-12-20 08:42:50.693645708,26665.5,No
CUST03021,2023-11-18,25,40,North,Basic,Monthly,550.45,0.15,No,2,1,13.1,3.1,2025-12-29 00:03:12.551352371,13555.67,No
CUST03022,2023-04-24,32,24,South,Standard,Monthly,1356.36,0.0,Yes,6,1,26.5,2.4,2025-12-08 04:50:50.580088728,43095.8,No
CUST03023,2025-04-03,8,41,East,Premium,Monthly,2214.56,0.0,Yes,1,0,32.4,4.0,2025-12-29 19:14:35.842414206,19369.97,No
CUST03024,2025-06-19,6,48,North,Premium,Quarterly,1771.42,0.1,Yes,2,0,21.1,4.1,2025-12-20 04:38:14.200611263,9582.85,No
CUST03025,2023-06-14,30,30,South,Standard,Monthly,1008.8,0.0,No,3,2,30.7,3.7,2025-12-25 10:53:07.212883566,31116.3,No
CUST03026,2023-10-15,26,41,South,Standard,Quarterly,1208.01,0.05,No,1,0,39.1,3.9,2025-12-24 12:42:57.977170316,30965.33,No
CUST03027,2025-03-04,9,44,West,Basic,Annual,719.13,0.0,No,3,1,16.3,3.2,2025-12-27 12:49:23.262350708,6611.93,No
CUST03028,2024-12-13,12,36,East,Premium,Monthly,1887.2,0.05,No,3,0,4.6,4.7,2025-12-06 02:50:16.765296447,21308.04,No
CUST03029,2025-06-18,6,36,East,Basic,Monthly,716.33,0.0,Yes,1,0,29.6,4.5,2025-12-24 06:19:24.332993193,3762.43,No
CUST03030,2023-05-20,31,25,West,Standard,Monthly,1248.68,0.05,No,4,0,2.0,4.1,2025-12-21 21:31:46.919793061,37994.85,No
CUST03031,2023-04-25,32,28,North,Standard,Monthly,1194.39,0.1,Yes,3,1,21.2,5.0,2025-12-04 20:36:42.634734780,38256.67,No
CUST03032,2023-03-06,33,40,North,Premium,Monthly,2044.9,0.05,Yes,1,0,20.5,3.6,2025-12-26 02:18:27.662143488,66265.85,No
CUST03033,2023-02-11,34,52,Central,Basic,Quarterly,633.94,0.0,No,4,0,18.7,2.6,2025-12-16 09:12:24.694572788,21897.34,No
CUST03034,2024-01-20,23,25,Central,Standard,Monthly,1308.17,0.05,Yes,2,1,51.0,3.8,2025-12-14 23:31:02.238723567,28871.99,No
CUST03035,2025-05-03,7,49,South,Standard,Annual,1299.5,0.1,Yes,1,1,34.2,4.5,2025-12-15 19:28:39.653408070,8848.66,No
CUST03036,2023-10-16,26,33,North,Basic,Monthly,677.93,0.0,No,3,0,21.5,3.9,2025-12-19 22:54:10.416185214,17299.7,No
CUST03037,2023-07-22,29,26,South,Standard,Monthly,1276.33,0.0,No,3,1,44.2,2.6,2025-12-22 00:57:25.952069060,36385.74,No
CUST03038,2024-12-19,12,18,East,Standard,Annual,1269.73,0.05,Yes,2,0,27.7,4.3,2025-12-23 13:35:22.091045819,14668.95,No
CUST03039,2025-05-10,7,31,West,Standard,Annual,994.45,0.15,Yes,1,1,28.0,2.5,2025-12-19 03:55:07.886682449,6243.9,No
CUST03040,2025-03-23,9,39,South,Basic,Annual,576.34,0.1,Yes,2,0,23.9,2.2,2025-12-16 15:26:23.751029749,5277.58,No
CUST03041,2023-04-19,32,21,East,Premium,Annual,1959.21,0.1,No,3,0,29.7,4.3,2025-12-21 11:41:08.179996572,64602.53,No
CUST03042,2024-01-27,23,33,North,Standard,Annual,1274.13,0.15,No,4,1,25.5,3.5,2025-12-16 11:38:38.862544805,29958.27,No
CUST03043,2023-08-11,28,35,East,Basic,Monthly,575.26,0.1,Yes,3,0,31.7,2.9,2025-12-13 16:53:49.411140297,15659.32,No
CUST03044,2023-06-07,30,40,East,Standard,Quarterly,1162.66,0.0,Yes,3,0,9.8,2.1,2025-12-13 23:11:20.789661544,34945.24,No
CUST03045,2024-08-13,16,38,South,Standard,Annual,1221.06,0.0,Yes,0,0,30.2,4.2,2025-12-17 15:58:12.556063509,19907.87,No
CUST03046,2023-11-05,25,35,West,Basic,Quarterly,548.05,0.1,Yes,1,1,40.3,1.4,2025-12-13 12:33:20.684504178,13942.07,No
CUST03047,2024-09-27,15,43,South,Standard,Monthly,1209.56,0.0,Yes,2,3,31.0,3.6,2025-12-09 17:10:56.732970813,17101.39,No
CUST03048,2024-02-10,22,39,South,Premium,Monthly,1793.9,0.0,No,4,1,20.5,2.7,2025-12-14 04:09:27.629531485,37964.8,No
CUST03049,2024-06-03,18,32,South,Premium,Monthly,1901.42,0.0,Yes,6,2,18.8,4.1,2025-12-16 12:46:36.054729889,33315.36,No
CUST03050,2023-12-27,24,31,East,Premium,Monthly,2053.62,0.0,No,1,1,23.7,2.7,2025-12-20 02:43:30.292548891,48328.92,No
CUST03051,2023-11-30,25,32,East,Standard,Monthly,967.72,0.0,No,2,1,28.5,3.5,2025-12-14 03:14:09.650090017,24138.22,No
CUST03052,2023-01-04,35,18,West,Basic,Monthly,745.28,0.0,Yes,5,0,38.6,3.2,2025-12-22 02:12:06.097335112,25952.72,No
CUST03053,2023-07-08,29,35,North,Basic,Monthly,750.33,0.0,Yes,1,0,12.1,3.8,2025-12-16 11:33:59.350105201,21037.13,No
CUST03054,2024-06-30,18,26,North,Standard,Monthly,1207.84,0.0,Yes,3,0,30.2,3.5,2025-12-24 02:07:19.013970755,21071.42,No
CUST03055,2024-11-13,13,42,East,Basic,Quarterly,852.47,0.0,No,3,2,17.9,4.0,2025-12-15 08:13:03.633966806,11403.61,No
CUST03056,2024-09-22,15,35,West,Basic,Monthly,774.54,0.0,Yes,2,0,10.7,3.7,2025-12-18 16:18:13.760267605,12265.11,No
CUST03057,2024-01-06,23,38,Central,Premium,Annual,1847.49,0.0,Yes,0,0,29.6,3.9,2025-12-21 16:03:05.645851460,41634.41,No
CUST03058,2024-06-28,18,27,East,Basic,Annual,724.0,0.0,Yes,7,1,12.9,4.5,2025-12-16 02:19:59.772721947,12914.83,No
CUST03059,2024-03-04,21,38,East,Basic,Monthly,767.38,0.0,Yes,0,0,32.7,3.8,2025-11-29 11:35:00.547615246,16199.65,Yes
CUST03060,2024-08-16,16,34,West,Standard,Monthly,1190.93,0.0,No,3,0,23.3,3.6,2025-12-10 17:59:16.571113052,18128.9,No
CUST03061,2023-06-03,30,18,Central,Basic,Quarterly,774.45,0.0,No,1,0,20.3,4.8,2025-12-30 00:00:00.000000000,23885.36,No
CUST03062,2025-02-09,10,18,Central,Basic,Quarterly,688.9,0.0,Yes,0,0,14.4,4.0,2025-12-07 12:20:44.930227722,7470.84,No
CUST03063,2024-07-17,17,18,West,Standard,Monthly,1421.62,0.0,No,0,0,20.2,2.9,2025-12-15 21:17:47.891007505,23344.55,No
CUST03064,2025-05-24,7,37,North,Standard,Annual,974.68,0.1,Yes,3,1,19.2,3.0,2025-12-13 00:37:04.963368758,6481.63,No
CUST03065,2024-06-12,18,38,South,Basic,Monthly,793.95,0.0,No,3,2,22.2,3.4,2025-11-29 10:56:55.359578887,14108.04,Yes
CUST03066,2023-01-24,35,34,North,Basic,Monthly,593.93,0.0,Yes,1,1,22.1,4.3,2025-12-25 01:19:15.495029784,20601.45,No
CUST03067,2023-10-25,26,42,West,Standard,Quarterly,1047.41,0.0,No,4,0,32.7,2.8,2025-12-28 22:45:39.233499046,26934.9,No
CUST03068,2023-11-14,25,42,Central,Standard,Monthly,1395.12,0.0,Yes,1,0,29.5,2.7,2025-12-24 01:30:45.560059857,35236.72,No
CUST03069,2023-04-23,32,21,Central,Basic,Monthly,527.55,0.05,Yes,2,1,31.3,5.0,2025-12-26 20:33:19.988277086,17256.17,No
CUST03070,2025-03-17,9,26,West,Basic,Annual,768.96,0.0,Yes,5,1,35.1,3.5,2025-12-10 02:39:49.620470256,6337.55,No
CUST03071,2024-02-16,22,32,Central,Basic,Annual,705.5,0.0,Yes,3,1,16.9,4.9,2025-12-19 04:47:02.478921456,16101.15,No
CUST03072,2023-08-04,28,40,South,Standard,Monthly,1097.7,0.1,No,2,0,25.4,3.9,2025-12-16 15:44:20.322539457,30430.19,No
CUST03073,2024-08-01,16,40,East,Standard,Quarterly,1364.44,0.15,Yes,1,1,36.2,3.8,2025-12-30 00:00:00.000000000,21400.74,No
CUST03074,2024-10-23,14,27,East,Basic,Quarterly,831.57,0.0,No,3,0,13.3,3.6,2025-12-23 11:11:42.286442116,11458.24,No
CUST03075,2025-04-09,8,49,South,Basic,Annual,649.55,0.0,Yes,1,0,12.6,3.8,2025-12-22 00:04:31.010017150,4719.89,No
CUST03076,2024-02-12,22,39,East,Basic,Quarterly,667.31,0.0,No,2,1,34.4,4.1,2025-12-26 23:22:02.863199517,14703.01,No
CUST03077,2025-01-26,11,37,East,Standard,Monthly,1372.48,0.0,Yes,2,2,30.4,3.5,2025-12-30 00:00:00.000000000,15335.24,No
CUST03078,2023-07-16,29,34,North,Standard,Monthly,1138.85,0.1,Yes,1,2,13.3,3.8,2025-12-23 18:46:32.641290884,32520.26,No
CUST03079,2025-05-31,7,38,East,Standard,Annual,1234.52,0.0,Yes,1,2,9.7,3.0,2025-12-22 22:25:14.170447656,7886.36,No
CUST03080,2024-05-16,19,18,Central,Basic,Monthly,755.07,0.05,No,2,1,24.4,2.2,2025-12-30 00:00:00.000000000,14601.75,No
CUST03081,2024-08-27,16,26,South,Basic,Monthly,799.21,0.0,Yes,3,1,20.5,3.6,2025-12-23 07:51:23.214648045,12505.49,No
CUST03082,2023-10-20,26,27,Central,Standard,Monthly,1223.84,0.05,No,2,0,19.0,3.9,2025-12-26 15:23:06.028178897,32464.04,No
CUST03083,2024-06-02,18,40,Central,Basic,Annual,694.38,0.1,No,4,0,5.3,2.4,2025-12-25 07:03:00.270080612,12182.9,No
CUST03084,2023-03-26,33,40,North,Standard,Monthly,1102.31,0.0,Yes,2,0,29.8,3.9,2025-12-21 05:43:38.998243607,36473.4,No
CUST03085,2023-01-10,35,31,North,Standard,Quarterly,1013.77,0.05,Yes,3,3,10.1,3.4,2025-12-14 01:51:48.334971704,35993.19,No
CUST03086,2024-05-19,19,70,South,Basic,Quarterly,680.87,0.1,Yes,1,0,42.2,5.0,2025-12-30 00:00:00.000000000,12792.75,No
CUST03087,2024-07-24,17,18,East,Standard,Monthly,1189.15,0.1,Yes,0,0,25.1,2.8,2025-12-28 19:26:34.452781469,19644.48,No
CUST03088,2025-06-20,6,26,West,Standard,Monthly,1305.69,0.1,No,0,1,22.4,3.6,2025-12-28 13:58:49.196957175,6920.92,No
CUST03089,2023-10-20,26,53,South,Basic,Annual,913.97,0.1,Yes,5,0,22.8,3.4,2025-12-23 12:20:03.537327527,23044.95,No
CUST03090,2025-01-31,10,42,Central,Premium,Annual,2033.17,0.0,No,2,2,33.0,3.4,2025-12-06 14:18:10.675429221,18446.81,Yes
CUST03091,2025-03-26,9,18,West,Basic,Monthly,631.77,0.05,No,6,0,16.2,3.3,2025-12-17 00:52:06.476016381,5444.62,No
CUST03092,2023-01-24,35,42,West,Basic,Annual,686.73,0.05,Yes,1,0,10.9,3.9,2025-11-26 06:20:34.478988458,24474.46,No
CUST03093,2023-04-05,32,39,West,Basic,Monthly,662.78,0.0,No,1,0,25.1,3.9,2025-12-23 13:25:08.736314446,21572.81,No
CUST03094,2024-01-31,22,47,Central,Premium,Monthly,1887.74,0.0,No,2,1,30.1,3.5,2025-11-30 01:34:55.893060506,43361.7,Yes
CUST03095,2023-09-19,27,47,West,Standard,Annual,1261.46,0.05,Yes,2,2,28.3,2.9,2025-12-26 04:11:43.917437887,34033.96,No
CUST03096,2025-05-25,7,34,East,Standard,Annual,1071.79,0.0,No,1,0,45.7,3.1,2025-12-10 03:29:24.460001077,6452.26,No
CUST03097,2023-10-09,26,28,South,Premium,Monthly,1634.57,0.0,Yes,2,1,33.2,3.7,2025-12-17 11:24:11.355453012,42404.94,No
CUST03098,2024-08-08,16,30,South,Basic,Annual,676.03,0.0,Yes,1,0,21.6,3.7,2025-12-19 16:55:43.747038463,10757.18,No
CUST03099,2024-01-23,23,31,East,Premium,Monthly,1921.58,0.0,No,3,0,31.1,3.2,2025-12-20 17:29:05.063487577,44033.11,No
CUST03100,2023-08-27,28,22,West,Standard,Quarterly,1133.92,0.05,Yes,1,0,17.2,3.7,2025-12-12 03:29:30.684495532,30852.77,No
CUST03101,2025-06-09,6,35,North,Basic,Annual,626.12,0.15,Yes,2,0,50.2,4.0,2025-12-07 11:17:42.671588445,3268.46,Yes
CUST03102,2023-07-19,29,33,South,Basic,Monthly,600.61,0.0,No,4,1,18.3,4.5,2025-12-21 03:13:41.551800157,17258.77,No
CUST03103,2023-02-12,34,27,West,Basic,Monthly,725.44,0.1,No,3,0,15.3,3.1,2025-12-05 11:23:12.516815058,25353.86,No
CUST03104,2024-02-03,22,18,North,Standard,Monthly,1161.25,0.05,Yes,2,0,16.9,4.0,2025-12-02 11:56:43.997805192,26662.93,Yes
CUST03105,2023-11-14,25,39,West,Basic,Monthly,510.65,0.0,Yes,1,0,27.3,3.9,2025-12-20 20:03:12.725863676,12539.46,No
CUST03106,2024-06-03,18,25,Central,Standard,Monthly,1211.33,0.0,Yes,1,1,30.6,3.3,2025-12-22 19:52:31.331450465,22506.85,No
CUST03107,2023-01-06,35,26,Central,Basic,Monthly,669.61,0.05,Yes,2,1,34.8,3.5,2025-12-30 00:00:00.000000000,24047.66,No
CUST03108,2023-02-07,34,44,West,Standard,Quarterly,1237.11,0.0,Yes,3,1,45.3,3.3,2025-12-23 15:37:22.253975671,41497.1,No
CUST03109,2024-05-27,19,25,South,Standard,Monthly,1357.15,0.0,Yes,1,1,21.0,5.0,2025-12-07 23:16:02.851374024,24815.51,Yes
CUST03110,2025-01-30,11,44,South,Basic,Monthly,945.32,0.0,Yes,2,0,29.5,3.8,2025-12-01 06:48:21.037416705,10135.08,No
CUST03111,2023-06-10,30,32,North,Premium,Monthly,1439.49,0.0,No,1,1,19.3,4.2,2025-12-11 11:22:43.065365031,42026.14,No
CUST03112,2025-06-09,6,18,Central,Basic,Monthly,625.55,0.0,No,0,1,26.7,2.9,2025-12-04 09:39:02.986318141,3137.46,Yes
CUST03113,2023-09-24,27,31,East,Basic,Monthly,754.57,0.0,No,2,0,20.5,3.3,2025-12-21 10:09:29.460264930,20123.76,No
CUST03114,2023-09-27,27,27,South,Standard,Quarterly,1083.37,0.0,Yes,3,2,30.8,2.6,2025-12-20 18:43:22.987479447,28895.27,No
CUST03115,2025-05-25,7,35,West,Basic,Monthly,526.16,0.0,No,2,1,2.0,2.6,2025-12-15 07:52:00.948298314,4188.44,No
CUST03116,2024-01-07,23,31,South,Standard,Quarterly,1372.72,0.0,No,2,0,34.2,3.4,2025-12-02 01:13:14.299221052,32017.57,No
CUST03117,2023-10-26,26,37,South,Basic,Monthly,584.79,0.05,Yes,3,0,30.4,2.6,2025-12-26 05:42:26.680532674,14645.59,No
CUST03118,2025-05-29,7,41,South,Basic,Monthly,740.47,0.0,Yes,0,1,36.7,3.0,2025-12-22 03:41:27.927850696,5065.37,No
CUST03119,2024-08-27,16,35,West,Basic,Monthly,614.3,0.05,Yes,2,0,36.4,3.3,2025-12-16 09:09:40.749753275,10064.87,No
CUST03120,2025-03-27,9,45,South,Premium,Monthly,2035.37,0.0,Yes,1,0,17.1,3.1,2025-12-30 00:00:00.000000000,16677.29,No
CUST03121,2023-04-27,32,24,South,Standard,Monthly,1265.92,0.0,Yes,2,1,28.5,4.6,2025-12-22 22:17:37.855672979,39784.69,No
CUST03122,2024-11-13,13,33,West,Basic,Quarterly,614.05,0.0,No,1,0,18.0,4.1,2025-12-12 14:29:50.958351848,7520.53,No
CUST03123,2023-09-16,27,37,North,Standard,Monthly,1140.65,0.0,No,2,0,40.7,2.8,2025-12-30 00:00:00.000000000,29807.98,No
CUST03124,2025-05-14,7,37,South,Standard,Monthly,1139.48,0.05,Yes,2,1,28.1,2.7,2025-12-19 21:21:06.006823581,8190.39,No
CUST03125,2024-06-08,18,51,North,Basic,Monthly,635.12,0.0,No,2,1,12.7,2.4,2025-12-28 13:19:59.340527510,11881.81,No
CUST03126,2023-09-20,27,31,East,Basic,Quarterly,592.38,0.05,No,1,0,31.9,4.3,2025-12-30 00:00:00.000000000,15782.41,No
CUST03127,2024-11-24,13,41,South,Basic,Quarterly,647.53,0.0,No,3,0,40.3,2.2,2025-12-04 11:33:40.036359439,8346.82,Yes
CUST03128,2023-02-03,34,33,Central,Standard,Monthly,1166.05,0.05,No,1,0,26.4,4.2,2025-12-05 19:15:12.627924794,40545.09,Yes
CUST03129,2025-04-18,8,34,North,Basic,Monthly,653.97,0.0,No,3,0,34.9,3.9,2025-12-30 00:00:00.000000000,5459.7,No
CUST03130,2024-05-25,19,21,Central,Standard,Quarterly,1161.11,0.0,No,4,0,20.3,3.4,2025-12-19 10:52:00.244549051,22893.71,Yes
CUST03131,2025-01-21,11,34,South,Premium,Annual,2010.36,0.1,No,1,0,19.3,4.2,2025-12-10 12:50:43.032742645,20491.32,No
CUST03132,2023-10-31,26,28,Central,Standard,Quarterly,1146.0,0.05,Yes,2,4,20.4,4.7,2025-12-16 10:29:39.699237892,29705.29,No
CUST03133,2025-01-26,11,57,Central,Basic,Quarterly,796.01,0.0,Yes,1,0,20.7,2.7,2025-12-24 22:34:37.129319769,9258.18,No
CUST03134,2023-04-14,32,28,North,Premium,Monthly,1934.18,0.0,Yes,4,0,28.7,3.2,2025-12-18 18:29:34.289246317,62259.25,No
CUST03135,2023-04-26,32,40,West,Basic,Monthly,770.42,0.0,Yes,6,0,23.4,3.7,2025-12-21 06:27:09.545963452,24456.68,No
CUST03136,2025-06-29,6,49,South,Standard,Monthly,1373.36,0.05,Yes,3,0,12.0,3.7,2025-12-27 20:53:39.212501606,7689.98,No
CUST03137,2024-04-08,20,43,West,Basic,Monthly,932.01,0.0,No,4,1,8.4,3.7,2025-12-10 03:47:47.441799975,19372.42,No
CUST03138,2025-03-15,9,26,South,Standard,Annual,1387.24,0.0,No,2,0,40.0,3.6,2025-12-30 00:00:00.000000000,13647.51,No
CUST03139,2024-07-20,17,28,East,Standard,Quarterly,1167.1,0.05,Yes,1,0,17.0,3.6,2025-12-15 00:04:49.588846585,20086.72,No
CUST03140,2024-10-26,14,49,South,Basic,Monthly,655.93,0.0,Yes,0,0,24.5,2.8,2025-12-22 14:30:51.509594126,9734.98,No
CUST03141,2023-11-30,25,22,West,Standard,Monthly,1159.08,0.0,No,1,0,46.3,4.2,2025-12-30 00:00:00.000000000,28110.68,No
CUST03142,2024-12-11,12,35,East,Basic,Quarterly,778.31,0.0,No,1,0,34.6,3.4,2025-12-22 12:17:08.479519409,8853.41,Yes
CUST03143,2025-03-19,9,46,Central,Standard,Monthly,1198.76,0.0,Yes,1,0,47.8,3.3,2025-12-09 07:19:55.870811562,11253.91,No
CUST03144,2023-01-18,35,18,North,Premium,Monthly,1529.9,0.1,Yes,4,0,37.2,3.0,2025-12-30 00:00:00.000000000,53959.7,No
CUST03145,2023-06-23,30,26,West,Basic,Annual,641.01,0.0,No,1,1,30.7,4.1,2025-12-19 20:24:52.066486325,19337.22,No
CUST03146,2025-02-26,10,24,South,Standard,Quarterly,1222.66,0.05,Yes,2,1,39.3,4.3,2025-12-02 00:08:55.818092732,11036.14,No
CUST03147,2023-03-31,33,28,West,Standard,Monthly,1229.46,0.1,No,4,0,19.2,2.8,2025-11-27 11:53:14.127229139,40271.68,Yes
CUST03148,2024-11-26,13,40,West,Premium,Monthly,1916.23,0.0,Yes,3,0,24.4,4.3,2025-12-25 07:39:15.354924391,23203.61,No
CUST03149,2025-02-01,10,24,North,Premium,Monthly,1918.43,0.0,Yes,5,0,22.5,2.5,2025-12-20 18:29:27.983763638,21036.8,No
CUST03150,2024-04-03,20,27,East,Standard,Quarterly,1144.42,0.0,Yes,2,0,26.0,2.5,2025-12-19 09:28:05.971351619,23467.12,No
CUST03151,2025-01-03,11,45,Central,Basic,Annual,658.9,0.0,No,3,1,38.4,2.7,2025-12-25 23:43:01.528379743,6916.78,No
CUST03152,2023-03-14,33,44,Central,Basic,Monthly,615.3,0.0,Yes,0,1,36.9,2.9,2025-12-15 17:02:36.232066047,19828.93,No
CUST03153,2023-12-09,24,30,East,Standard,Annual,1289.63,0.0,No,3,1,32.4,4.0,2025-12-16 20:24:27.933389975,29744.81,No
CUST03154,2024-10-27,14,24,North,Standard,Monthly,1339.94,0.0,No,2,0,29.1,3.0,2025-12-30 00:00:00.000000000,17566.05,No
CUST03155,2024-04-12,20,21,South,Basic,Monthly,834.43,0.1,Yes,1,0,26.7,4.5,2025-12-18 17:08:10.006503559,16500.67,No
CUST03156,2025-03-27,9,37,West,Basic,Annual,692.95,0.0,Yes,2,1,28.9,3.6,2025-11-25 17:53:33.555025994,6359.13,Yes
CUST03157,2023-09-03,27,34,South,Standard,Monthly,1060.33,0.0,Yes,3,0,21.0,4.5,2025-12-13 10:04:41.359455763,27868.09,No
CUST03158,2023-07-12,29,41,Central,Basic,Quarterly,538.4,0.05,Yes,1,1,40.8,4.8,2025-12-25 21:31:42.135700204,15941.41,No
CUST03159,2024-07-02,17,36,East,Basic,Quarterly,781.29,0.0,No,1,0,25.9,3.6,2025-12-10 00:46:34.936752882,13541.9,No
CUST03160,2023-06-24,30,37,West,Standard,Monthly,1220.64,0.0,No,2,1,31.7,3.9,2025-12-25 17:15:27.280260571,36825.95,No
CUST03161,2024-05-05,19,19,West,Premium,Monthly,2205.5,0.05,Yes,1,1,32.1,3.0,2025-12-29 00:19:39.777233739,43422.65,No
CUST03162,2023-12-18,24,40,Central,Standard,Annual,1089.3,0.05,No,1,0,24.7,4.4,2025-12-21 00:56:42.696406084,27103.37,No
CUST03163,2024-01-16,23,18,North,Standard,Monthly,1104.26,0.0,Yes,1,0,32.4,3.3,2025-12-30 00:00:00.000000000,25940.24,No
CUST03164,2024-06-01,18,49,West,Standard,Monthly,948.38,0.0,Yes,4,1,29.9,2.9,2025-12-30 00:00:00.000000000,16985.93,No
CUST03165,2023-02-17,34,20,South,Standard,Annual,1285.7,0.0,Yes,5,4,23.5,3.3,2025-12-18 18:47:04.210603648,44920.0,No
CUST03166,2025-06-15,6,30,North,Basic,Quarterly,675.53,0.0,Yes,3,3,25.4,3.8,2025-12-13 07:18:41.820800121,3674.32,No
CUST03167,2023-08-04,28,23,Central,Standard,Quarterly,1138.66,0.1,No,2,1,14.7,3.8,2025-12-24 17:45:24.818689438,31559.6,No
CUST03168,2024-07-23,17,46,North,Standard,Monthly,1279.68,0.05,Yes,1,1,24.0,3.8,2025-12-30 00:00:00.000000000,20936.05,No
CUST03169,2024-03-17,21,33,South,Standard,Monthly,1172.11,0.1,Yes,3,1,34.7,3.2,2025-12-08 21:57:51.083863045,24052.88,No
CUST03170,2024-03-19,21,40,East,Premium,Monthly,2253.99,0.0,No,4,0,38.6,3.8,2025-12-30 00:00:00.000000000,47395.12,No
CUST03171,2023-02-10,34,40,North,Basic,Monthly,761.0,0.0,No,2,0,39.5,2.7,2025-12-16 11:36:00.883198864,25410.26,No
CUST03172,2024-10-11,14,23,North,Basic,Quarterly,710.3,0.0,Yes,1,1,33.6,5.0,2025-12-15 06:25:37.532095649,10024.26,No
CUST03173,2023-01-04,35,26,Central,Basic,Annual,846.77,0.0,No,1,1,17.0,4.1,2025-12-16 06:23:57.733409136,30423.47,No
CUST03174,2024-07-24,17,22,West,Basic,Quarterly,867.47,0.0,No,2,0,39.6,3.5,2025-12-20 20:41:47.940657490,14963.6,No
CUST03175,2024-01-03,23,25,East,Premium,Quarterly,1994.32,0.0,No,2,1,50.0,2.9,2025-12-05 16:28:02.393026545,45901.09,No
CUST03176,2024-07-04,17,41,East,Basic,Monthly,751.34,0.0,No,3,0,9.7,4.6,2025-12-05 23:01:06.535133752,12540.0,Yes
CUST03177,2024-04-29,20,38,Central,Standard,Annual,1263.86,0.1,No,2,0,12.5,4.7,2025-12-22 04:58:30.211989946,25158.85,No
CUST03178,2025-02-14,10,40,South,Standard,Quarterly,1083.77,0.0,No,1,1,39.4,2.0,2025-12-22 21:06:10.250159095,10325.54,No
CUST03179,2024-01-24,23,25,Central,Standard,Monthly,1137.67,0.15,No,3,0,8.0,3.3,2025-12-22 17:57:56.402792998,25573.41,No
CUST03180,2023-11-06,25,24,North,Basic,Monthly,957.96,0.0,No,3,2,15.3,3.8,2025-12-18 09:12:25.846880101,24264.87,No
CUST03181,2025-02-04,10,45,North,Standard,Monthly,1239.49,0.0,No,1,1,17.7,3.0,2025-12-29 17:28:23.697480280,13235.72,No
CUST03182,2023-06-19,30,37,North,Premium,Quarterly,1966.11,0.1,Yes,4,0,22.2,2.9,2025-12-05 00:33:57.118165359,59094.96,No
CUST03183,2025-04-15,8,36,North,Standard,Monthly,1218.99,0.0,Yes,2,0,22.2,4.4,2025-12-08 13:41:46.007791060,9828.88,No
CUST03184,2023-02-20,34,32,West,Basic,Quarterly,681.67,0.0,Yes,1,1,24.0,3.8,2025-12-22 05:19:36.663028646,22605.6,No
CUST03185,2023-05-31,31,39,Central,Basic,Monthly,807.81,0.0,Yes,0,0,38.5,3.8,2025-12-19 02:10:01.016575585,24659.19,No
CUST03186,2025-06-05,6,45,Central,Basic,Monthly,702.23,0.05,Yes,4,0,31.2,1.7,2025-12-03 14:13:27.256946610,4655.83,Yes
CUST03187,2024-01-17,23,30,West,Basic,Monthly,563.44,0.1,No,1,3,35.4,3.9,2025-12-24 12:18:53.114086040,12826.14,No
CUST03188,2024-06-30,18,28,Central,Standard,Quarterly,1405.77,0.0,Yes,2,1,24.7,3.9,2025-12-17 09:36:33.913151790,24166.73,No
CUST03189,2023-01-07,35,19,Central,Standard,Annual,1291.02,0.0,No,2,0,19.2,2.2,2025-12-16 18:23:57.068667727,45048.5,No
CUST03190,2024-10-03,14,31,South,Basic,Monthly,540.58,0.05,Yes,3,0,17.8,2.7,2025-11-26 17:37:15.154249170,7237.7,Yes
CUST03191,2025-06-03,6,23,North,Basic,Annual,766.97,0.05,No,1,0,32.9,2.9,2025-12-29 04:58:10.336340609,3836.12,No
CUST03192,2024-02-11,22,18,North,Basic,Quarterly,746.21,0.0,Yes,4,0,9.5,2.3,2025-11-22 14:56:48.444368430,16704.93,Yes
CUST03193,2023-03-17,33,36,Central,Standard,Monthly,1228.53,0.0,Yes,4,2,16.8,3.1,2025-12-12 15:00:18.590187701,40803.8,No
CUST03194,2024-02-13,22,36,East,Basic,Quarterly,692.73,0.0,Yes,3,0,24.1,3.7,2025-12-20 23:33:58.524645192,15269.86,No
CUST03195,2023-05-30,31,34,Central,Premium,Monthly,1985.54,0.0,No,3,0,4.9,4.0,2025-12-26 13:09:46.385690475,62571.13,No
CUST03196,2025-01-03,11,18,East,Basic,Annual,742.44,0.05,No,2,1,32.4,3.6,2025-12-23 07:05:24.874978238,8436.33,No
CUST03197,2024-09-18,15,25,West,Standard,Monthly,1333.22,0.05,Yes,3,0,32.8,4.3,2025-11-28 23:03:06.779942986,19925.37,Yes
CUST03198,2023-10-07,26,29,Central,Standard,Annual,995.57,0.0,No,3,0,31.4,4.1,2025-12-06 08:08:50.111954952,25606.07,No
CUST03199,2024-04-02,20,53,East,Basic,Monthly,739.37,0.0,Yes,5,1,13.0,2.7,2025-12-22 23:22:52.017474784,14595.9,No
CUST03200,2024-05-09,19,39,West,Basic,Monthly,715.99,0.0,Yes,0,0,32.9,3.5,2025-12-07 05:15:18.870606729,14252.67,Yes
CUST03201,2024-09-25,15,43,West,Basic,Annual,781.63,0.0,Yes,2,1,34.2,2.5,2025-12-18 18:30:21.492076937,12002.69,No
CUST03202,2023-07-13,29,33,South,Standard,Monthly,1343.34,0.0,Yes,2,2,26.0,3.4,2025-12-21 15:53:48.932037675,39274.47,No
CUST03203,2025-06-22,6,23,Central,Standard,Monthly,1182.18,0.0,No,1,0,35.8,4.4,2025-11-30 06:29:27.377770169,6560.91,Yes
CUST03204,2023-02-02,34,54,Central,Basic,Monthly,574.94,0.0,Yes,3,1,28.1,3.7,2025-12-12 23:39:10.839910237,19869.02,No
CUST03205,2023-05-11,31,37,South,Standard,Monthly,1084.32,0.05,No,1,2,23.8,3.4,2025-12-17 13:42:22.498031100,33792.87,No
CUST03206,2023-01-15,35,37,Central,Premium,Quarterly,1921.26,0.0,Yes,5,0,24.8,3.8,2025-11-29 11:54:11.779541188,66883.04,No
CUST03207,2025-05-24,7,42,North,Basic,Monthly,697.22,0.0,Yes,0,0,12.0,2.9,2025-12-21 18:00:02.034372292,4707.04,No
CUST03208,2024-01-28,23,32,East,Standard,Monthly,1092.62,0.0,Yes,1,0,40.6,2.5,2025-12-10 12:41:49.523896142,25319.65,No
CUST03209,2023-11-09,25,37,West,Standard,Monthly,1276.33,0.05,No,5,0,27.3,1.8,2025-12-17 22:48:31.569876240,32289.73,No
CUST03210,2024-10-11,14,21,East,Basic,Annual,710.11,0.0,Yes,0,1,38.3,3.2,2025-12-05 00:52:14.620208011,9257.49,Yes
CUST03211,2024-12-24,12,36,Central,Standard,Annual,1346.08,0.0,No,3,1,28.9,4.5,2025-12-21 08:15:21.053885110,16037.76,No
CUST03212,2023-07-12,29,21,West,Standard,Monthly,1213.45,0.1,Yes,1,1,27.3,3.3,2025-12-22 00:19:52.110133649,35912.77,No
CUST03213,2025-05-01,8,18,Central,Standard,Quarterly,1057.79,0.15,Yes,1,1,12.0,4.8,2025-12-10 08:15:13.542582508,7851.66,No
CUST03214,2023-05-24,31,38,Central,Basic,Monthly,624.49,0.0,No,1,0,26.7,1.2,2025-12-18 19:42:37.139684464,18849.72,No
CUST03215,2023-03-16,33,23,East,Basic,Monthly,787.66,0.0,No,4,3,26.1,3.6,2025-12-21 10:15:56.894350464,26560.11,No
CUST03216,2024-01-30,23,28,South,Premium,Annual,2216.63,0.0,Yes,0,1,48.9,3.1,2025-12-21 12:29:08.653568214,52023.65,No
CUST03217,2024-03-28,21,33,South,Basic,Quarterly,692.68,0.0,No,2,1,2.0,3.0,2025-12-26 03:43:20.183500693,15061.97,No
CUST03218,2023-04-13,32,32,South,Standard,Monthly,1061.18,0.0,Yes,3,0,11.9,2.1,2025-12-30 00:00:00.000000000,33172.6,No
CUST03219,2024-12-11,12,47,East,Standard,Annual,1123.99,0.0,Yes,8,0,34.9,3.5,2025-12-10 21:24:12.498155577,12924.16,No
CUST03220,2025-02-15,10,33,West,Premium,Quarterly,1808.33,0.1,Yes,4,0,36.7,3.6,2025-12-23 07:21:57.062135699,17671.0,No
CUST03221,2025-02-14,10,39,Central,Premium,Annual,1800.95,0.0,Yes,1,1,34.2,4.5,2025-12-29 10:33:28.507199009,16373.83,No
CUST03222,2025-06-29,6,41,East,Basic,Quarterly,860.25,0.1,Yes,0,0,32.2,3.4,2025-12-24 16:40:13.555343525,4968.24,No
CUST03223,2023-08-06,28,18,North,Standard,Quarterly,1187.91,0.0,No,4,0,14.2,4.7,2025-12-11 10:50:37.544030446,33462.0,No
CUST03224,2025-05-14,7,19,West,Basic,Monthly,726.53,0.0,Yes,6,1,21.6,3.6,2025-11-23 12:54:04.290234475,5682.68,Yes
CUST03225,2023-10-20,26,37,East,Basic,Monthly,647.64,0.05,Yes,1,0,36.2,3.3,2025-12-16 08:57:34.873757111,16759.11,No
CUST03226,2024-05-31,19,28,West,Standard,Monthly,1197.52,0.0,Yes,1,0,49.3,4.3,2025-11-29 04:35:32.201231813,22090.26,Yes
CUST03227,2023-03-18,33,22,South,Basic,Quarterly,705.22,0.15,No,0,1,28.5,4.2,2025-12-24 22:14:29.133235657,23596.28,No
CUST03228,2023-03-03,33,41,East,Premium,Monthly,1653.78,0.0,Yes,4,0,22.8,3.9,2025-12-30 00:00:00.000000000,55044.52,No
CUST03229,2023-05-28,31,37,Central,Basic,Annual,667.47,0.0,Yes,1,1,26.7,4.3,2025-12-30 00:00:00.000000000,20476.17,No
CUST03230,2023-12-08,24,29,North,Standard,Monthly,1383.63,0.0,No,1,0,19.6,2.7,2025-12-30 00:00:00.000000000,32383.18,No
CUST03231,2023-02-14,34,39,North,Basic,Annual,628.0,0.0,Yes,0,0,30.6,2.6,2025-12-19 22:42:29.620125228,21277.53,No
CUST03232,2023-08-29,28,18,North,Standard,Annual,1243.93,0.05,Yes,3,2,24.1,2.6,2025-12-12 12:18:17.593486218,33781.98,Yes
CUST03233,2023-12-22,24,33,Central,Premium,Quarterly,2281.61,0.05,Yes,2,0,36.9,4.5,2025-12-19 04:41:31.581534408,53774.85,No
CUST03234,2023-08-02,28,43,East,Basic,Monthly,450.16,0.0,Yes,2,0,12.0,2.5,2025-12-22 14:30:08.535776703,12711.77,No
CUST03235,2024-07-17,17,40,North,Premium,Monthly,1694.18,0.05,Yes,4,0,19.8,5.0,2025-12-30 00:00:00.000000000,27591.76,No
CUST03236,2023-05-29,31,34,West,Standard,Monthly,1240.98,0.1,Yes,1,1,37.5,4.0,2025-12-21 14:05:39.483888605,37252.74,No
CUST03237,2024-05-04,19,45,Central,Premium,Monthly,2150.39,0.0,Yes,2,2,40.3,3.4,2025-12-20 09:51:03.665654278,39903.94,No
CUST03238,2024-03-29,21,40,Central,Standard,Quarterly,1228.88,0.1,Yes,3,1,26.6,4.7,2025-12-17 23:42:17.847628699,26422.94,Yes
CUST03239,2025-01-19,11,30,North,Standard,Monthly,1136.38,0.05,Yes,0,0,3.2,3.2,2025-12-21 23:41:59.680401242,11677.51,No
CUST03240,2024-04-26,20,36,East,Premium,Annual,1940.17,0.0,Yes,1,0,19.9,4.6,2025-12-16 16:27:47.421153902,37655.27,No
CUST03241,2023-02-14,34,41,East,Basic,Quarterly,660.52,0.0,Yes,3,0,19.2,2.0,2025-12-17 22:29:40.753107569,23083.04,Yes
CUST03242,2023-03-03,33,38,East,Standard,Monthly,1193.43,0.0,No,4,0,21.5,2.2,2025-12-27 03:05:56.333403477,38942.24,No
CUST03243,2024-01-25,23,28,Central,Basic,Monthly,763.18,0.0,Yes,2,0,20.3,3.7,2025-12-20 23:46:02.485823880,17398.5,No
CUST03244,2024-10-07,14,18,North,Basic,Annual,662.09,0.0,Yes,3,0,31.2,4.8,2025-12-11 11:42:08.424123656,9530.82,No
CUST03245,2024-03-07,21,54,South,Standard,Annual,1038.03,0.05,No,1,0,30.5,3.7,2025-12-03 02:23:44.047693767,22213.12,Yes
CUST03246,2023-12-17,24,30,Central,Standard,Monthly,1266.9,0.05,Yes,2,1,26.9,3.8,2025-12-11 22:36:05.028850590,29903.96,No
CUST03247,2023-05-09,31,18,South,Basic,Monthly,715.16,0.0,No,5,2,19.9,1.7,2025-12-14 23:50:47.377317826,22030.04,No
CUST03248,2025-06-25,6,23,West,Standard,Annual,1334.43,0.0,Yes,1,1,46.8,4.7,2025-12-10 00:26:06.691133714,8224.84,Yes
CUST03249,2023-08-03,28,36,West,Standard,Quarterly,1141.3,0.05,Yes,0,1,40.2,3.1,2025-12-30 00:00:00.000000000,32101.69,No
CUST03250,2024-10-06,14,18,West,Standard,Monthly,1133.03,0.0,Yes,1,0,11.4,4.7,2025-12-25 05:47:27.418887338,14880.95,No
CUST03251,2023-10-14,26,38,North,Standard,Monthly,1117.98,0.0,No,3,2,16.3,3.2,2025-12-19 03:34:05.486579971,28533.47,No
CUST03252,2023-09-04,27,32,South,Standard,Quarterly,977.02,0.0,Yes,1,1,23.6,3.9,2025-12-30 00:00:00.000000000,26100.01,No
CUST03253,2023-08-14,28,47,North,Standard,Quarterly,1191.31,0.1,Yes,1,1,18.0,2.5,2025-12-22 08:59:09.728865076,33078.41,No
CUST03254,2023-10-30,26,25,East,Standard,Annual,1157.0,0.0,No,4,0,32.9,3.7,2025-12-18 02:01:15.031277061,30982.33,No
CUST03255,2023-02-28,34,34,West,Basic,Monthly,683.84,0.0,Yes,2,0,16.3,3.3,2025-12-24 00:08:36.292768489,23586.85,No
CUST03256,2023-05-16,31,48,Central,Standard,Quarterly,1234.68,0.0,Yes,1,1,39.9,4.2,2025-12-23 03:06:56.278201191,38192.72,No
CUST03257,2024-12-30,12,41,West,Standard,Quarterly,1044.69,0.05,No,0,0,22.6,3.7,2025-12-29 21:12:02.765997173,12799.87,No
CUST03258,2023-02-19,34,29,South,Premium,Quarterly,1692.83,0.05,No,1,1,21.7,4.7,2025-12-08 01:21:59.266983278,57171.89,No
CUST03259,2023-10-16,26,32,South,Standard,Annual,1158.7,0.0,Yes,3,1,18.6,2.9,2025-12-30 00:00:00.000000000,30572.34,No
CUST03260,2024-08-20,16,35,North,Basic,Annual,703.29,0.0,Yes,3,0,14.8,2.5,2025-12-09 15:33:33.163557221,11812.29,No
CUST03261,2025-06-06,6,18,South,Standard,Quarterly,1254.87,0.15,No,1,1,33.6,4.4,2025-12-07 06:33:31.650959584,6593.12,No
CUST03262,2024-06-13,18,38,East,Standard,Monthly,1126.1,0.0,No,1,1,32.7,4.4,2025-12-23 21:37:27.073971296,19208.82,No
CUST03263,2024-06-28,18,38,South,Basic,Monthly,758.19,0.0,Yes,2,1,8.6,4.7,2025-12-21 01:33:01.388025994,13876.68,No
CUST03264,2024-01-18,23,26,Central,Premium,Annual,2165.48,0.05,No,1,2,10.7,4.5,2025-12-23 20:11:25.476183045,49663.77,No
CUST03265,2025-04-14,8,27,Central,Basic,Quarterly,604.4,0.05,No,1,1,25.1,2.3,2025-11-27 01:08:16.974236058,4881.07,Yes
CUST03266,2025-04-02,8,35,Central,Basic,Monthly,727.63,0.0,Yes,4,0,21.6,3.6,2025-11-30 00:34:52.501444807,6545.36,Yes
CUST03267,2023-01-12,35,45,West,Standard,Monthly,1266.73,0.0,Yes,3,0,8.4,3.9,2025-12-17 00:51:18.151500958,43327.22,No
CUST03268,2023-12-21,24,27,West,Basic,Annual,667.23,0.0,Yes,3,0,38.5,4.3,2025-11-20 00:10:33.878502803,15783.99,Yes
CUST03269,2023-07-27,29,30,Central,Basic,Monthly,686.11,0.15,Yes,1,1,35.2,3.3,2025-11-28 02:29:13.157713309,19475.31,Yes
CUST03270,2023-02-19,34,28,West,Basic,Annual,715.8,0.0,Yes,2,0,25.3,2.6,2025-12-13 22:43:36.524553275,24124.97,No
CUST03271,2025-01-28,11,33,Central,Standard,Monthly,1212.57,0.0,Yes,1,1,8.7,3.5,2025-12-12 09:34:35.566276754,12934.17,No
CUST03272,2025-05-13,7,39,Central,Premium,Quarterly,1877.01,0.15,No,0,1,28.4,3.7,2025-12-13 09:38:08.418425473,11343.65,No
CUST03273,2024-12-26,12,23,West,Premium,Annual,2116.91,0.05,No,2,0,18.4,4.1,2025-12-26 01:59:03.298493614,25692.74,No
CUST03274,2025-02-24,10,18,North,Standard,Monthly,1212.78,0.0,Yes,6,1,29.5,3.3,2025-12-22 12:32:38.601923413,11386.07,No
CUST03275,2023-04-30,32,31,Central,Standard,Monthly,1340.28,0.15,Yes,1,0,24.1,2.8,2025-12-16 13:48:56.291310651,42397.15,No
CUST03276,2025-02-04,10,47,North,Standard,Quarterly,1237.67,0.05,No,2,2,26.5,4.0,2025-12-14 21:49:27.668895367,11505.5,No
CUST03277,2023-09-30,27,25,East,Standard,Monthly,1171.44,0.0,Yes,5,0,11.7,3.8,2025-12-09 20:44:44.047302804,31272.07,No
CUST03278,2025-05-29,7,41,West,Standard,Monthly,1171.01,0.05,Yes,1,0,34.5,1.9,2025-12-04 11:24:28.083632248,9266.52,Yes
CUST03279,2023-10-21,26,35,South,Basic,Monthly,621.84,0.05,Yes,2,1,31.1,3.3,2025-12-18 16:51:47.301352045,16476.94,No
CUST03280,2023-01-21,35,23,West,Premium,Quarterly,1912.69,0.0,Yes,1,0,28.9,3.5,2025-12-18 20:59:40.881947983,66137.44,No
CUST03281,2024-03-23,21,36,South,Standard,Monthly,1040.72,0.1,Yes,1,0,29.6,4.2,2025-12-15 03:48:11.143093102,22012.6,No
CUST03282,2025-04-22,8,26,East,Basic,Monthly,713.0,0.05,Yes,5,2,37.4,2.1,2025-12-06 02:16:55.818432198,5700.04,Yes
CUST03283,2023-02-18,34,29,East,Basic,Annual,889.63,0.0,Yes,1,0,23.2,2.8,2025-12-06 11:25:50.378238961,31002.16,No
CUST03284,2024-12-15,12,30,Central,Basic,Quarterly,774.68,0.0,No,4,0,22.5,4.5,2025-12-26 22:58:22.289380611,9825.87,No
CUST03285,2023-01-02,35,22,West,Standard,Monthly,1393.59,0.0,Yes,3,0,6.5,5.0,2025-12-18 08:00:54.962992875,47540.41,No
CUST03286,2023-08-27,28,32,South,Basic,Monthly,741.38,0.0,Yes,2,1,36.0,2.7,2025-12-30 00:00:00.000000000,20837.84,No
CUST03287,2025-03-28,9,49,North,Premium,Quarterly,1818.34,0.0,Yes,5,3,22.0,3.2,2025-12-10 05:06:34.992140314,16650.47,Yes
CUST03288,2024-12-24,12,37,Central,Standard,Quarterly,1267.9,0.0,Yes,3,1,34.2,2.8,2025-12-25 23:58:53.190014221,15909.75,No
CUST03289,2024-04-17,20,47,South,Basic,Monthly,695.08,0.0,Yes,3,1,17.6,3.7,2025-12-12 01:51:48.274673930,13606.21,No
CUST03290,2024-08-21,16,23,East,Standard,Quarterly,1191.7,0.0,Yes,4,0,28.3,4.0,2025-12-13 12:12:49.573700471,18044.93,No
CUST03291,2024-04-16,20,60,North,Basic,Monthly,478.4,0.0,Yes,4,1,32.3,4.3,2025-12-15 15:27:03.272520762,9457.64,No
CUST03292,2025-01-19,11,39,North,Standard,Annual,1173.84,0.0,No,2,0,22.5,2.4,2025-12-16 08:37:42.950797528,12403.81,No
CUST03293,2023-11-05,25,37,East,Basic,Monthly,610.6,0.15,Yes,2,0,20.1,4.0,2025-12-08 09:13:14.979428835,15601.37,No
CUST03294,2024-06-01,18,27,Central,Basic,Monthly,671.08,0.05,No,3,1,8.2,3.3,2025-11-27 00:51:11.370892462,12595.67,Yes
CUST03295,2024-07-04,17,24,East,Premium,Monthly,1998.39,0.0,Yes,1,0,22.3,3.1,2025-12-19 23:29:15.794593582,32156.06,No
CUST03296,2024-10-17,14,34,South,Basic,Monthly,796.67,0.0,No,4,1,49.2,3.0,2025-12-08 06:36:52.527049474,11503.32,No
CUST03297,2024-01-15,23,48,East,Standard,Annual,1333.04,0.0,Yes,6,2,47.9,4.4,2025-12-30 00:00:00.000000000,29507.36,No
CUST03298,2025-01-05,11,36,East,Standard,Monthly,1169.27,0.1,Yes,1,1,34.4,1.7,2025-12-14 14:30:24.834777910,12599.64,No
CUST03299,2023-12-06,24,58,Central,Premium,Monthly,1630.58,0.0,No,4,3,26.6,3.7,2025-12-09 01:11:38.684925566,39366.46,No
CUST03300,2025-02-10,10,30,South,Standard,Annual,1192.83,0.0,Yes,2,1,44.7,3.9,2025-12-23 01:57:55.009930231,10915.49,No
CUST03301,2023-05-21,31,19,West,Standard,Quarterly,937.06,0.05,No,2,1,40.1,1.8,2025-12-08 05:52:00.507431214,29348.65,Yes
CUST03302,2023-04-22,32,29,South,Premium,Annual,1689.02,0.05,Yes,2,1,35.1,3.7,2025-12-14 23:06:59.889863489,52979.7,No
CUST03303,2024-12-17,12,47,East,Basic,Monthly,752.06,0.0,No,4,1,34.1,2.6,2025-12-21 07:37:40.336964556,9075.3,No
CUST03304,2023-05-13,31,46,West,Premium,Annual,1898.38,0.05,Yes,1,0,33.6,3.7,2025-12-30 00:00:00.000000000,60392.21,No
CUST03305,2023-12-30,24,22,North,Basic,Annual,759.61,0.1,Yes,4,1,35.9,2.5,2025-12-11 15:27:22.677761117,17823.44,No
CUST03306,2025-03-22,9,25,Central,Standard,Monthly,1265.44,0.0,No,2,2,27.4,3.0,2025-12-03 10:15:20.907305511,12502.48,No
CUST03307,2023-08-01,29,45,East,Standard,Annual,1232.93,0.0,Yes,2,1,38.4,3.8,2025-12-19 18:19:37.989368665,35789.84,No
CUST03308,2023-01-18,35,18,West,Basic,Monthly,606.99,0.0,No,2,0,22.1,3.0,2025-12-02 14:23:35.163425648,21579.51,No
CUST03309,2024-09-26,15,40,North,Standard,Monthly,1269.76,0.1,No,4,0,33.0,2.9,2025-12-18 15:32:16.948573901,18577.84,No
CUST03310,2025-04-19,8,24,North,Standard,Monthly,1291.71,0.05,Yes,5,2,24.5,3.2,2025-12-14 01:18:14.900426162,10343.51,Yes
CUST03311,2023-12-04,24,30,East,Standard,Monthly,1221.82,0.0,Yes,2,1,19.2,3.1,2025-12-23 19:32:18.942345868,28137.4,No
CUST03312,2023-02-13,34,28,South,Basic,Monthly,666.4,0.0,No,3,0,19.1,4.1,2025-12-12 18:45:13.009273022,22728.21,No
CUST03313,2025-01-22,11,42,North,Basic,Quarterly,821.36,0.0,Yes,4,0,36.1,4.1,2025-12-17 06:15:46.061850972,9153.76,No
CUST03314,2023-07-30,29,47,West,Basic,Quarterly,703.01,0.0,Yes,3,0,41.7,2.7,2025-12-15 21:35:09.195352567,20283.51,No
CUST03315,2024-07-08,17,28,Central,Standard,Annual,1358.06,0.0,Yes,3,1,38.2,3.1,2025-12-22 15:39:43.607782838,23821.92,No
CUST03316,2024-07-08,17,45,East,Basic,Quarterly,636.33,0.05,Yes,3,1,14.3,3.5,2025-12-15 20:13:00.306955578,10713.49,No
CUST03317,2025-02-19,10,39,South,Standard,Monthly,1380.29,0.0,No,1,1,16.3,3.9,2025-12-14 16:46:42.496351574,14291.03,No
CUST03318,2025-03-30,9,24,North,Standard,Monthly,1191.89,0.05,Yes,1,0,26.3,2.7,2025-12-12 19:45:14.516329899,11909.86,No
CUST03319,2023-11-21,25,26,West,Standard,Quarterly,1084.67,0.0,Yes,2,2,36.8,3.1,2025-12-03 19:01:36.413055662,27981.22,No
CUST03320,2024-12-22,12,37,Central,Basic,Monthly,715.57,0.05,Yes,2,0,32.6,1.9,2025-12-24 14:56:07.514836187,8603.89,No
CUST03321,2023-06-27,30,30,Central,Standard,Monthly,1274.9,0.0,Yes,3,0,24.4,3.6,2025-12-29 10:45:20.148258396,39383.14,No
CUST03322,2025-02-08,10,29,Central,Basic,Quarterly,748.37,0.0,Yes,0,0,21.0,4.3,2025-12-20 08:19:23.692421594,6817.28,No
CUST03323,2023-03-05,33,42,South,Basic,Annual,762.49,0.0,No,2,3,40.1,3.7,2025-12-30 00:00:00.000000000,24814.3,No
CUST03324,2024-01-27,23,37,West,Standard,Quarterly,1442.23,0.0,Yes,3,3,13.5,4.0,2025-12-27 10:41:21.571004412,33690.69,No
CUST03325,2023-11-06,25,21,North,Basic,Quarterly,754.93,0.0,Yes,1,1,14.1,3.5,2025-12-17 22:37:49.033748468,19612.98,No
CUST03326,2025-04-09,8,45,Central,Basic,Annual,622.84,0.0,No,2,0,23.2,3.7,2025-12-12 08:16:41.875186011,4857.76,No
CUST03327,2023-06-04,30,40,South,Premium,Quarterly,1781.45,0.0,Yes,1,2,29.4,3.4,2025-12-17 17:06:07.639700596,55158.34,No
CUST03328,2024-02-23,22,38,Central,Standard,Monthly,1229.99,0.0,Yes,4,2,18.1,2.9,2025-12-17 00:59:55.963372857,26399.77,No
CUST03329,2024-07-30,17,40,Central,Basic,Monthly,766.13,0.1,Yes,3,1,28.3,3.5,2025-12-26 07:38:31.863243011,12428.11,No
CUST03330,2023-02-21,34,19,North,Basic,Monthly,717.56,0.0,Yes,2,2,33.6,4.1,2025-12-18 02:05:08.002169595,24452.63,No
CUST03331,2025-03-21,9,35,South,Standard,Monthly,1148.54,0.1,Yes,5,0,20.7,4.5,2025-12-21 18:00:16.547663716,11422.02,No
CUST03332,2024-12-23,12,25,South,Standard,Annual,1339.99,0.0,No,2,2,32.3,3.8,2025-12-23 13:15:28.877145095,17093.59,No
CUST03333,2023-02-19,34,30,South,Basic,Quarterly,588.87,0.1,Yes,3,1,5.1,3.0,2025-12-27 14:48:15.198414051,20523.16,No
CUST03334,2024-08-25,16,51,South,Standard,Monthly,1157.54,0.0,Yes,5,0,11.3,2.2,2025-12-18 03:29:16.070877301,17731.26,No
CUST03335,2023-08-07,28,29,North,Standard,Annual,1263.45,0.0,Yes,0,1,17.6,3.3,2025-12-30 00:00:00.000000000,35660.82,No
CUST03336,2024-05-03,19,49,East,Basic,Monthly,723.97,0.0,Yes,3,0,44.6,3.1,2025-12-14 20:39:55.818930923,13257.99,No
CUST03337,2025-06-04,6,31,South,Premium,Quarterly,1943.66,0.0,Yes,5,1,13.8,3.9,2025-12-21 22:45:37.754904068,10740.35,No
CUST03338,2024-12-05,12,33,West,Standard,Monthly,1076.58,0.0,No,3,1,14.8,2.1,2025-12-24 02:19:17.288918478,13764.67,No
CUST03339,2023-11-08,25,42,South,Premium,Annual,2170.97,0.15,Yes,1,3,31.1,4.1,2025-12-13 09:06:22.396985545,52436.08,No
CUST03340,2024-12-05,12,39,North,Premium,Monthly,1858.79,0.05,No,3,0,22.1,3.9,2025-12-30 00:00:00.000000000,23723.3,No
CUST03341,2024-04-15,20,18,Central,Basic,Annual,677.28,0.05,No,3,0,16.5,2.4,2025-12-23 00:55:51.672254863,13081.9,No
CUST03342,2023-06-03,30,38,West,Standard,Annual,1117.92,0.0,Yes,1,1,13.0,5.0,2025-12-28 20:31:59.648196312,33581.55,No
CUST03343,2024-11-21,13,27,West,Standard,Annual,1155.41,0.0,No,1,0,45.5,2.9,2025-12-30 00:00:00.000000000,14474.25,No
CUST03344,2025-02-18,10,30,North,Premium,Quarterly,1894.08,0.05,No,2,0,31.8,3.2,2025-12-24 13:47:03.272642650,18398.65,No
CUST03345,2023-06-29,30,37,West,Standard,Annual,1045.19,0.0,Yes,1,1,8.5,4.2,2025-12-22 13:57:10.953472614,31345.38,No
CUST03346,2025-04-12,8,28,East,Basic,Monthly,771.35,0.0,Yes,3,0,23.6,3.6,2025-12-19 07:49:18.570008900,6251.66,No
CUST03347,2025-05-24,7,18,Central,Standard,Monthly,1068.17,0.0,Yes,3,0,33.9,2.2,2025-12-15 11:45:24.298897024,8399.12,No
CUST03348,2023-12-02,24,33,South,Premium,Monthly,1864.72,0.0,Yes,3,0,36.1,3.9,2025-12-03 17:16:35.591259579,44598.0,No
CUST03349,2023-06-10,30,32,Central,Basic,Monthly,842.18,0.05,Yes,3,1,23.5,1.7,2025-12-26 07:41:56.968894522,25574.82,No
CUST03350,2025-05-20,7,27,Central,Premium,Quarterly,1877.65,0.0,No,3,0,29.6,1.8,2025-12-17 18:21:01.084380979,14752.67,No
CUST03351,2023-01-22,35,22,South,Standard,Monthly,1466.4,0.0,Yes,4,0,26.6,4.8,2025-12-14 08:20:19.124086771,52345.95,No
CUST03352,2024-02-15,22,32,North,Standard,Quarterly,1142.27,0.1,No,4,1,33.6,4.4,2025-12-18 01:38:51.590535444,24527.6,No
CUST03353,2025-06-05,6,34,West,Basic,Monthly,675.68,0.0,Yes,1,0,21.8,3.2,2025-12-06 01:32:04.073849719,4288.51,Yes
CUST03354,2023-08-03,28,30,Central,Standard,Annual,858.85,0.15,Yes,2,1,15.7,3.4,2025-12-25 03:40:58.652494099,23527.57,No
CUST03355,2023-09-30,27,44,Central,Basic,Quarterly,774.54,0.05,Yes,0,0,31.8,3.7,2025-12-11 22:58:19.798073616,20967.5,No
CUST03356,2023-04-27,32,32,Central,Standard,Quarterly,1379.39,0.1,Yes,0,1,18.0,3.4,2025-12-09 04:58:01.067851638,43602.95,No
CUST03357,2023-06-09,30,35,Central,Standard,Quarterly,1263.91,0.0,Yes,1,0,33.0,5.0,2025-12-20 04:59:13.049213816,36930.68,No
CUST03358,2023-05-19,31,19,Central,Standard,Monthly,1254.75,0.0,No,2,3,17.1,1.4,2025-12-17 10:35:16.316602769,39074.56,No
CUST03359,2023-09-05,27,31,South,Standard,Annual,1224.76,0.05,No,2,2,19.1,2.7,2025-12-13 20:13:42.469777051,33485.3,No
CUST03360,2025-04-16,8,56,West,Basic,Monthly,808.31,0.05,Yes,4,1,25.8,1.5,2025-12-23 12:54:29.507894655,6648.34,No
CUST03361,2025-04-26,8,18,Central,Basic,Annual,558.6,0.0,Yes,4,3,8.7,3.4,2025-12-20 12:29:06.458134131,4300.04,No
CUST03362,2023-12-22,24,42,East,Basic,Monthly,822.79,0.1,No,3,2,29.2,5.0,2025-12-06 11:54:49.544298075,20306.45,No
CUST03363,2025-04-30,8,36,North,Basic,Annual,637.68,0.1,Yes,3,0,34.1,3.6,2025-12-30 00:00:00.000000000,5553.1,No
CUST03364,2025-04-01,9,32,South,Premium,Monthly,1983.16,0.05,No,4,1,39.2,2.9,2025-11-27 14:23:20.105635445,18854.75,Yes
CUST03365,2024-01-25,23,32,North,Standard,Quarterly,1314.82,0.0,Yes,1,0,32.4,4.0,2025-12-30 00:00:00.000000000,30462.04,No
CUST03366,2024-09-08,15,35,North,Premium,Annual,2086.28,0.05,Yes,5,1,28.0,4.8,2025-12-16 03:43:27.867333424,33121.75,No
CUST03367,2023-11-13,25,18,East,Basic,Annual,583.69,0.05,Yes,7,0,40.4,3.3,2025-12-29 17:07:40.418365968,14801.51,No
CUST03368,2023-10-19,26,49,East,Standard,Monthly,1259.82,0.0,No,1,0,25.3,4.9,2025-12-10 19:20:22.473194761,31707.38,No
CUST03369,2023-11-24,25,37,East,Basic,Monthly,615.24,0.0,Yes,1,1,27.6,2.0,2025-11-24 14:53:27.346443974,15662.89,Yes
CUST03370,2024-06-28,18,47,East,Basic,Quarterly,748.38,0.0,Yes,3,1,18.5,3.9,2025-12-25 02:11:00.542910132,13769.41,No
CUST03371,2023-07-09,29,39,North,Standard,Monthly,1028.12,0.0,Yes,2,1,7.2,4.9,2025-12-01 07:12:39.447941251,30057.77,Yes
CUST03372,2024-01-10,23,41,Central,Standard,Monthly,1313.35,0.0,No,2,1,15.3,4.2,2025-12-08 10:31:24.902017001,29103.21,Yes
CUST03373,2023-07-02,29,41,South,Premium,Monthly,2242.31,0.0,No,2,2,8.9,4.3,2025-12-15 13:16:08.184429538,66075.91,No
CUST03374,2024-08-14,16,36,North,Basic,Monthly,680.85,0.0,No,2,0,26.8,3.1,2025-11-25 17:20:00.917937082,10272.42,Yes
CUST03375,2024-04-08,20,50,Central,Standard,Monthly,1105.32,0.0,No,3,1,16.2,3.8,2025-12-30 00:00:00.000000000,21736.31,No
CUST03376,2023-07-11,29,37,South,Basic,Annual,880.22,0.1,No,2,0,6.5,3.5,2025-12-06 06:11:44.260463605,25315.28,No
CUST03377,2025-03-21,9,37,North,Standard,Monthly,1291.67,0.0,Yes,2,0,35.5,4.2,2025-12-30 00:00:00.000000000,10649.15,No
CUST03378,2023-11-06,25,27,West,Basic,Monthly,723.22,0.0,Yes,1,0,32.5,3.4,2025-11-24 08:39:01.609680984,18489.28,Yes
CUST03379,2025-05-07,7,32,West,Basic,Monthly,634.87,0.0,Yes,3,2,35.4,3.7,2025-12-12 00:50:36.161508169,4404.47,No
CUST03380,2023-09-20,27,46,Central,Standard,Annual,1214.04,0.0,No,4,1,23.3,3.8,2025-12-18 17:50:06.115189992,33840.07,No
CUST03381,2024-09-14,15,29,Central,Premium,Monthly,1830.18,0.1,No,3,0,22.6,5.0,2025-12-04 16:50:13.476295470,27638.96,No
CUST03382,2024-11-14,13,42,West,Standard,Monthly,1017.67,0.0,Yes,1,0,22.5,4.9,2025-12-20 10:33:02.979464115,12973.74,No
CUST03383,2023-01-24,35,34,West,Premium,Annual,1630.36,0.15,No,0,0,10.7,3.8,2025-12-09 14:44:57.442792051,56463.74,No
CUST03384,2025-01-17,11,19,Central,Premium,Quarterly,2017.85,0.0,No,4,0,41.4,3.2,2025-12-10 21:42:45.820737075,23829.58,No
CUST03385,2023-01-22,35,41,South,Premium,Annual,1746.86,0.0,Yes,1,1,34.9,2.9,2025-12-26 13:25:14.957053015,62837.15,No
CUST03386,2025-01-14,11,34,North,Standard,Monthly,1252.25,0.0,Yes,1,0,14.3,4.3,2025-12-06 03:26:14.819527891,13393.66,No
CUST03387,2023-10-19,26,33,East,Basic,Monthly,692.96,0.1,No,4,0,20.9,4.8,2025-12-12 17:52:37.135575115,17354.49,Yes
CUST03388,2023-04-13,32,44,West,Standard,Monthly,988.97,0.05,Yes,1,2,26.3,1.2,2025-12-13 12:00:10.388096597,30844.34,No
CUST03389,2024-04-02,20,37,North,Premium,Annual,1868.01,0.05,Yes,1,0,34.1,2.9,2025-12-14 18:38:25.819470586,38234.39,No
CUST03390,2024-01-01,23,23,West,Basic,Monthly,827.87,0.1,No,0,0,28.8,3.5,2025-12-12 20:07:03.250457835,18991.35,No
CUST03391,2023-10-29,26,37,Central,Standard,Monthly,1251.96,0.0,No,8,1,17.9,4.3,2025-12-15 17:45:24.858516312,31972.65,No
CUST03392,2023-09-28,27,27,Central,Basic,Monthly,773.57,0.0,Yes,1,1,23.5,4.9,2025-12-05 08:56:14.079039484,20824.28,No
CUST03393,2025-04-20,8,25,South,Standard,Annual,1215.65,0.0,No,3,1,28.2,2.9,2025-12-22 21:32:29.954611778,9091.15,No
CUST03394,2024-09-07,15,50,Central,Basic,Monthly,712.48,0.0,Yes,4,1,27.3,2.9,2025-12-06 16:12:10.986797639,10941.4,No
CUST03395,2024-06-12,18,18,Central,Basic,Annual,586.35,0.0,No,3,0,16.5,3.7,2025-12-24 04:36:54.563962551,10133.44,No
CUST03396,2025-04-08,8,29,North,Basic,Annual,821.23,0.0,No,3,2,25.3,3.2,2025-12-04 08:29:08.156695713,6949.89,No
CUST03397,2023-07-11,29,29,Central,Premium,Monthly,1703.11,0.0,Yes,1,2,47.5,4.1,2025-12-27 01:50:32.658369957,48554.28,No
CUST03398,2025-06-05,6,42,South,Premium,Annual,1898.98,0.1,Yes,2,2,14.0,3.7,2025-12-01 08:52:43.760945085,12623.24,No
CUST03399,2023-11-25,25,45,Central,Basic,Monthly,588.19,0.05,No,3,1,12.5,4.4,2025-12-29 23:22:23.715490996,14161.26,No
CUST03400,2024-04-21,20,26,Central,Standard,Monthly,1213.73,0.0,No,2,0,22.7,3.8,2025-12-04 14:59:42.003515922,23878.39,No
CUST03401,2023-02-23,34,18,East,Standard,Quarterly,1281.58,0.1,Yes,2,1,11.3,4.6,2025-12-06 14:56:28.989893095,44346.35,No
CUST03402,2023-02-16,34,52,West,Basic,Quarterly,603.11,0.0,Yes,5,0,27.0,3.2,2025-12-17 01:02:15.342040375,20751.41,No
CUST03403,2023-10-23,26,26,South,Basic,Annual,721.32,0.0,No,2,1,45.2,2.7,2025-12-08 08:10:45.103283665,18166.03,No
CUST03404,2024-04-05,20,31,Central,Standard,Annual,1058.16,0.05,Yes,0,0,6.9,3.1,2025-12-14 03:14:09.075966312,20978.97,No
CUST03405,2023-09-30,27,30,Central,Premium,Quarterly,1957.85,0.0,Yes,4,1,36.0,3.9,2025-12-24 15:46:23.021744984,53039.7,No
CUST03406,2025-02-04,10,30,North,Basic,Monthly,677.86,0.05,Yes,1,1,26.2,1.5,2025-12-16 17:16:49.180869426,6602.19,No
CUST03407,2024-11-16,13,35,South,Standard,Monthly,1249.24,0.1,No,3,0,33.9,4.0,2025-12-17 20:10:48.312979660,15328.25,No
CUST03408,2023-01-10,35,24,North,Standard,Monthly,1103.19,0.05,Yes,1,2,43.3,3.4,2025-12-14 04:29:19.612429003,38279.23,No
CUST03409,2023-05-19,31,39,West,Standard,Monthly,1155.45,0.0,Yes,0,1,25.8,2.6,2025-12-22 17:46:35.345391226,36657.49,No
CUST03410,2023-09-11,27,42,East,Basic,Annual,765.74,0.0,No,2,1,15.1,2.3,2025-12-12 02:09:41.974145859,20594.57,No
CUST03411,2023-12-02,24,26,North,Standard,Monthly,1206.18,0.0,Yes,3,1,24.3,4.4,2025-12-15 17:32:48.128068896,27870.74,No
CUST03412,2023-05-03,31,25,West,Basic,Annual,774.13,0.05,Yes,2,1,27.2,2.1,2025-12-16 04:17:25.579604337,24607.08,No
CUST03413,2023-01-26,35,45,Central,Premium,Monthly,2137.34,0.0,Yes,1,0,31.3,4.0,2025-12-30 00:00:00.000000000,76164.89,No
CUST03414,2024-11-08,13,48,Central,Standard,Monthly,1213.22,0.1,No,1,1,40.5,2.2,2025-12-09 06:34:48.021588711,14733.74,No
CUST03415,2025-05-16,7,40,East,Standard,Quarterly,1307.2,0.15,Yes,1,4,33.6,3.5,2025-12-19 23:57:35.116332809,9003.9,No
CUST03416,2023-09-27,27,42,East,Standard,Annual,1157.82,0.0,No,1,2,38.7,3.2,2025-12-12 13:54:56.354934543,30611.91,No
CUST03417,2025-06-20,6,18,North,Basic,Monthly,703.78,0.0,No,0,1,44.8,2.6,2025-12-26 03:37:25.284397749,4418.53,No
CUST03418,2023-10-27,26,36,West,Standard,Annual,1233.76,0.0,No,4,1,24.3,3.5,2025-12-14 09:02:17.408785275,32647.18,No
CUST03419,2023-02-16,34,36,North,Basic,Annual,588.21,0.1,Yes,2,1,14.3,3.1,2025-12-14 23:39:19.617724000,20094.27,No
CUST03420,2025-02-01,10,33,West,Premium,Annual,1723.51,0.0,No,3,1,30.3,1.4,2025-12-21 09:00:38.918653719,18769.99,No
CUST03421,2023-10-13,26,43,West,Standard,Monthly,1302.27,0.0,Yes,5,1,23.8,4.8,2025-12-23 05:51:42.745885272,33036.54,No
CUST03422,2025-02-18,10,44,Central,Basic,Annual,928.03,0.05,No,5,0,31.5,3.5,2025-12-03 23:43:49.092337212,8401.77,Yes
CUST03423,2023-09-09,27,34,Central,Standard,Quarterly,1070.2,0.05,Yes,2,0,26.2,3.0,2025-12-15 16:22:16.093692711,29438.39,No
CUST03424,2023-01-20,35,32,West,Basic,Quarterly,740.41,0.05,Yes,1,2,27.1,2.7,2025-12-22 19:09:09.868122876,26619.04,No
CUST03425,2024-04-17,20,49,Central,Standard,Annual,1189.21,0.0,Yes,2,0,24.3,2.9,2025-12-22 09:41:25.604775059,22957.77,No
CUST03426,2024-03-10,21,30,East,Premium,Monthly,2023.22,0.05,Yes,1,0,31.3,3.5,2025-12-28 09:46:37.373755438,42798.2,No
CUST03427,2025-01-17,11,28,East,Premium,Monthly,1776.01,0.0,No,0,0,17.6,2.7,2025-12-23 10:04:11.154672938,18836.81,No
CUST03428,2024-11-09,13,43,South,Basic,Annual,678.3,0.0,Yes,1,1,14.7,3.8,2025-12-27 16:35:19.949305932,8499.89,No
CUST03429,2024-11-05,13,33,Central,Premium,Monthly,1742.48,0.15,No,2,0,25.4,3.4,2025-12-16 07:34:13.600741798,23284.8,No
CUST03430,2025-05-11,7,51,North,Basic,Monthly,727.32,0.15,No,2,0,29.5,2.9,2025-12-08 00:57:14.499507814,5623.45,Yes
CUST03431,2023-08-08,28,51,West,Premium,Monthly,1721.73,0.0,No,2,2,32.9,3.2,2025-12-22 10:04:27.652969293,46944.24,No
CUST03432,2023-02-19,34,44,Central,Basic,Monthly,757.79,0.0,No,2,1,33.5,3.5,2025-12-20 14:07:49.037637847,25376.15,No
CUST03433,2025-05-09,7,36,West,Premium,Quarterly,1921.0,0.05,Yes,2,1,28.8,3.8,2025-12-11 09:33:41.568813363,13469.82,No
CUST03434,2024-07-29,17,36,East,Standard,Monthly,1241.17,0.1,No,1,1,16.7,4.0,2025-12-23 01:42:03.520540253,22168.62,No
CUST03435,2025-03-02,9,31,North,Premium,Quarterly,2029.32,0.0,Yes,2,1,15.3,3.9,2025-12-18 17:44:55.949773543,18577.92,No
CUST03436,2023-07-29,29,56,Central,Basic,Monthly,687.25,0.0,Yes,2,0,31.1,3.5,2025-12-09 22:28:48.798400691,20442.07,No
CUST03437,2023-12-11,24,37,Central,Standard,Monthly,1264.7,0.0,Yes,2,4,20.6,2.9,2025-12-20 00:13:53.322892136,29312.23,No
CUST03438,2023-06-20,30,39,South,Basic,Quarterly,711.44,0.05,Yes,2,1,32.8,3.8,2025-12-08 22:08:53.562576031,21034.97,No
CUST03439,2023-09-28,27,37,South,Basic,Annual,566.42,0.0,Yes,4,0,13.4,4.2,2025-12-14 08:14:52.336901671,15108.31,No
CUST03440,2025-04-20,8,35,South,Basic,Quarterly,588.64,0.0,Yes,1,1,18.6,5.0,2025-12-20 23:03:06.479019769,4236.72,No
CUST03441,2025-01-14,11,22,South,Basic,Monthly,600.5,0.15,Yes,2,0,42.5,4.2,2025-12-27 07:47:27.087786128,6363.9,No
CUST03442,2025-03-17,9,39,East,Basic,Quarterly,508.9,0.1,Yes,1,2,25.2,2.2,2025-12-16 02:56:33.782502331,4955.71,No
CUST03443,2025-02-20,10,44,East,Basic,Monthly,696.04,0.0,Yes,6,0,28.3,2.0,2025-12-22 09:40:08.174697295,7065.36,No
CUST03444,2024-12-07,12,23,East,Standard,Monthly,1333.67,0.05,Yes,0,0,24.3,2.6,2025-12-19 10:35:45.825451512,15017.89,No
CUST03445,2023-05-16,31,18,Central,Basic,Monthly,796.19,0.0,Yes,1,2,26.5,3.9,2025-12-12 17:30:41.230058853,24730.71,No
CUST03446,2024-12-23,12,29,North,Standard,Monthly,992.45,0.1,Yes,2,1,29.4,3.0,2025-12-23 02:36:32.296976404,12305.41,No
CUST03447,2024-01-07,23,33,South,Premium,Monthly,1778.43,0.0,No,1,1,13.4,2.6,2025-12-30 00:00:00.000000000,41483.69,No
CUST03448,2024-10-05,14,40,Central,Premium,Monthly,1761.39,0.05,Yes,1,1,15.9,3.1,2025-12-07 08:57:26.269672260,26218.68,No
CUST03449,2024-03-04,21,27,North,Standard,Monthly,1202.86,0.0,Yes,2,0,36.4,3.6,2025-12-19 01:30:37.572907165,25200.15,No
CUST03450,2024-07-31,17,38,East,Basic,Monthly,498.89,0.0,Yes,0,0,25.4,1.9,2025-12-21 15:32:55.368396883,8120.84,No
CUST03451,2023-11-05,25,25,East,Standard,Annual,1230.3,0.0,Yes,2,1,36.6,3.4,2025-12-20 19:20:25.499603084,30631.41,No
CUST03452,2025-01-23,11,18,West,Standard,Quarterly,1400.26,0.0,No,5,1,11.5,2.7,2025-12-18 22:22:56.891214550,16183.98,No
CUST03453,2023-09-05,27,45,West,Standard,Monthly,1272.21,0.15,Yes,2,0,18.9,2.6,2025-12-02 20:00:21.135930840,33824.36,Yes
CUST03454,2025-04-20,8,34,Central,Basic,Monthly,550.41,0.05,No,1,1,24.3,3.8,2025-12-18 21:34:47.196411609,3919.04,No
CUST03455,2025-02-12,10,29,West,Basic,Monthly,823.66,0.15,Yes,4,0,19.9,4.2,2025-12-26 03:50:09.058040109,8099.29,No
CUST03456,2025-01-25,11,27,Central,Basic,Quarterly,710.6,0.05,Yes,2,0,18.8,3.3,2025-12-19 07:28:04.026395131,8516.67,No
CUST03457,2024-08-02,16,40,Central,Standard,Monthly,1065.91,0.0,Yes,4,0,15.5,3.5,2025-12-30 00:00:00.000000000,15995.81,No
CUST03458,2025-01-20,11,21,Central,Basic,Monthly,613.59,0.0,No,0,0,32.3,5.0,2025-12-08 14:09:59.321690217,6815.12,No
CUST03459,2023-02-20,34,36,East,Standard,Annual,1157.64,0.0,Yes,3,0,21.8,3.0,2025-12-30 00:00:00.000000000,39874.83,No
CUST03460,2024-09-12,15,46,West,Basic,Annual,889.25,0.05,Yes,5,1,32.5,3.2,2025-12-18 04:09:47.736110379,13692.39,No
CUST03461,2025-01-25,11,30,Central,Standard,Quarterly,1233.96,0.0,Yes,1,0,28.5,3.4,2025-12-30 00:00:00.000000000,13444.4,No
CUST03462,2023-06-17,30,42,South,Standard,Monthly,1247.39,0.15,No,3,0,40.1,3.1,2025-12-14 16:09:15.252215271,37200.82,No
CUST03463,2024-08-03,16,49,South,Standard,Annual,994.28,0.0,Yes,2,1,11.2,2.6,2025-12-18 10:23:00.365884898,15119.11,No
CUST03464,2023-09-18,27,57,Central,Standard,Monthly,1082.89,0.05,Yes,2,1,30.3,2.5,2025-12-17 13:09:55.361692006,29413.5,No
CUST03465,2023-04-26,32,44,Central,Basic,Annual,675.62,0.0,Yes,2,0,45.8,4.8,2025-12-22 16:37:29.360050499,21662.04,No
CUST03466,2023-03-02,34,25,South,Standard,Quarterly,1140.91,0.0,No,0,0,24.5,4.1,2025-12-30 00:00:00.000000000,38121.06,No
CUST03467,2024-02-12,22,20,West,Standard,Quarterly,1365.37,0.0,No,3,0,6.7,3.0,2025-12-09 10:01:03.484109082,29474.49,No
CUST03468,2023-04-30,32,32,West,Basic,Monthly,758.67,0.0,Yes,4,1,25.3,2.1,2025-12-23 08:12:11.064753735,23995.86,No
CUST03469,2024-06-12,18,54,South,Standard,Monthly,1115.71,0.1,Yes,6,0,12.3,3.7,2025-12-01 02:41:12.889043529,21122.19,No
CUST03470,2023-01-01,35,32,West,Basic,Quarterly,690.74,0.0,Yes,3,0,15.9,3.7,2025-12-01 16:33:42.257218620,24762.79,No
CUST03471,2023-11-17,25,44,North,Standard,Monthly,1340.5,0.0,No,3,2,21.5,2.7,2025-12-15 12:31:06.700681198,33776.85,No
CUST03472,2023-05-30,31,40,North,Basic,Quarterly,678.16,0.0,No,2,1,27.8,3.6,2025-12-20 16:18:45.332011078,20999.34,No
CUST03473,2023-09-11,27,56,East,Premium,Monthly,1768.33,0.0,No,2,2,19.8,3.4,2025-12-30 00:00:00.000000000,48000.98,No
CUST03474,2024-06-20,18,34,South,Standard,Monthly,1284.81,0.0,Yes,2,0,28.1,4.5,2025-12-17 08:05:12.080262702,22034.18,No
CUST03475,2024-09-18,15,33,East,Basic,Quarterly,658.55,0.15,No,5,0,24.6,1.6,2025-12-22 18:10:06.461075710,9306.9,Yes
CUST03476,2023-01-27,35,28,South,Standard,Quarterly,1217.99,0.0,Yes,3,1,22.6,5.0,2025-12-11 04:06:47.775984993,42923.68,No
CUST03477,2023-12-05,24,38,East,Standard,Monthly,1126.73,0.0,Yes,1,0,34.5,2.3,2025-12-16 00:33:37.967130064,26121.62,No
CUST03478,2024-03-30,21,39,Central,Standard,Monthly,1147.72,0.15,Yes,4,1,3.6,2.2,2025-12-30 00:00:00.000000000,25076.8,No
CUST03479,2024-07-01,18,36,Central,Basic,Monthly,672.68,0.0,Yes,2,0,26.0,4.2,2025-12-19 19:21:58.536533857,12162.14,No
CUST03480,2025-01-29,11,41,North,Standard,Quarterly,1172.98,0.05,Yes,2,1,44.2,4.1,2025-12-07 00:35:13.212796555,11780.0,No
CUST03481,2024-08-02,16,37,West,Standard,Annual,1331.85,0.0,Yes,6,2,17.2,3.4,2025-12-17 03:58:43.689974800,20901.08,No
CUST03482,2023-09-21,27,30,South,Standard,Monthly,1164.8,0.0,Yes,1,0,15.6,5.0,2025-12-30 00:00:00.000000000,30436.3,No
CUST03483,2025-06-23,6,34,East,Basic,Monthly,662.42,0.05,No,1,1,37.4,5.0,2025-12-25 12:44:59.910115264,3722.34,No
CUST03484,2023-10-05,26,32,South,Standard,Annual,1257.74,0.0,Yes,3,3,42.6,3.8,2025-12-06 06:42:11.488569149,33843.04,No
CUST03485,2023-01-19,35,38,West,Basic,Quarterly,729.86,0.15,Yes,2,0,40.5,2.8,2025-12-25 20:53:08.440939827,25218.74,No
CUST03486,2023-07-17,29,36,West,Basic,Quarterly,579.4,0.05,Yes,3,0,30.6,4.8,2025-12-08 14:27:53.888150722,16615.35,No
CUST03487,2024-03-05,21,53,Central,Premium,Annual,2033.45,0.0,Yes,3,0,30.5,3.0,2025-12-19 15:41:48.865153961,44329.04,No
CUST03488,2023-03-25,33,37,North,Standard,Annual,1265.75,0.0,Yes,4,0,16.5,2.2,2025-12-20 04:51:59.972159045,41953.37,No
CUST03489,2025-01-27,11,26,West,Basic,Quarterly,652.1,0.0,Yes,1,3,25.5,3.5,2025-12-21 06:35:44.202991304,7323.03,No
CUST03490,2023-03-30,33,32,Central,Basic,Quarterly,814.92,0.05,Yes,2,3,52.0,3.6,2025-12-16 18:51:28.359306674,26106.59,No
CUST03491,2024-05-12,19,18,North,Standard,Monthly,1224.31,0.05,Yes,2,2,20.6,2.2,2025-12-27 03:20:19.348828294,23424.19,No
CUST03492,2023-02-10,34,33,North,Premium,Monthly,1929.72,0.0,Yes,1,2,18.2,4.3,2025-12-09 14:57:48.339716020,64660.82,No
CUST03493,2023-07-24,29,38,East,Basic,Quarterly,759.75,0.1,No,3,1,29.9,3.6,2025-12-19 07:04:43.696021109,21383.08,No
CUST03494,2024-04-08,20,30,East,Standard,Monthly,1209.44,0.05,No,1,1,32.8,4.8,2025-12-27 22:24:13.979228812,23822.42,No
CUST03495,2023-03-18,33,48,Central,Standard,Quarterly,1171.99,0.0,Yes,1,0,34.8,1.9,2025-12-08 07:11:55.545263175,38882.88,No
CUST03496,2025-02-03,10,36,West,Premium,Annual,1902.03,0.0,No,0,1,27.9,4.0,2025-12-22 10:59:02.417028234,20353.44,No
CUST03497,2025-01-08,11,27,South,Basic,Monthly,667.5,0.05,Yes,0,0,12.0,3.8,2025-12-04 01:36:55.218022621,7349.2,No
CUST03498,2023-05-16,31,43,West,Standard,Monthly,1246.18,0.0,Yes,4,0,3.1,4.2,2025-12-16 19:12:44.206780606,38028.07,No
CUST03499,2024-09-20,15,41,Central,Standard,Annual,1197.55,0.0,Yes,4,0,33.3,3.6,2025-12-11 17:26:58.167050920,18593.04,No
CUST03500,2024-12-14,12,33,North,Premium,Annual,1729.86,0.05,Yes,3,0,57.5,4.0,2025-12-15 11:23:44.447293534,19671.53,No
CUST03501,2025-03-09,9,39,West,Premium,Monthly,1987.56,0.0,Yes,2,0,24.5,3.1,2025-12-23 05:02:45.990983804,18491.42,No
CUST03502,2024-06-10,18,26,West,Standard,Monthly,1271.4,0.0,Yes,1,0,18.5,3.1,2025-12-28 18:26:17.742135650,23802.31,No
CUST03503,2024-07-09,17,46,Central,Standard,Monthly,1127.24,0.1,No,0,0,30.7,4.1,2025-12-02 22:27:11.586813440,19561.13,Yes
CUST03504,2023-01-06,35,19,South,Premium,Monthly,1796.05,0.05,No,1,1,16.3,4.2,2025-12-23 14:56:04.599432148,64653.31,No
CUST03505,2025-06-21,6,31,Central,Standard,Quarterly,1338.92,0.0,No,2,0,17.1,3.7,2025-12-23 04:05:01.579004731,8552.51,No
CUST03506,2025-02-04,10,23,South,Premium,Monthly,1815.56,0.1,Yes,0,1,34.0,4.2,2025-12-05 23:56:29.650986402,19574.28,No
CUST03507,2023-08-30,28,34,North,Standard,Annual,1241.37,0.0,Yes,4,1,24.0,3.6,2025-12-24 10:07:22.087340481,34235.37,No
CUST03508,2024-02-11,22,18,North,Standard,Monthly,1166.82,0.0,No,0,0,24.1,3.4,2025-12-03 02:52:34.751229696,26630.04,No
CUST03509,2023-09-23,27,37,West,Basic,Monthly,760.14,0.0,Yes,3,2,37.9,3.4,2025-12-06 17:53:47.515649537,20475.31,No
CUST03510,2024-08-12,16,34,East,Standard,Annual,1058.37,0.0,Yes,1,1,41.6,4.4,2025-12-30 00:00:00.000000000,16733.65,No
CUST03511,2024-02-29,22,21,West,Standard,Monthly,1235.34,0.0,Yes,2,0,35.7,3.2,2025-12-19 17:16:18.433340110,28370.89,No
CUST03512,2024-12-20,12,38,West,Basic,Monthly,715.72,0.0,No,1,0,23.4,3.2,2025-12-29 03:09:32.308579115,8415.23,No
CUST03513,2023-05-14,31,18,North,Premium,Monthly,1798.49,0.1,No,3,1,15.7,4.5,2025-12-28 12:46:47.524586256,57150.68,No
CUST03514,2023-06-14,30,29,Central,Basic,Quarterly,699.87,0.0,No,4,2,31.2,2.5,2025-12-09 10:21:06.908898197,20956.82,No
CUST03515,2024-01-10,23,35,East,Basic,Monthly,704.66,0.05,Yes,3,1,12.6,2.7,2025-12-17 10:22:30.659174841,16157.49,No
CUST03516,2025-04-03,8,31,Central,Standard,Annual,1283.99,0.05,No,1,1,12.2,5.0,2025-12-13 15:31:30.151441203,9119.85,No
CUST03517,2024-06-21,18,40,East,Standard,Monthly,1281.82,0.0,Yes,3,0,8.2,4.1,2025-12-13 18:22:40.791200454,22922.9,No
CUST03518,2024-06-19,18,21,Central,Basic,Quarterly,782.01,0.0,No,4,0,26.8,2.2,2025-12-30 00:00:00.000000000,13526.98,No
CUST03519,2023-03-20,33,18,East,Basic,Monthly,766.48,0.0,Yes,3,2,19.4,2.5,2025-12-12 20:49:59.948572832,25083.68,No
CUST03520,2024-01-17,23,48,South,Standard,Annual,1269.77,0.0,Yes,4,1,28.3,3.7,2025-12-28 19:55:45.480249498,28959.75,No
CUST03521,2023-07-17,29,20,Central,Standard,Quarterly,1267.24,0.1,Yes,1,1,47.3,4.8,2025-12-17 04:01:33.338920006,36384.33,No
CUST03522,2023-05-19,31,51,West,Basic,Annual,655.53,0.0,Yes,3,0,21.5,5.0,2025-12-17 17:26:53.560001081,20562.75,No
CUST03523,2025-04-25,8,40,Central,Standard,Quarterly,1238.33,0.0,Yes,2,0,23.1,2.7,2025-12-30 00:00:00.000000000,9496.83,No
CUST03524,2024-08-22,16,43,Central,Standard,Annual,1251.2,0.1,Yes,1,1,18.6,3.6,2025-12-18 23:15:27.947950275,19879.65,No
CUST03525,2024-05-06,19,33,South,Basic,Monthly,676.54,0.05,Yes,4,1,20.3,3.0,2025-12-03 07:38:30.079543713,12818.93,Yes
CUST03526,2023-12-20,24,25,East,Standard,Monthly,1277.89,0.05,No,2,1,42.6,3.7,2025-12-07 23:33:00.782724583,29726.38,No
CUST03527,2025-04-04,8,33,Central,Premium,Monthly,1942.08,0.0,No,2,1,43.8,4.6,2025-12-10 13:22:51.116784511,13900.11,No
CUST03528,2023-07-19,29,34,North,Basic,Quarterly,692.75,0.0,Yes,1,0,16.4,3.1,2025-12-23 09:47:34.388403951,20658.97,No
CUST03529,2023-03-28,33,29,West,Basic,Monthly,607.73,0.0,Yes,1,1,24.3,3.0,2025-12-02 10:11:25.472964797,20128.18,Yes
CUST03530,2023-09-18,27,23,East,Basic,Monthly,707.97,0.0,No,1,0,28.9,3.6,2025-12-26 09:09:33.430925034,18478.26,No
CUST03531,2024-03-28,21,40,West,Standard,Monthly,1324.14,0.0,No,0,2,28.8,3.2,2025-11-27 08:39:43.077472025,26736.64,Yes
CUST03532,2024-04-13,20,27,East,Premium,Monthly,1872.48,0.0,No,2,1,30.2,3.5,2025-12-24 02:41:16.486204964,35917.02,No
CUST03533,2025-01-23,11,42,South,Standard,Quarterly,1274.58,0.0,Yes,0,1,41.3,3.4,2025-12-25 18:34:22.104598965,13748.6,No
CUST03534,2023-12-20,24,38,South,Basic,Quarterly,578.08,0.0,No,1,0,25.3,5.0,2025-12-14 12:20:53.422962551,13905.33,No
CUST03535,2023-06-16,30,49,North,Basic,Monthly,708.68,0.15,No,1,0,25.6,3.3,2025-12-19 15:57:50.384172603,21194.83,No
CUST03536,2024-11-21,13,43,East,Standard,Quarterly,1275.24,0.0,Yes,1,1,36.8,2.5,2025-12-12 07:02:10.073193623,16989.4,No
CUST03537,2024-09-27,15,18,Central,Premium,Monthly,1920.38,0.0,Yes,2,1,35.6,3.0,2025-12-22 09:27:56.321270482,30397.28,No
CUST03538,2024-07-30,17,38,Central,Premium,Quarterly,1680.73,0.0,Yes,2,0,8.0,2.7,2025-12-12 23:46:05.123471938,27358.94,No
CUST03539,2025-05-29,7,35,East,Basic,Quarterly,697.64,0.1,No,4,1,30.3,2.4,2025-12-16 05:34:26.733832675,5369.87,No
CUST03540,2024-04-14,20,58,East,Basic,Annual,522.39,0.0,No,1,1,16.4,3.9,2025-12-11 04:28:18.955058175,9997.07,No
CUST03541,2024-12-29,12,32,East,Standard,Monthly,1248.99,0.0,Yes,1,1,29.2,2.6,2025-12-02 22:40:52.389458447,15067.63,Yes
CUST03542,2024-10-31,13,31,East,Premium,Quarterly,2155.21,0.1,Yes,3,0,6.2,2.6,2025-11-27 01:11:18.742896396,26467.87,Yes
CUST03543,2023-01-02,35,31,East,Basic,Monthly,699.84,0.0,No,2,1,26.1,3.4,2025-12-05 05:24:52.369297857,24124.25,No
CUST03544,2023-08-15,28,33,West,Standard,Monthly,1215.67,0.0,Yes,3,1,41.0,4.0,2025-12-20 09:27:20.660378841,33389.81,No
CUST03545,2025-05-29,7,28,North,Premium,Monthly,1656.44,0.1,No,2,1,41.6,3.1,2025-12-18 18:05:10.527463528,11732.88,No
CUST03546,2025-01-11,11,52,East,Standard,Quarterly,1196.34,0.0,Yes,2,2,18.6,4.4,2025-12-18 22:18:28.461602840,14163.48,No
CUST03547,2023-03-13,33,38,South,Standard,Monthly,1252.55,0.05,Yes,1,0,26.2,4.1,2025-12-17 04:55:52.150455478,42270.86,No
CUST03548,2023-07-29,29,40,West,Premium,Monthly,1755.87,0.0,Yes,2,0,40.1,4.1,2025-12-18 02:53:33.371865960,49970.6,No
CUST03549,2023-04-07,32,47,South,Basic,Monthly,634.1,0.0,Yes,1,1,32.0,4.2,2025-12-25 14:08:01.241349530,20433.55,No
CUST03550,2023-06-04,30,21,West,Basic,Annual,654.66,0.0,No,3,0,22.7,3.6,2025-12-22 17:47:44.615211530,19513.11,No
CUST03551,2023-02-07,34,50,South,Standard,Monthly,1272.69,0.05,Yes,4,1,20.4,3.8,2025-12-24 00:31:09.189381841,44036.08,No
CUST03552,2024-12-28,12,31,East,Standard,Monthly,1263.22,0.0,No,2,0,34.9,3.3,2025-12-15 01:14:47.894312752,14705.72,No
CUST03553,2024-01-30,23,38,East,Standard,Monthly,1164.6,0.05,No,1,1,23.1,1.9,2025-12-15 04:09:39.529046281,26093.19,No
CUST03554,2023-07-05,29,29,West,Standard,Monthly,1162.84,0.0,Yes,2,1,35.2,3.8,2025-12-19 05:15:08.044849006,33225.86,No
CUST03555,2024-01-04,23,28,Central,Standard,Monthly,996.91,0.0,No,3,2,17.3,3.6,2025-12-20 02:35:31.059919318,23669.43,No
CUST03556,2024-02-24,22,30,East,Basic,Quarterly,712.27,0.0,No,1,2,39.6,2.8,2025-12-09 18:25:43.458793056,16214.78,No
CUST03557,2025-03-16,9,39,West,Basic,Quarterly,706.56,0.0,No,1,0,33.3,4.0,2025-12-15 09:06:13.916380801,6424.55,No
CUST03558,2023-09-01,27,39,North,Basic,Monthly,643.23,0.0,Yes,3,0,33.2,3.7,2025-12-30 00:00:00.000000000,17255.92,No
CUST03559,2023-12-10,24,36,Central,Standard,Annual,999.14,0.05,Yes,2,1,14.7,3.7,2025-12-19 06:34:02.139027600,24968.37,No
CUST03560,2024-06-24,18,45,Central,Standard,Quarterly,1217.0,0.0,No,2,1,11.2,3.8,2025-12-17 19:20:00.784834803,21572.37,No
CUST03561,2024-01-20,23,30,North,Premium,Monthly,2178.92,0.1,Yes,3,0,21.6,4.2,2025-12-23 19:26:34.193757993,49541.87,No
CUST03562,2023-11-19,25,21,North,Standard,Annual,1264.4,0.0,Yes,6,0,47.3,3.2,2025-11-28 16:18:02.690901228,32215.41,No
CUST03563,2023-12-08,24,25,North,Premium,Quarterly,1781.59,0.05,No,3,0,13.9,2.7,2025-12-23 22:55:14.824406851,43233.52,No
CUST03564,2025-05-13,7,31,South,Premium,Monthly,1791.39,0.05,No,3,2,16.4,3.3,2025-12-08 14:22:00.518338560,12325.05,Yes
CUST03565,2024-02-06,22,45,East,Basic,Annual,692.69,0.0,Yes,2,0,19.5,4.7,2025-12-25 20:41:36.759176728,15497.01,No
CUST03566,2023-04-11,32,42,North,Standard,Annual,1361.5,0.0,Yes,2,0,17.1,4.5,2025-12-10 02:02:17.126815641,43454.87,No
CUST03567,2023-03-01,34,43,North,Basic,Monthly,823.09,0.1,No,2,0,20.6,3.6,2025-12-19 05:58:19.725968551,28179.06,No
CUST03568,2023-12-11,24,40,North,Standard,Annual,1201.2,0.05,Yes,1,2,58.3,2.2,2025-12-19 15:36:30.947373130,28271.66,No
CUST03569,2023-03-07,33,27,South,Basic,Annual,706.26,0.0,Yes,1,1,5.6,3.5,2025-12-15 04:35:04.572810727,22820.89,No
CUST03570,2023-01-11,35,29,North,Standard,Monthly,1443.25,0.0,Yes,0,0,29.3,2.9,2025-12-25 13:20:54.593323276,50491.71,No
CUST03571,2024-11-20,13,18,North,Standard,Annual,1058.16,0.0,No,4,2,19.8,3.8,2025-12-27 02:37:11.615479266,14728.16,No
CUST03572,2023-01-11,35,35,West,Standard,Monthly,1321.18,0.0,Yes,3,0,30.1,2.9,2025-12-18 00:29:51.782539491,45015.08,No
CUST03573,2025-05-05,7,27,West,Standard,Quarterly,1244.22,0.0,Yes,3,2,30.7,3.9,2025-12-30 00:00:00.000000000,8410.0,No
CUST03574,2025-04-19,8,36,East,Basic,Monthly,505.64,0.1,No,2,2,27.1,3.1,2025-11-22 00:49:33.760190874,4231.59,Yes
CUST03575,2025-02-19,10,37,West,Standard,Annual,1183.8,0.1,Yes,2,0,28.6,2.0,2025-12-21 04:33:40.152375222,10814.99,No
CUST03576,2023-06-29,30,28,North,Standard,Annual,1162.97,0.1,No,3,1,7.4,4.0,2025-12-26 19:15:01.851703552,35150.48,No
CUST03577,2023-07-22,29,54,West,Standard,Monthly,1164.44,0.1,Yes,1,0,26.5,4.0,2025-12-14 23:45:09.208590483,32707.46,No
CUST03578,2023-02-06,34,31,Central,Standard,Monthly,1368.21,0.0,Yes,4,1,17.2,3.8,2025-12-18 22:54:00.359318785,46219.09,No
CUST03579,2024-09-17,15,25,Central,Premium,Monthly,1492.65,0.05,Yes,3,0,23.8,4.6,2025-12-16 00:52:12.912256163,21525.15,No
CUST03580,2025-03-14,9,47,Central,Basic,Monthly,668.95,0.1,No,3,0,14.8,3.4,2025-12-30 00:00:00.000000000,6083.45,No
CUST03581,2024-07-12,17,27,Central,Premium,Monthly,1707.58,0.05,Yes,2,0,19.4,3.9,2025-12-20 00:04:10.726968268,30028.47,No
CUST03582,2025-02-15,10,52,North,Standard,Quarterly,1177.73,0.1,Yes,1,1,31.8,3.2,2025-12-12 11:22:50.509920997,10614.16,No
CUST03583,2024-02-26,22,42,North,Premium,Monthly,2170.67,0.0,Yes,5,0,33.1,3.5,2025-12-17 09:35:36.546296338,47551.16,No
CUST03584,2024-08-17,16,21,Central,Basic,Quarterly,647.61,0.05,Yes,4,0,17.2,3.6,2025-12-20 13:29:58.700789627,9791.1,No
CUST03585,2023-11-24,25,32,East,Basic,Annual,762.98,0.05,No,2,1,43.0,4.0,2025-12-16 07:27:18.631499043,19007.47,No
CUST03586,2023-06-19,30,44,West,Standard,Monthly,1315.09,0.05,No,1,0,39.5,3.8,2025-12-19 14:50:09.826905187,40365.35,No
CUST03587,2023-10-27,26,40,South,Basic,Quarterly,687.49,0.0,Yes,2,0,25.7,2.8,2025-12-27 12:33:28.803801799,17465.95,No
CUST03588,2024-11-04,13,43,East,Standard,Quarterly,1327.95,0.05,Yes,1,1,26.3,2.9,2025-12-20 19:17:52.783273450,17734.87,No
CUST03589,2023-10-19,26,41,East,Basic,Monthly,797.78,0.0,No,0,2,13.6,4.1,2025-12-16 19:59:06.314584005,20721.42,No
CUST03590,2023-10-23,26,40,Central,Premium,Quarterly,2007.5,0.0,Yes,3,0,24.9,3.5,2025-12-19 10:31:45.303787025,53620.38,No
CUST03591,2025-03-16,9,31,East,Premium,Quarterly,2149.91,0.1,Yes,2,1,38.4,3.5,2025-12-20 01:05:51.739428872,18618.54,No
CUST03592,2024-04-27,20,31,South,Premium,Annual,2140.74,0.0,Yes,2,1,4.1,5.0,2025-12-14 10:51:43.239499192,42176.55,No
CUST03593,2025-05-16,7,38,Central,Premium,Quarterly,1895.08,0.05,Yes,3,0,16.2,4.3,2025-12-19 13:18:45.338953326,12385.1,No
CUST03594,2023-01-23,35,42,South,Standard,Annual,1251.07,0.1,Yes,2,1,17.2,3.8,2025-12-17 20:45:08.493806040,43159.93,No
CUST03595,2024-04-01,20,42,West,Standard,Monthly,1089.32,0.1,Yes,1,1,38.9,3.1,2025-12-24 03:47:45.619085789,22254.66,No
CUST03596,2023-11-18,25,27,Central,Basic,Quarterly,644.38,0.0,No,2,1,41.8,2.8,2025-12-20 14:52:38.893093986,15511.91,No
CUST03597,2025-01-04,11,29,North,Basic,Monthly,760.86,0.0,Yes,2,2,35.1,3.6,2025-12-12 22:22:30.172202798,7773.76,No
CUST03598,2024-05-09,19,57,North,Standard,Quarterly,1194.27,0.1,Yes,3,0,30.0,2.0,2025-12-12 19:13:58.318851697,23691.18,Yes
CUST03599,2023-12-17,24,41,North,Standard,Quarterly,1222.75,0.05,No,5,1,37.0,3.4,2025-12-21 00:22:00.522832677,28687.83,No
CUST03600,2025-04-17,8,31,West,Standard,Monthly,1081.85,0.05,Yes,2,0,30.5,3.0,2025-12-30 00:00:00.000000000,9385.07,No
CUST03601,2023-08-26,28,22,Central,Standard,Annual,1453.1,0.0,No,0,1,35.7,2.9,2025-12-02 13:57:44.319318230,42034.89,Yes
CUST03602,2023-06-25,30,36,Central,Premium,Annual,2070.36,0.0,Yes,2,2,26.3,3.3,2025-12-24 00:54:07.114937081,64084.13,No
CUST03603,2024-10-07,14,39,North,Standard,Monthly,1147.35,0.0,No,1,0,29.6,3.7,2025-12-17 17:15:07.270632274,15433.3,No
CUST03604,2024-02-18,22,31,East,Premium,Monthly,1991.49,0.0,No,4,1,2.0,2.7,2025-12-30 00:00:00.000000000,44844.31,No
CUST03605,2025-06-28,6,23,North,Basic,Monthly,574.5,0.0,Yes,3,1,12.6,3.1,2025-12-06 21:56:18.410065069,3953.06,Yes
CUST03606,2024-01-07,23,48,Central,Basic,Quarterly,840.91,0.05,Yes,1,2,22.9,4.0,2025-11-24 08:03:04.078798488,19316.91,Yes
CUST03607,2024-07-02,17,32,South,Standard,Monthly,1042.45,0.05,Yes,3,1,30.6,1.8,2025-12-10 22:13:45.950054688,17468.29,No
CUST03608,2024-03-27,21,38,West,Basic,Monthly,705.5,0.0,No,5,2,21.0,2.9,2025-12-11 19:01:01.983681463,15084.3,No
CUST03609,2024-09-03,15,38,Central,Standard,Monthly,1273.3,0.05,Yes,1,0,21.7,2.2,2025-12-05 13:47:08.118046986,18898.21,No
CUST03610,2024-02-09,22,29,North,Standard,Quarterly,1202.96,0.1,No,4,1,2.0,2.3,2025-12-22 05:25:00.927554947,27541.11,No
CUST03611,2025-02-17,10,42,North,Basic,Monthly,792.67,0.0,No,3,0,28.9,2.6,2025-12-18 11:47:52.569254645,8619.92,No
CUST03612,2023-08-05,28,28,North,Standard,Monthly,1168.68,0.0,Yes,0,1,35.2,4.9,2025-12-08 23:41:33.625686717,32469.44,No
CUST03613,2023-05-23,31,28,West,Standard,Monthly,1224.39,0.0,Yes,3,1,32.8,3.8,2025-12-08 19:06:11.280518687,37175.94,No
CUST03614,2024-08-11,16,52,East,Standard,Annual,964.53,0.0,Yes,0,0,22.3,3.0,2025-12-10 05:02:10.694412382,15203.82,No
CUST03615,2024-09-10,15,36,West,Basic,Quarterly,811.55,0.0,Yes,3,2,19.6,3.7,2025-12-30 00:00:00.000000000,11467.09,No
CUST03616,2024-03-17,21,38,West,Standard,Monthly,1344.51,0.0,Yes,1,0,33.0,4.2,2025-12-14 13:26:48.051670658,27928.91,No
CUST03617,2025-02-11,10,26,West,Standard,Quarterly,1218.06,0.1,Yes,0,2,23.2,3.3,2025-12-18 07:51:08.800876685,11262.3,No
CUST03618,2023-07-21,29,42,East,Standard,Annual,1257.45,0.1,Yes,3,1,50.2,4.4,2025-12-09 12:33:06.974687014,35757.39,No
CUST03619,2024-03-22,21,39,Central,Basic,Quarterly,728.8,0.05,No,2,1,35.7,3.3,2025-12-28 04:08:09.477204525,15241.35,No
CUST03620,2024-01-22,23,35,West,Standard,Annual,1282.65,0.0,No,1,0,39.0,4.3,2025-12-11 05:38:20.015586405,28238.53,Yes
CUST03621,2024-11-12,13,41,West,Basic,Monthly,765.74,0.0,Yes,3,1,25.0,4.7,2025-12-06 20:10:28.002888547,9893.62,No
CUST03622,2024-12-18,12,38,West,Premium,Monthly,1707.99,0.05,No,0,1,19.6,2.9,2025-12-03 15:43:53.982333982,19435.92,No
CUST03623,2023-06-16,30,23,West,Premium,Monthly,1709.21,0.0,Yes,2,1,22.7,3.4,2025-12-18 01:23:13.242441541,50232.36,No
CUST03624,2024-02-02,22,33,West,Basic,Quarterly,703.0,0.0,Yes,6,0,30.3,2.7,2025-11-25 00:49:47.145158691,15776.54,Yes
CUST03625,2025-02-21,10,28,West,Premium,Quarterly,1765.05,0.05,Yes,2,0,33.1,4.3,2025-12-30 00:00:00.000000000,18369.11,No
CUST03626,2023-01-26,35,24,East,Standard,Monthly,1119.35,0.05,No,0,0,33.6,2.5,2025-12-14 16:10:45.390809177,39726.59,No
CUST03627,2023-02-06,34,40,North,Basic,Annual,639.27,0.05,No,0,1,41.7,2.9,2025-12-21 14:03:43.464137789,21309.9,No
CUST03628,2025-04-21,8,18,South,Basic,Annual,704.92,0.1,No,3,0,21.4,2.5,2025-12-15 07:54:56.866175603,5630.4,No
CUST03629,2023-06-19,30,38,Central,Basic,Monthly,666.05,0.15,Yes,4,0,35.1,3.0,2025-12-26 15:56:20.303364901,19500.5,No
CUST03630,2024-01-29,23,32,East,Basic,Annual,866.35,0.05,Yes,2,1,20.5,2.9,2025-12-22 04:57:46.177312534,20433.78,No
CUST03631,2025-04-17,8,48,Central,Standard,Monthly,1148.49,0.0,Yes,5,0,18.4,4.1,2025-12-20 04:01:29.261826970,9095.86,No
CUST03632,2024-01-14,23,42,North,Standard,Quarterly,1036.57,0.15,No,2,1,23.3,3.7,2025-12-19 02:04:38.345510013,23743.03,No
CUST03633,2025-01-31,10,41,Central,Standard,Quarterly,1026.73,0.05,Yes,3,0,32.7,4.4,2025-12-23 17:36:25.481694016,9991.99,No
CUST03634,2023-06-01,31,39,West,Basic,Annual,820.98,0.1,Yes,5,1,22.2,3.3,2025-12-12 20:33:25.129119474,24964.42,No
CUST03635,2025-04-08,8,18,East,Premium,Monthly,1827.06,0.0,Yes,4,0,20.4,4.0,2025-12-19 00:12:44.067551591,15173.97,No
CUST03636,2023-10-06,26,29,Central,Standard,Monthly,1157.51,0.0,Yes,0,1,27.5,3.7,2025-12-12 03:14:08.430803722,30971.0,No
CUST03637,2024-08-01,16,24,South,Standard,Quarterly,1105.69,0.0,No,1,0,38.1,2.3,2025-12-26 03:26:54.297801304,16962.94,No
CUST03638,2023-07-31,29,35,Central,Basic,Monthly,575.69,0.0,No,1,0,50.1,2.7,2025-12-14 21:39:19.210272973,17231.97,No
CUST03639,2024-12-10,12,37,Central,Standard,Annual,1310.9,0.05,No,2,0,37.2,3.2,2025-12-03 13:32:30.307954509,14686.63,No
CUST03640,2024-02-28,22,30,North,Standard,Quarterly,1407.67,0.05,No,2,0,34.6,2.9,2025-12-19 01:33:35.052943646,31978.43,No
CUST03641,2023-08-19,28,27,East,Premium,Monthly,2027.76,0.05,Yes,2,0,20.4,4.5,2025-12-15 23:41:43.375705265,56917.09,No
CUST03642,2023-06-17,30,35,Central,Standard,Annual,1028.99,0.0,Yes,2,0,24.5,3.2,2025-12-17 19:07:46.667154147,30087.22,No
CUST03643,2023-04-19,32,30,Central,Basic,Quarterly,674.45,0.05,No,5,0,42.0,2.8,2025-12-15 23:34:53.425336619,21893.8,No
CUST03644,2023-11-06,25,29,North,Basic,Monthly,576.3,0.05,Yes,1,0,27.6,3.5,2025-12-20 04:40:24.329917906,14389.21,No
CUST03645,2023-05-30,31,56,Central,Basic,Quarterly,681.02,0.0,No,3,1,41.3,4.8,2025-12-14 13:29:06.125374047,20863.39,No
CUST03646,2024-09-03,15,30,East,Basic,Monthly,657.21,0.0,No,5,1,17.2,2.4,2025-12-25 02:37:22.385228898,9308.5,No
CUST03647,2025-04-09,8,27,East,Premium,Monthly,1789.4,0.0,Yes,1,0,18.8,3.4,2025-12-14 13:40:11.087070554,16024.0,No
CUST03648,2024-08-25,16,34,South,Standard,Monthly,1322.73,0.0,No,3,1,42.0,4.4,2025-12-22 15:13:46.432265846,22318.05,No
CUST03649,2025-04-25,8,34,East,Basic,Quarterly,691.23,0.0,Yes,5,0,33.8,3.7,2025-12-21 09:56:21.218811418,5931.01,No
CUST03650,2024-04-02,20,43,East,Basic,Monthly,679.84,0.0,Yes,1,0,38.9,4.2,2025-12-20 02:00:33.815862372,14125.11,No
CUST03651,2024-03-27,21,53,South,Premium,Monthly,1934.08,0.0,Yes,0,0,43.3,4.1,2025-12-12 18:32:37.533673977,41219.98,Yes
CUST03652,2024-03-02,21,22,North,Premium,Monthly,1745.48,0.05,Yes,2,1,23.4,2.2,2025-12-02 01:26:00.329568288,36848.23,Yes
CUST03653,2023-10-20,26,52,Central,Basic,Annual,675.27,0.0,Yes,3,1,39.2,3.7,2025-12-30 00:00:00.000000000,18177.38,No
CUST03654,2023-06-23,30,38,North,Standard,Annual,1090.24,0.1,No,4,0,41.1,4.3,2025-12-09 13:38:27.554986888,32770.03,No
CUST03655,2024-02-24,22,29,South,Standard,Quarterly,1149.87,0.0,No,3,0,20.5,2.5,2025-12-06 13:48:30.729023957,25883.52,No
CUST03656,2024-04-29,20,26,East,Premium,Monthly,2143.91,0.0,Yes,3,2,29.7,4.3,2025-12-02 21:52:06.873729379,41394.23,Yes
CUST03657,2023-01-30,35,48,South,Standard,Monthly,1087.85,0.15,No,3,2,25.1,3.7,2025-11-22 19:05:30.643244362,38348.37,Yes
CUST03658,2023-08-03,28,20,South,Basic,Monthly,813.09,0.0,No,4,0,11.5,4.1,2025-12-10 08:00:48.516768277,23488.72,No
CUST03659,2025-02-19,10,27,East,Standard,Monthly,1459.47,0.0,No,2,0,18.2,4.1,2025-12-26 16:56:10.954452109,14271.84,No
CUST03660,2024-07-08,17,47,East,Premium,Quarterly,2187.84,0.0,Yes,1,1,27.0,2.3,2025-12-26 19:45:26.312783596,36691.87,No
CUST03661,2023-10-17,26,18,East,Premium,Annual,1930.99,0.0,Yes,1,0,17.9,3.4,2025-12-10 21:54:34.239911000,52094.86,No
CUST03662,2024-10-17,14,27,North,Standard,Monthly,1231.81,0.05,No,1,0,43.7,3.2,2025-11-21 20:45:40.628336622,17960.17,Yes
CUST03663,2024-06-19,18,47,East,Standard,Monthly,1187.61,0.0,Yes,2,2,28.0,4.0,2025-12-19 16:39:17.643578026,22078.14,No
CUST03664,2024-03-12,21,35,South,Basic,Monthly,710.24,0.05,Yes,3,1,36.2,3.0,2025-12-30 00:00:00.000000000,14546.89,No
CUST03665,2025-05-12,7,30,East,Standard,Annual,1090.99,0.1,No,1,0,24.4,5.0,2025-12-17 05:19:49.757671416,6577.88,No
CUST03666,2024-01-17,23,41,South,Basic,Monthly,685.68,0.0,Yes,2,2,24.2,4.3,2025-12-08 02:17:07.165231360,16054.52,Yes
CUST03667,2024-07-26,17,18,East,Standard,Monthly,1132.39,0.0,No,1,0,21.2,2.6,2025-12-17 20:54:12.266173256,18213.43,No
CUST03668,2023-01-22,35,23,East,Basic,Monthly,749.09,0.1,Yes,2,2,30.0,2.0,2025-12-07 15:55:34.029454723,26535.68,No
CUST03669,2024-07-22,17,40,North,Standard,Annual,1133.33,0.0,Yes,6,0,17.0,2.7,2025-12-21 17:58:55.670688927,19813.54,No
CUST03670,2024-08-21,16,28,Central,Standard,Monthly,1223.82,0.1,Yes,0,0,22.3,3.8,2025-12-22 12:45:04.729613743,20196.75,No
CUST03671,2025-05-18,7,18,East,Premium,Monthly,2235.62,0.0,No,2,1,14.2,3.8,2025-12-25 17:57:18.724162430,15333.75,No
CUST03672,2023-08-16,28,57,East,Basic,Quarterly,559.38,0.1,Yes,2,1,45.0,3.2,2025-12-30 00:00:00.000000000,16151.65,No
CUST03673,2025-03-21,9,33,West,Basic,Monthly,557.3,0.0,Yes,3,0,18.9,2.9,2025-12-14 17:57:50.117002365,5142.67,No
CUST03674,2023-10-27,26,41,South,Standard,Monthly,1334.44,0.0,No,2,0,25.6,3.4,2025-12-16 01:53:15.604626342,33540.23,No
CUST03675,2024-11-04,13,39,West,Standard,Annual,1330.93,0.05,No,2,0,23.2,4.7,2025-12-23 23:35:28.463105084,18604.54,No
CUST03676,2023-12-05,24,34,South,Basic,Monthly,734.72,0.05,Yes,0,2,19.0,3.3,2025-12-07 13:51:23.304928467,16982.5,Yes
CUST03677,2023-12-30,24,28,Central,Basic,Monthly,594.91,0.0,Yes,0,0,20.8,2.1,2025-12-06 00:39:14.328259618,14242.42,No
CUST03678,2024-09-04,15,33,South,Standard,Monthly,1189.53,0.05,No,2,0,13.1,3.9,2025-12-17 15:58:15.804991454,17411.54,No
CUST03679,2024-01-18,23,18,East,Basic,Monthly,735.86,0.0,No,1,2,9.3,4.4,2025-12-12 06:02:40.199135701,16463.74,No
CUST03680,2024-05-22,19,25,South,Premium,Monthly,1778.82,0.0,Yes,1,0,38.0,4.0,2025-12-23 02:49:18.258712580,32208.7,No
CUST03681,2023-05-22,31,43,West,Standard,Monthly,1343.19,0.0,Yes,2,1,10.8,4.0,2025-12-20 06:04:25.761158337,42084.47,No
CUST03682,2023-09-28,27,31,North,Basic,Monthly,677.93,0.0,No,3,0,17.7,3.5,2025-12-09 01:43:11.421689336,18945.06,No
CUST03683,2025-05-25,7,29,North,Standard,Quarterly,1258.12,0.0,No,2,1,20.4,3.4,2025-12-25 03:03:52.563551873,9730.38,No
CUST03684,2024-09-03,15,35,East,Basic,Quarterly,783.59,0.05,Yes,1,1,14.2,3.8,2025-12-13 03:45:48.814486800,12065.42,No
CUST03685,2023-01-03,35,38,East,Premium,Annual,1952.91,0.0,No,1,0,47.2,3.3,2025-12-20 03:56:23.303290224,69442.58,No
CUST03686,2024-10-02,14,42,East,Basic,Monthly,599.07,0.1,Yes,2,0,19.4,3.2,2025-12-08 15:36:48.390244500,8670.88,No
CUST03687,2023-08-28,28,33,South,Standard,Quarterly,1218.36,0.05,No,1,1,39.6,3.7,2025-12-24 16:42:18.281943473,34903.15,No
CUST03688,2023-09-24,27,27,East,Premium,Annual,1860.98,0.0,Yes,2,1,37.0,4.4,2025-12-09 14:07:36.017630040,51893.78,No
CUST03689,2025-01-23,11,23,West,Basic,Monthly,656.63,0.1,Yes,0,0,32.8,3.5,2025-12-28 04:01:39.399248638,7082.04,No
CUST03690,2024-05-07,19,29,North,Basic,Monthly,723.9,0.05,No,3,2,32.1,3.1,2025-12-15 05:49:45.397881535,13659.54,Yes
CUST03691,2024-01-18,23,19,East,Basic,Quarterly,640.91,0.0,Yes,4,2,31.1,4.3,2025-12-14 12:08:26.931230356,15056.99,No
CUST03692,2025-05-04,7,36,North,Premium,Annual,1933.75,0.0,Yes,4,0,16.5,4.4,2025-12-23 10:30:35.391973482,13133.64,No
CUST03693,2023-06-25,30,29,North,Basic,Quarterly,749.07,0.05,Yes,5,0,14.4,3.0,2025-12-17 19:50:03.509767283,22490.91,No
CUST03694,2024-08-02,16,39,North,Standard,Monthly,1117.56,0.0,Yes,2,0,28.6,3.1,2025-12-30 00:00:00.000000000,17623.76,No
CUST03695,2025-04-28,8,32,East,Basic,Annual,823.4,0.0,No,1,2,19.7,3.7,2025-12-11 16:46:06.230166252,7068.14,No
CUST03696,2025-01-04,11,28,East,Basic,Monthly,842.23,0.0,No,2,0,27.5,4.1,2025-12-17 21:04:22.054767698,8986.27,No
CUST03697,2023-07-10,29,27,East,Basic,Monthly,727.34,0.0,No,2,1,20.0,4.2,2025-11-29 02:11:09.183256553,20678.93,Yes
CUST03698,2025-05-11,7,39,Central,Standard,Monthly,1256.41,0.05,No,1,1,43.9,3.4,2025-12-12 09:26:36.814317588,9558.3,No
CUST03699,2025-04-09,8,25,East,Premium,Monthly,1655.66,0.05,Yes,1,0,19.7,3.5,2025-12-18 20:54:19.266641810,14065.6,No
CUST03700,2024-02-04,22,33,East,Standard,Monthly,1091.17,0.0,No,1,0,29.5,3.0,2025-12-12 16:06:54.371660415,23393.67,No
CUST03701,2023-02-27,34,49,East,Basic,Monthly,557.39,0.05,No,1,0,19.1,4.9,2025-12-26 01:29:27.508108762,19376.63,No
CUST03702,2024-06-18,18,47,North,Standard,Monthly,1042.07,0.0,Yes,2,0,28.8,3.1,2025-12-29 22:02:27.810491880,18024.87,No
CUST03703,2023-01-25,35,35,West,Basic,Quarterly,709.18,0.0,No,3,0,57.7,2.7,2025-12-27 12:57:13.695748278,24840.0,No
CUST03704,2024-11-13,13,37,East,Basic,Annual,748.56,0.0,No,4,0,26.6,4.6,2025-11-28 21:08:52.148938108,9764.58,Yes
CUST03705,2024-03-27,21,39,West,Standard,Monthly,1144.34,0.0,Yes,2,0,27.6,1.9,2025-12-03 01:40:37.752244755,24937.8,Yes
CUST03706,2023-10-28,26,39,West,Basic,Quarterly,919.42,0.1,Yes,0,0,34.7,3.6,2025-12-23 19:23:37.314753176,24207.53,No
CUST03707,2025-03-24,9,31,South,Basic,Quarterly,579.55,0.05,No,3,1,22.7,3.3,2025-12-17 14:10:53.332240763,5341.69,No
CUST03708,2025-02-21,10,26,West,Basic,Monthly,770.23,0.0,Yes,2,0,29.0,4.0,2025-11-23 01:28:33.793824965,7380.33,Yes
CUST03709,2024-11-19,13,18,East,Premium,Monthly,1737.56,0.1,No,4,0,27.6,3.0,2025-12-17 14:32:56.577979185,23677.53,No
CUST03710,2025-01-19,11,46,North,Basic,Monthly,617.21,0.15,No,1,0,18.0,4.1,2025-12-16 22:23:12.769607544,7186.84,No
CUST03711,2024-09-21,15,46,Central,Basic,Monthly,724.57,0.0,Yes,4,1,21.2,3.4,2025-12-22 01:51:40.474828170,10316.54,No
CUST03712,2023-06-10,30,50,Central,Basic,Monthly,808.31,0.0,No,1,1,10.1,3.9,2025-12-29 11:33:14.707233003,24627.89,No
CUST03713,2023-04-19,32,33,South,Standard,Quarterly,1285.61,0.0,No,3,1,41.3,3.1,2025-12-14 23:34:31.397107115,40364.15,No
CUST03714,2023-08-23,28,43,South,Basic,Monthly,786.21,0.1,Yes,2,2,31.5,3.2,2025-12-22 06:33:16.399311774,22179.39,No
CUST03715,2024-12-18,12,44,North,Basic,Annual,584.97,0.05,Yes,3,0,11.3,3.4,2025-12-17 20:20:30.844963122,6853.51,No
CUST03716,2024-06-12,18,41,Central,Basic,Monthly,731.54,0.0,No,3,0,32.8,3.8,2025-12-12 10:29:52.844586620,13395.32,Yes
CUST03717,2023-03-01,34,49,North,Standard,Monthly,1453.93,0.0,No,2,1,39.3,3.5,2025-12-22 04:33:28.945692850,50654.6,No
CUST03718,2025-02-24,10,36,North,Basic,Monthly,840.84,0.0,Yes,1,0,39.7,4.6,2025-12-11 23:53:35.713891597,8617.51,No
CUST03719,2024-12-20,12,27,South,Standard,Quarterly,956.57,0.15,Yes,4,0,29.0,1.9,2025-12-23 16:42:06.744776219,12400.84,No
CUST03720,2025-06-06,6,52,South,Standard,Annual,1254.5,0.0,No,0,0,13.5,3.6,2025-12-16 12:14:14.017333753,6696.49,No
CUST03721,2025-06-22,6,22,West,Standard,Annual,1091.63,0.05,Yes,4,0,39.3,3.2,2025-12-25 05:34:46.553095523,7507.86,No
CUST03722,2024-03-19,21,41,South,Basic,Monthly,573.86,0.0,Yes,2,1,37.3,3.6,2025-12-22 15:55:39.029859069,12599.27,No
CUST03723,2024-09-04,15,31,South,Standard,Annual,1209.76,0.0,Yes,1,1,12.0,3.0,2025-12-30 00:00:00.000000000,19341.84,No
CUST03724,2023-04-14,32,44,Central,Basic,Annual,783.52,0.05,No,1,1,43.0,3.3,2025-12-01 03:36:21.047908130,24837.65,No
CUST03725,2023-02-24,34,26,North,Standard,Annual,1147.48,0.0,Yes,0,0,25.4,3.2,2025-12-10 08:51:28.480833948,38565.58,Yes
CUST03726,2024-03-18,21,32,West,Standard,Monthly,1368.96,0.0,No,3,0,35.2,3.1,2025-12-30 00:00:00.000000000,29109.3,No
CUST03727,2023-10-21,26,27,South,Standard,Monthly,1350.65,0.05,Yes,1,2,20.4,2.2,2025-12-08 05:33:09.228881155,36227.67,No
CUST03728,2024-08-18,16,44,South,Basic,Monthly,629.6,0.0,No,1,3,28.9,3.3,2025-12-21 00:11:20.043690772,10393.19,No
CUST03729,2023-06-29,30,28,South,Basic,Monthly,756.76,0.0,No,3,0,31.3,3.8,2025-12-17 21:23:05.254415688,22004.92,No
CUST03730,2023-04-04,32,21,North,Basic,Monthly,746.51,0.05,Yes,2,0,21.7,4.1,2025-12-15 01:32:53.116186537,24444.73,No
CUST03731,2023-10-03,26,24,East,Standard,Monthly,1249.74,0.0,No,0,0,23.9,3.3,2025-12-24 20:46:14.906649113,31919.09,No
CUST03732,2023-08-07,28,33,East,Standard,Quarterly,1220.96,0.0,Yes,3,1,40.2,3.3,2025-12-08 16:05:13.791586039,35188.16,No
CUST03733,2023-12-08,24,33,South,Basic,Monthly,719.45,0.1,No,1,0,20.5,2.2,2025-12-27 18:34:45.463407347,17668.06,No
CUST03734,2023-10-30,26,23,Central,Standard,Quarterly,1207.22,0.0,Yes,2,0,31.7,4.1,2025-12-14 13:40:31.820162616,32302.61,No
CUST03735,2025-01-19,11,50,East,Standard,Quarterly,1078.27,0.05,Yes,3,1,26.4,3.2,2025-12-30 00:00:00.000000000,12307.27,No
CUST03736,2024-06-20,18,18,West,Standard,Annual,1489.16,0.0,Yes,1,0,32.6,2.4,2025-12-12 10:58:51.265911049,28212.74,No
CUST03737,2023-02-01,34,31,North,Basic,Monthly,773.17,0.0,No,0,0,33.9,3.2,2025-12-28 17:29:15.824376370,25518.41,No
CUST03738,2024-01-30,23,27,North,Premium,Monthly,2063.42,0.05,No,2,0,23.3,3.1,2025-12-16 16:25:21.227043300,47253.66,No
CUST03739,2024-04-14,20,29,Central,Standard,Quarterly,1199.43,0.0,Yes,3,2,24.3,3.1,2025-12-14 15:32:21.203722917,23439.81,No
CUST03740,2024-04-13,20,32,South,Standard,Monthly,1066.53,0.15,No,1,0,17.1,3.9,2025-12-21 22:58:28.772990058,21485.36,No
CUST03741,2025-04-27,8,20,West,Premium,Quarterly,1897.24,0.1,Yes,3,1,20.8,2.7,2025-12-22 13:41:47.367892845,14429.62,No
CUST03742,2025-04-30,8,25,East,Premium,Quarterly,1748.9,0.0,Yes,2,3,39.6,4.0,2025-12-27 12:02:46.862101888,12312.82,No
CUST03743,2024-12-22,12,29,West,Standard,Annual,1277.93,0.0,No,2,1,37.4,4.3,2025-12-13 16:43:31.339247909,14080.76,No
CUST03744,2023-12-16,24,23,North,Basic,Monthly,751.36,0.0,Yes,2,2,17.5,3.3,2025-11-18 02:35:33.378876474,18624.58,Yes
CUST03745,2025-01-29,11,38,West,Standard,Annual,1072.67,0.0,Yes,4,4,21.3,3.3,2025-12-14 08:10:13.698527857,12684.78,No
CUST03746,2023-01-09,35,24,Central,Standard,Monthly,1025.27,0.05,Yes,3,0,29.8,2.1,2025-12-25 05:08:01.174800181,36162.74,No
CUST03747,2024-08-23,16,47,Central,Basic,Annual,687.15,0.05,Yes,2,1,17.6,3.2,2025-12-30 00:00:00.000000000,10581.74,No
CUST03748,2023-12-14,24,21,North,Basic,Monthly,882.74,0.1,No,2,2,32.4,4.1,2025-12-30 00:00:00.000000000,20493.53,No
CUST03749,2024-11-26,13,50,West,Premium,Monthly,1897.21,0.0,Yes,3,1,38.5,3.2,2025-12-14 02:16:58.416285513,23100.55,No
CUST03750,2024-01-22,23,31,West,Premium,Annual,1770.21,0.1,Yes,3,0,31.2,3.4,2025-12-07 19:31:20.728682029,41503.44,No
CUST03751,2025-04-04,8,55,North,Basic,Monthly,575.21,0.05,Yes,2,1,41.7,4.8,2025-12-25 11:27:28.356893275,5072.37,No
CUST03752,2025-02-15,10,36,South,Standard,Monthly,1173.93,0.05,No,2,1,46.3,2.5,2025-12-24 13:05:50.032030166,10962.23,No
CUST03753,2023-07-04,29,35,South,Standard,Quarterly,1160.89,0.0,Yes,2,0,44.3,2.1,2025-12-21 00:43:45.752543496,34307.68,No
CUST03754,2023-01-16,35,40,East,Standard,Annual,1150.08,0.05,No,1,1,27.4,4.7,2025-12-22 14:19:58.303746901,41244.36,No
CUST03755,2025-02-20,10,18,West,Standard,Monthly,1145.04,0.05,Yes,3,0,17.5,3.1,2025-12-16 05:41:46.357854928,10569.22,No
CUST03756,2023-08-19,28,22,North,Standard,Monthly,876.65,0.05,Yes,0,2,44.9,2.7,2025-12-16 21:48:07.793287609,25009.79,No
CUST03757,2024-11-10,13,27,East,Basic,Quarterly,714.36,0.0,Yes,3,3,24.1,3.7,2025-12-20 16:03:30.816162055,9541.75,No
CUST03758,2025-04-08,8,20,East,Basic,Monthly,735.26,0.1,Yes,1,0,36.5,3.6,2025-12-14 08:15:36.242240997,5922.27,No
CUST03759,2023-04-29,32,41,South,Basic,Monthly,529.58,0.0,Yes,2,1,31.6,3.7,2025-12-04 20:56:41.584857294,16807.56,Yes
CUST03760,2024-07-14,17,62,West,Premium,Quarterly,1931.89,0.15,No,1,1,23.7,3.2,2025-12-17 18:04:48.873376160,33071.56,No
CUST03761,2024-01-25,23,18,East,Standard,Annual,1329.45,0.0,Yes,2,2,26.0,2.1,2025-12-10 12:50:20.365404962,31157.83,No
CUST03762,2023-03-13,33,25,West,Basic,Monthly,791.65,0.15,No,2,0,12.9,4.0,2025-12-17 23:43:32.988823488,26817.18,No
CUST03763,2024-06-26,18,35,North,Standard,Quarterly,1088.53,0.0,Yes,2,0,23.1,3.3,2025-12-23 21:06:32.851754819,18946.61,No
CUST03764,2024-11-26,13,27,Central,Basic,Monthly,515.07,0.0,No,0,1,6.8,3.9,2025-12-19 13:35:10.859638186,6790.4,No
CUST03765,2023-01-25,35,41,Central,Basic,Quarterly,840.77,0.0,Yes,1,2,26.5,3.9,2025-12-06 08:50:12.090633882,28746.71,No
CUST03766,2023-10-02,26,31,East,Basic,Monthly,830.21,0.05,No,1,1,40.3,3.0,2025-12-27 07:34:34.917245660,21998.38,No
CUST03767,2025-06-29,6,41,East,Premium,Monthly,1951.43,0.1,No,1,0,20.9,2.9,2025-12-14 22:39:07.243383459,10592.96,No
CUST03768,2025-06-01,6,50,South,Basic,Quarterly,890.57,0.0,Yes,3,3,6.0,4.4,2025-12-12 17:48:57.787150778,5283.11,No
CUST03769,2023-01-20,35,35,East,Basic,Annual,751.0,0.0,No,0,2,26.4,3.6,2025-12-14 18:05:11.483918414,26831.66,No
CUST03770,2023-05-10,31,41,South,Standard,Monthly,891.18,0.0,Yes,1,0,30.9,4.4,2025-12-20 17:15:38.872250785,28371.54,No
CUST03771,2025-02-14,10,31,East,Premium,Monthly,1918.67,0.05,Yes,3,0,25.9,2.9,2025-11-14 06:24:19.503892968,17595.54,Yes
CUST03772,2025-03-13,9,24,West,Basic,Monthly,533.65,0.0,Yes,0,0,13.9,4.9,2025-12-22 12:29:18.029822393,5102.71,No
CUST03773,2024-03-31,21,39,East,Basic,Annual,803.06,0.0,Yes,1,0,38.2,4.5,2025-12-18 15:12:15.911000888,16107.38,No
CUST03774,2023-05-27,31,34,North,Standard,Quarterly,1404.68,0.0,Yes,3,0,35.1,3.4,2025-12-13 04:08:06.444549647,43447.09,No
CUST03775,2023-09-13,27,30,South,Standard,Quarterly,1215.56,0.1,No,2,2,26.0,3.5,2025-12-01 04:05:31.618015780,33562.62,Yes
CUST03776,2023-03-07,33,28,Central,Standard,Monthly,1170.14,0.0,No,2,2,24.7,3.9,2025-12-07 19:51:50.676425597,39386.01,Yes
CUST03777,2023-06-16,30,26,South,Basic,Quarterly,813.52,0.05,Yes,2,2,29.1,2.3,2025-12-19 13:08:28.448292432,24585.42,Yes
CUST03778,2024-05-05,19,38,East,Premium,Monthly,1700.15,0.0,Yes,2,1,25.0,4.4,2025-12-30 00:00:00.000000000,31586.76,No
CUST03779,2023-12-03,24,33,South,Standard,Monthly,1349.67,0.0,No,2,0,24.7,3.1,2025-12-08 03:26:03.083354031,31996.68,No
CUST03780,2025-05-01,8,19,West,Standard,Monthly,1007.8,0.0,Yes,5,0,26.6,2.0,2025-12-14 19:11:52.023401604,7518.62,No
CUST03781,2024-08-05,16,31,West,Basic,Monthly,827.92,0.15,Yes,2,0,42.8,3.2,2025-11-14 12:58:45.132100225,12767.66,Yes
CUST03782,2023-04-21,32,46,South,Basic,Quarterly,777.4,0.0,Yes,0,0,38.5,3.4,2025-12-19 13:58:50.513784145,24509.26,No
CUST03783,2023-01-28,35,44,South,Standard,Monthly,1157.76,0.05,No,1,2,20.6,3.0,2025-12-08 09:31:01.445966832,41491.48,No
CUST03784,2024-09-18,15,32,North,Standard,Monthly,1043.17,0.1,Yes,5,1,34.6,3.5,2025-12-17 22:27:03.745596370,16104.83,No
CUST03785,2023-06-22,30,37,Central,Basic,Annual,927.69,0.0,Yes,2,1,28.0,2.9,2025-12-13 15:48:26.422731755,28168.03,No
CUST03786,2024-08-10,16,30,Central,Basic,Quarterly,570.1,0.0,Yes,2,0,35.8,2.4,2025-12-16 16:20:58.626661460,8952.36,No
CUST03787,2023-01-08,35,55,South,Standard,Monthly,1137.28,0.0,Yes,1,1,24.3,2.5,2025-12-19 16:37:21.087902093,40063.41,Yes
CUST03788,2025-01-29,11,40,South,Standard,Monthly,1358.74,0.0,Yes,4,1,25.3,4.3,2025-12-17 19:19:26.186893531,14544.45,No
CUST03789,2025-03-09,9,31,Central,Basic,Annual,820.33,0.0,No,3,0,28.5,4.2,2025-12-24 04:02:42.777451274,7131.03,No
CUST03790,2025-02-13,10,44,North,Premium,Quarterly,1816.56,0.05,Yes,0,0,20.9,4.0,2025-12-07 23:09:10.549732047,16985.06,No
CUST03791,2024-10-03,14,30,Central,Basic,Annual,815.16,0.1,Yes,3,3,29.4,2.5,2025-12-16 17:26:46.068379294,11776.23,No
CUST03792,2023-08-13,28,30,East,Basic,Annual,736.73,0.0,No,1,4,23.7,3.6,2025-12-19 20:24:55.516088181,20898.6,No
CUST03793,2023-02-19,34,19,Central,Premium,Monthly,2072.42,0.0,Yes,4,0,16.6,2.3,2025-12-08 07:49:04.800025800,69556.33,No
CUST03794,2023-06-02,30,25,South,Premium,Monthly,2056.64,0.0,No,2,1,35.6,2.9,2025-12-17 22:49:20.945466239,59884.78,No
CUST03795,2024-07-09,17,27,East,Basic,Monthly,862.94,0.0,Yes,2,0,34.5,3.3,2025-12-01 15:07:49.061591213,13810.79,Yes
CUST03796,2023-01-11,35,27,West,Basic,Monthly,778.5,0.0,Yes,0,0,49.8,4.2,2025-12-21 13:19:13.573389801,27717.21,No
CUST03797,2024-12-01,12,24,South,Basic,Monthly,757.75,0.1,No,0,0,17.9,3.6,2025-11-30 14:07:19.037459960,9217.07,No
CUST03798,2024-09-09,15,34,East,Basic,Annual,609.7,0.15,Yes,0,1,22.2,4.4,2025-12-22 04:24:44.876639371,8754.46,No
CUST03799,2024-12-03,12,26,South,Premium,Annual,2029.72,0.1,Yes,2,1,20.1,3.9,2025-12-23 20:32:32.060746490,24632.88,No
CUST03800,2024-04-28,20,50,Central,Basic,Quarterly,641.38,0.05,No,3,1,30.5,1.9,2025-12-06 04:13:41.938816605,12999.1,No
CUST03801,2023-11-24,25,30,East,Standard,Monthly,1274.94,0.0,Yes,3,2,36.4,2.0,2025-12-10 14:11:46.197913774,32318.78,No
CUST03802,2023-07-22,29,21,South,Standard,Annual,1013.44,0.1,Yes,1,0,23.5,4.6,2025-12-10 05:51:40.480730295,30047.67,No
CUST03803,2023-09-29,27,40,West,Premium,Monthly,2048.52,0.05,Yes,8,1,24.7,3.8,2025-12-01 00:00:58.743949128,53734.98,Yes
CUST03804,2023-07-27,29,34,West,Standard,Monthly,1376.11,0.0,No,2,0,35.7,4.0,2025-12-09 18:52:36.331204104,39533.21,No
CUST03805,2024-11-07,13,34,West,Standard,Quarterly,1169.41,0.05,Yes,1,0,23.0,4.0,2025-12-10 20:54:51.503030407,14533.62,No
CUST03806,2024-09-17,15,30,East,Basic,Quarterly,540.35,0.0,Yes,4,0,23.6,3.5,2025-12-18 18:45:41.959521340,7669.56,No
CUST03807,2023-07-05,29,48,West,Premium,Annual,1797.66,0.0,Yes,1,0,36.7,2.8,2025-12-25 05:57:22.694629165,51570.81,No
CUST03808,2023-02-28,34,27,West,Standard,Annual,1184.93,0.0,Yes,1,0,26.8,3.4,2025-12-28 20:57:58.903403320,41113.02,No
CUST03809,2023-03-13,33,44,West,Standard,Monthly,1194.29,0.0,Yes,4,1,31.0,3.3,2025-12-22 10:59:12.654935806,38314.44,No
CUST03810,2024-05-03,19,34,West,Basic,Monthly,770.61,0.0,No,4,0,44.3,3.2,2025-12-16 13:26:03.232267250,15385.72,No
CUST03811,2025-06-04,6,42,South,Standard,Monthly,1438.06,0.0,No,5,0,26.7,3.6,2025-12-16 14:02:24.762844799,9314.67,No
CUST03812,2024-02-15,22,35,North,Standard,Monthly,1351.62,0.05,Yes,4,0,30.5,4.1,2025-12-15 19:16:54.913608161,29720.26,No
CUST03813,2025-01-21,11,54,Central,Basic,Monthly,718.93,0.1,Yes,0,0,23.2,3.0,2025-12-15 22:40:41.430979419,7367.94,No
CUST03814,2025-03-31,9,29,West,Standard,Quarterly,1078.73,0.0,Yes,4,2,18.0,4.5,2025-11-23 11:52:47.257329706,9834.53,Yes
CUST03815,2024-01-08,23,37,East,Basic,Annual,585.92,0.0,Yes,1,2,14.5,3.5,2025-12-24 23:30:43.854457444,13764.06,No
CUST03816,2024-09-10,15,32,East,Basic,Monthly,769.79,0.0,No,2,2,30.0,1.9,2025-12-08 21:46:03.213755608,12044.28,No
CUST03817,2023-04-11,32,35,Central,Standard,Monthly,1024.99,0.0,Yes,1,0,13.4,2.9,2025-12-17 04:38:13.255455354,33636.88,No
CUST03818,2023-09-10,27,25,Central,Standard,Annual,1080.02,0.05,Yes,0,0,24.0,2.4,2025-12-06 23:48:46.365911442,29742.3,No
CUST03819,2025-04-07,8,29,North,Standard,Annual,1079.05,0.0,No,2,1,43.4,4.5,2025-12-20 19:44:58.423460456,9371.98,No
CUST03820,2023-08-28,28,24,South,Premium,Monthly,1482.25,0.0,No,1,3,44.9,3.3,2025-12-23 06:59:23.019312463,42787.53,No
CUST03821,2023-08-25,28,26,East,Standard,Annual,1257.61,0.1,Yes,5,1,20.3,1.8,2025-12-14 03:43:32.439280360,34245.9,No
CUST03822,2023-05-30,31,38,West,Standard,Monthly,1263.4,0.0,Yes,2,1,48.5,4.6,2025-12-13 01:07:58.641299562,40102.75,No
CUST03823,2023-03-08,33,38,Central,Standard,Monthly,934.31,0.05,No,2,0,15.7,4.1,2025-12-24 21:22:31.776643252,31160.42,No
CUST03824,2024-12-31,11,37,East,Standard,Annual,1255.11,0.05,Yes,2,1,32.9,2.4,2025-12-06 18:30:25.692908562,13395.61,No
CUST03825,2024-07-12,17,34,South,Premium,Monthly,1917.48,0.0,Yes,2,1,24.0,3.1,2025-12-01 04:30:06.551779600,34406.14,Yes
CUST03826,2024-08-05,16,26,East,Premium,Monthly,2108.55,0.1,No,0,1,25.9,4.0,2025-12-30 00:00:00.000000000,34814.31,No
CUST03827,2025-03-17,9,36,Central,Standard,Monthly,936.96,0.15,Yes,1,0,38.3,3.4,2025-12-18 18:52:40.752674916,9324.46,No
CUST03828,2024-09-05,15,25,East,Standard,Monthly,1165.07,0.1,No,3,1,28.0,4.1,2025-12-11 17:47:44.616266898,17888.62,No
CUST03829,2023-07-23,29,21,South,Basic,Monthly,688.31,0.1,Yes,2,0,28.2,4.8,2025-12-27 00:38:12.459837607,19716.51,No
CUST03830,2024-06-07,18,45,South,Standard,Monthly,954.38,0.15,Yes,6,2,13.5,3.7,2025-12-09 23:13:13.845751597,16798.31,No
CUST03831,2024-06-22,18,37,South,Standard,Quarterly,1130.13,0.05,Yes,1,0,45.1,3.4,2025-12-21 06:31:27.047078395,19214.59,No
CUST03832,2023-10-20,26,34,North,Standard,Monthly,1099.34,0.0,Yes,7,0,24.6,3.3,2025-12-26 03:01:20.182401691,28830.1,No
CUST03833,2024-06-19,18,52,Central,Standard,Monthly,1413.11,0.05,No,3,1,31.3,3.4,2025-12-11 04:28:47.528075989,24120.82,No
CUST03834,2024-01-31,22,33,Central,Basic,Monthly,887.51,0.0,Yes,1,1,25.0,3.1,2025-12-23 07:58:01.705720279,19341.32,No
CUST03835,2024-11-17,13,48,South,Basic,Quarterly,565.09,0.0,No,2,0,17.2,3.5,2025-12-17 05:53:44.686336428,7045.78,No
CUST03836,2023-04-14,32,25,West,Basic,Monthly,760.94,0.05,Yes,0,0,42.3,3.6,2025-12-20 15:46:03.148515192,24091.74,No
CUST03837,2023-01-18,35,20,North,Standard,Monthly,1224.86,0.0,No,1,1,9.1,3.0,2025-12-24 03:36:40.080560530,43834.1,No
CUST03838,2024-04-09,20,22,Central,Premium,Monthly,2004.74,0.0,Yes,1,0,35.4,4.5,2025-11-24 23:45:52.860892807,38877.21,Yes
CUST03839,2025-03-27,9,42,Central,Standard,Quarterly,1211.98,0.0,No,2,0,26.4,3.8,2025-12-13 12:41:24.506071939,9866.63,No
CUST03840,2023-02-22,34,40,Central,Standard,Annual,1264.51,0.0,Yes,2,1,33.4,3.2,2025-12-29 18:49:52.676910933,43672.83,No
CUST03841,2023-12-09,24,33,South,Standard,Monthly,1122.52,0.0,Yes,6,2,27.9,4.2,2025-12-19 17:01:42.545962880,26591.13,No
CUST03842,2024-04-21,20,19,North,Premium,Monthly,2383.22,0.0,No,4,1,30.9,3.8,2025-12-17 14:51:03.970526300,46100.13,No
CUST03843,2023-02-01,34,27,South,Standard,Monthly,1128.72,0.05,Yes,2,0,30.0,4.4,2025-12-16 08:13:09.799610186,37618.58,No
CUST03844,2023-11-23,25,41,South,Standard,Quarterly,1289.46,0.0,No,5,0,19.8,1.7,2025-12-17 04:09:40.818167139,31126.78,No
CUST03845,2023-01-22,35,38,East,Standard,Annual,981.8,0.0,Yes,3,2,30.4,2.7,2025-12-22 08:27:12.530791573,33672.09,No
CUST03846,2024-01-23,23,25,West,Standard,Monthly,1078.3,0.0,Yes,1,2,36.0,2.8,2025-12-19 08:24:16.959348078,23965.99,No
CUST03847,2024-09-20,15,35,South,Standard,Quarterly,1176.36,0.05,Yes,2,0,17.8,3.6,2025-12-18 21:12:39.900132764,16652.46,No
CUST03848,2024-01-22,23,58,Central,Premium,Quarterly,2216.93,0.1,Yes,3,2,2.0,4.2,2025-12-13 21:14:28.268546200,48797.74,No
CUST03849,2024-09-23,15,32,East,Standard,Annual,1257.11,0.0,Yes,1,1,33.8,3.9,2025-12-05 21:44:32.654865982,18367.9,No
CUST03850,2023-03-10,33,20,South,Basic,Annual,710.11,0.0,Yes,2,0,38.4,2.9,2025-12-30 00:00:00.000000000,23661.44,No
CUST03851,2024-12-29,12,33,West,Standard,Annual,1239.1,0.05,Yes,3,1,23.9,4.4,2025-12-05 03:33:12.033451898,13804.71,No
CUST03852,2023-12-08,24,39,South,Basic,Annual,555.93,0.05,No,2,0,34.0,3.2,2025-12-21 06:40:57.968491668,13153.67,No
CUST03853,2024-03-07,21,49,West,Basic,Annual,738.79,0.0,Yes,3,1,8.7,2.5,2025-12-25 17:04:56.378999756,15464.53,No
CUST03854,2023-07-24,29,36,West,Premium,Monthly,2024.48,0.1,Yes,2,0,26.1,3.2,2025-12-12 04:52:28.142030329,58443.49,No
CUST03855,2023-05-28,31,22,North,Basic,Monthly,715.56,0.05,Yes,3,1,36.7,2.6,2025-12-27 07:11:56.110315719,22392.3,No
CUST03856,2025-01-30,11,32,East,Basic,Quarterly,695.64,0.0,Yes,0,1,25.1,1.7,2025-12-26 15:34:26.438604431,7149.86,No
CUST03857,2023-07-09,29,45,North,Standard,Quarterly,1327.64,0.0,No,1,0,28.4,4.0,2025-12-19 13:38:10.423485842,37835.63,No
CUST03858,2023-10-19,26,28,North,Basic,Monthly,692.52,0.0,Yes,4,0,31.6,4.7,2025-12-30 00:00:00.000000000,17983.02,No
CUST03859,2024-08-09,16,45,Central,Standard,Quarterly,1224.34,0.05,Yes,3,2,17.0,3.5,2025-12-30 00:00:00.000000000,20063.11,No
CUST03860,2023-11-16,25,21,East,Basic,Monthly,673.28,0.0,Yes,5,1,2.6,2.5,2025-12-03 20:23:16.441776822,16894.13,Yes
CUST03861,2024-10-18,14,34,Central,Basic,Monthly,562.74,0.1,Yes,0,1,14.8,4.4,2025-12-30 00:00:00.000000000,8054.42,No
CUST03862,2024-05-04,19,34,North,Standard,Annual,1135.15,0.0,No,2,1,41.4,2.1,2025-12-07 08:45:09.405059124,21220.89,No
CUST03863,2025-04-06,8,24,East,Basic,Monthly,603.71,0.05,Yes,1,1,27.9,2.1,2025-12-13 20:12:10.376997682,4519.88,No
CUST03864,2025-02-09,10,36,South,Basic,Monthly,656.45,0.0,No,2,1,40.5,2.7,2025-12-30 00:00:00.000000000,6338.76,No
CUST03865,2024-12-08,12,43,West,Standard,Monthly,1114.72,0.0,No,2,0,19.3,2.6,2025-12-11 05:41:08.867848961,13199.02,No
CUST03866,2025-03-26,9,31,Central,Premium,Monthly,1640.83,0.1,Yes,2,0,27.2,2.2,2025-12-26 21:16:57.790584570,14913.0,No
CUST03867,2025-02-07,10,29,West,Basic,Annual,750.6,0.05,No,0,0,19.2,2.8,2025-12-22 01:16:41.126519234,8068.02,No
CUST03868,2023-03-01,34,39,West,Standard,Annual,1159.27,0.15,No,2,0,18.0,3.3,2025-12-11 05:02:07.464472651,39582.64,No
CUST03869,2023-10-25,26,44,East,Standard,Monthly,1198.79,0.0,Yes,4,0,3.6,3.9,2025-12-11 23:21:49.503859952,30357.51,No
CUST03870,2025-04-11,8,45,West,Standard,Annual,1294.53,0.0,Yes,6,0,33.6,2.6,2025-12-21 05:13:39.675855784,10006.36,No
CUST03871,2024-12-23,12,32,South,Standard,Annual,835.8,0.0,Yes,3,0,11.1,3.3,2025-12-12 21:11:11.533251884,10104.23,No
CUST03872,2024-09-06,15,30,South,Basic,Quarterly,740.41,0.0,Yes,4,1,28.1,3.9,2025-12-11 23:28:03.372860643,10786.76,Yes
CUST03873,2025-05-22,7,44,North,Basic,Annual,758.81,0.15,Yes,3,1,38.1,3.2,2025-12-16 07:25:30.130744662,5684.64,No
CUST03874,2023-07-30,29,43,North,Basic,Quarterly,718.97,0.0,No,3,2,36.5,3.8,2025-12-17 19:43:10.366753008,21472.76,No
CUST03875,2025-02-10,10,53,Central,Premium,Monthly,2218.34,0.05,Yes,0,0,35.5,3.0,2025-12-24 02:42:22.280792455,20010.91,No
CUST03876,2023-02-03,34,35,Central,Standard,Quarterly,1179.75,0.0,No,3,0,29.3,3.6,2025-12-19 08:25:08.319248645,40381.83,No
CUST03877,2023-11-13,25,38,West,Premium,Monthly,1600.75,0.05,Yes,0,1,22.3,4.0,2025-12-13 22:04:57.904712012,39279.58,No
CUST03878,2025-06-05,6,33,East,Basic,Monthly,869.4,0.0,Yes,2,0,19.7,2.6,2025-12-11 21:30:38.533245650,5245.69,No
CUST03879,2023-12-14,24,29,Central,Basic,Monthly,698.0,0.0,No,4,0,30.9,4.8,2025-12-30 00:00:00.000000000,16931.36,No
CUST03880,2025-06-22,6,64,North,Standard,Annual,1409.37,0.05,Yes,1,1,47.5,2.8,2025-12-10 02:58:07.456685973,8724.19,No
CUST03881,2023-03-31,33,38,Central,Basic,Quarterly,575.88,0.05,Yes,1,1,40.3,4.8,2025-12-29 02:22:16.184553744,19364.4,No
CUST03882,2024-07-09,17,30,South,Standard,Monthly,1128.97,0.1,Yes,3,0,5.7,2.3,2025-12-10 02:33:14.467453097,19743.02,No
CUST03883,2025-03-23,9,35,South,Basic,Annual,639.65,0.05,Yes,3,1,35.1,3.5,2025-12-16 06:20:27.117414284,5299.47,No
CUST03884,2023-09-05,27,35,Central,Standard,Quarterly,1156.58,0.05,No,5,0,8.7,2.9,2025-12-21 22:10:08.211304255,30215.82,No
CUST03885,2025-04-11,8,26,North,Premium,Monthly,1873.85,0.0,Yes,1,0,29.7,3.7,2025-12-24 17:57:19.953888083,14987.47,No
CUST03886,2024-08-20,16,19,West,Standard,Monthly,1349.04,0.0,Yes,4,0,43.5,3.9,2025-12-30 00:00:00.000000000,21248.18,No
CUST03887,2023-01-05,35,26,South,Standard,Annual,1264.72,0.0,No,3,0,26.1,3.0,2025-12-20 04:30:00.870921211,45027.32,No
CUST03888,2023-11-29,25,28,East,Basic,Monthly,675.39,0.1,Yes,0,0,24.7,4.2,2025-12-15 03:39:29.911296658,17272.32,No
CUST03889,2023-08-15,28,37,South,Basic,Quarterly,634.56,0.0,No,3,2,37.4,4.0,2025-12-08 17:07:11.133262604,17803.27,No
CUST03890,2024-06-21,18,38,Central,Standard,Monthly,1205.94,0.0,Yes,4,2,14.1,4.4,2025-12-19 18:29:41.013928992,22363.24,No
CUST03891,2023-04-18,32,18,East,Basic,Monthly,586.19,0.05,Yes,2,1,15.9,5.0,2025-12-20 16:49:24.662149865,19254.02,No
CUST03892,2023-08-22,28,21,West,Basic,Annual,690.41,0.0,No,4,2,40.9,1.6,2025-12-23 05:59:33.826203370,19950.47,No
CUST03893,2023-04-10,32,24,East,Standard,Monthly,1113.22,0.0,No,1,1,24.7,3.0,2025-12-18 04:58:04.313087461,36274.3,No
CUST03894,2024-06-06,18,50,West,Standard,Annual,1164.2,0.0,Yes,1,3,29.1,3.8,2025-12-16 18:17:31.179637925,19986.73,No
CUST03895,2023-12-11,24,39,West,Standard,Quarterly,1176.11,0.0,Yes,1,0,19.8,3.6,2025-12-20 22:31:36.033661258,28913.09,No
CUST03896,2024-05-16,19,29,East,Standard,Annual,989.68,0.0,Yes,2,0,26.7,2.7,2025-12-11 21:46:12.164184984,18357.02,No
CUST03897,2023-07-11,29,31,West,Basic,Monthly,697.92,0.0,No,5,1,43.5,4.2,2025-12-27 10:17:56.583075000,20266.64,No
CUST03898,2024-02-02,22,32,East,Standard,Monthly,1206.81,0.0,Yes,2,0,2.0,4.6,2025-12-08 18:00:52.465839973,25637.65,No
CUST03899,2024-03-29,21,18,West,Standard,Monthly,1127.86,0.0,Yes,2,0,16.8,3.5,2025-12-09 02:59:19.043365330,22856.95,No
CUST03900,2023-08-10,28,44,West,Premium,Quarterly,1773.71,0.1,Yes,1,0,37.9,2.7,2025-12-30 00:00:00.000000000,49393.7,No
CUST03901,2023-08-05,28,41,West,Basic,Quarterly,949.28,0.05,No,2,0,25.9,2.9,2025-12-17 14:33:44.098516446,26292.09,No
CUST03902,2023-12-04,24,36,Central,Premium,Annual,1903.06,0.0,Yes,2,0,28.5,4.2,2025-12-24 01:19:59.492033841,46452.18,No
CUST03903,2024-03-19,21,34,West,Standard,Monthly,1133.05,0.0,Yes,4,0,31.6,3.2,2025-12-19 19:17:16.869516026,24636.99,No
CUST03904,2023-12-30,24,31,East,Premium,Monthly,1669.71,0.0,Yes,3,0,23.2,3.0,2025-12-30 00:00:00.000000000,38984.08,No
CUST03905,2023-06-08,30,29,Central,Standard,Monthly,1139.77,0.05,Yes,1,1,28.0,3.6,2025-12-08 17:27:59.455330471,33918.38,No
CUST03906,2024-08-21,16,20,North,Standard,Quarterly,1229.7,0.1,No,2,0,26.0,4.5,2025-12-23 17:29:27.683560839,20352.88,No
CUST03907,2024-07-27,17,40,Central,Premium,Quarterly,1846.14,0.1,No,4,2,29.6,2.4,2025-12-06 09:05:57.294952619,29764.32,No
CUST03908,2023-06-04,30,23,North,Standard,Monthly,1329.44,0.0,Yes,1,0,24.7,4.2,2025-12-17 19:32:41.316716478,38874.43,No
CUST03909,2024-06-08,18,34,West,Standard,Monthly,1183.43,0.05,No,1,1,31.9,2.6,2025-12-10 15:41:42.127856636,21162.71,No
CUST03910,2024-10-01,14,30,Central,Basic,Monthly,755.07,0.05,No,2,1,13.4,5.0,2025-12-11 01:33:11.299503272,10425.16,No
CUST03911,2023-03-07,33,30,South,Basic,Monthly,560.48,0.0,No,2,0,32.5,3.4,2025-12-30 00:00:00.000000000,18918.46,No
CUST03912,2024-08-06,16,38,Central,Basic,Annual,493.35,0.0,Yes,5,1,29.6,3.3,2025-12-16 20:40:17.574530230,7782.78,No
CUST03913,2025-05-19,7,32,Central,Standard,Monthly,1304.91,0.0,Yes,3,1,50.4,3.3,2025-12-22 10:03:05.469310530,8048.16,No
CUST03914,2025-03-02,9,24,North,Basic,Monthly,749.43,0.0,No,0,0,55.8,3.3,2025-12-28 23:19:07.979856016,6495.2,No
CUST03915,2023-04-14,32,41,South,Basic,Annual,602.46,0.1,Yes,1,0,34.2,3.1,2025-12-22 01:35:30.040894499,19042.51,No
CUST03916,2025-01-03,11,47,Central,Basic,Monthly,555.47,0.1,Yes,3,1,11.8,4.0,2025-12-30 00:00:00.000000000,6124.93,No
CUST03917,2024-09-26,15,36,West,Standard,Monthly,1226.65,0.05,Yes,3,2,19.0,3.4,2025-12-20 06:36:56.002198799,17444.5,No
CUST03918,2025-05-11,7,37,West,Standard,Quarterly,1141.47,0.0,Yes,0,2,30.5,4.2,2025-12-05 18:58:38.217422854,8671.16,Yes
CUST03919,2023-11-24,25,32,South,Standard,Quarterly,1274.63,0.0,Yes,3,1,13.2,3.0,2025-12-13 03:22:17.342279922,31731.57,No
CUST03920,2024-12-12,12,50,North,Basic,Monthly,703.64,0.0,Yes,0,3,40.7,3.0,2025-12-08 00:56:51.180735308,8518.2,Yes
CUST03921,2025-02-24,10,38,North,Basic,Quarterly,683.13,0.0,Yes,2,1,18.7,2.9,2025-12-18 10:14:26.865033637,7397.04,No
CUST03922,2023-04-11,32,26,Central,Standard,Monthly,1274.57,0.0,Yes,0,1,23.2,4.5,2025-12-30 00:00:00.000000000,39979.02,No
CUST03923,2024-05-18,19,45,South,Basic,Monthly,627.93,0.0,Yes,4,1,45.2,2.4,2025-12-28 11:19:13.254277245,11758.55,No
CUST03924,2023-09-01,27,53,West,Standard,Quarterly,1213.63,0.05,Yes,3,1,21.0,4.5,2025-12-20 11:50:21.291831586,32236.79,No
CUST03925,2025-02-18,10,37,West,Standard,Monthly,933.52,0.0,No,2,1,40.9,3.5,2025-12-09 00:02:50.135334404,9185.36,No
CUST03926,2024-06-03,18,24,East,Standard,Monthly,1049.78,0.1,Yes,0,0,34.7,3.9,2025-12-27 13:02:43.806816235,19463.61,No
CUST03927,2024-04-30,20,18,West,Standard,Quarterly,1185.48,0.0,Yes,5,0,17.6,4.6,2025-12-09 14:34:27.354128999,24283.84,No
CUST03928,2023-01-13,35,24,North,Basic,Annual,783.74,0.0,Yes,1,0,43.4,3.5,2025-12-18 19:42:29.854649682,27304.65,No
CUST03929,2023-12-14,24,57,West,Basic,Monthly,528.91,0.15,No,3,0,35.5,5.0,2025-12-17 20:10:12.588957751,12224.95,No
CUST03930,2023-06-20,30,26,North,Standard,Monthly,1214.03,0.0,Yes,4,2,21.5,3.9,2025-12-02 00:32:44.755799381,35757.96,Yes
CUST03931,2023-12-29,24,21,West,Standard,Monthly,1282.02,0.0,Yes,4,0,39.3,4.2,2025-12-22 11:50:01.984298710,29751.22,No
CUST03932,2025-05-27,7,33,North,Standard,Monthly,1122.26,0.0,No,2,2,33.7,3.5,2025-12-13 08:03:07.169943341,7250.78,No
CUST03933,2024-06-12,18,41,South,Standard,Monthly,1231.52,0.0,Yes,1,1,21.9,5.0,2025-12-15 06:47:28.853090915,21355.61,No
CUST03934,2023-04-22,32,31,East,Basic,Monthly,717.85,0.0,Yes,0,0,19.4,3.9,2025-12-16 01:18:11.102405706,23447.06,No
CUST03935,2025-06-28,6,31,Central,Premium,Monthly,1704.34,0.0,No,4,3,25.4,3.8,2025-12-09 16:39:45.645481792,11146.7,No
CUST03936,2024-01-25,23,37,South,Premium,Monthly,1777.95,0.0,No,1,1,37.1,3.5,2025-12-09 18:26:08.642299955,39280.0,No
CUST03937,2024-09-23,15,47,North,Standard,Quarterly,1404.3,0.0,Yes,2,0,26.2,4.4,2025-12-21 07:38:24.512876074,20492.4,No
CUST03938,2023-04-30,32,39,Central,Standard,Quarterly,1318.66,0.1,No,1,0,29.1,4.9,2025-12-18 21:22:18.717522719,42256.91,No
CUST03939,2024-10-28,14,29,East,Standard,Monthly,1208.94,0.05,Yes,3,1,20.0,2.5,2025-12-14 16:02:23.493761636,18070.39,No
CUST03940,2025-01-29,11,30,East,Standard,Quarterly,1150.79,0.05,No,2,4,22.5,3.5,2025-12-09 18:50:01.031099171,13417.09,No
CUST03941,2024-02-09,22,36,West,Basic,Monthly,609.84,0.0,Yes,2,0,22.2,4.1,2025-12-23 22:09:03.929465040,13728.32,No
CUST03942,2023-04-07,32,23,South,Standard,Monthly,1162.08,0.0,No,2,1,34.4,3.6,2025-11-23 09:27:18.016215040,36359.72,Yes
CUST03943,2023-11-06,25,36,East,Basic,Quarterly,857.16,0.05,No,5,0,2.0,3.7,2025-12-11 03:56:51.384126748,21683.1,No
CUST03944,2025-01-09,11,48,South,Standard,Monthly,1049.3,0.1,No,3,3,45.5,4.0,2025-12-11 00:16:45.097201604,11047.26,No
CUST03945,2023-02-26,34,32,South,Premium,Monthly,2353.41,0.0,No,2,0,19.5,3.7,2025-12-18 03:29:34.079069651,81938.63,No
CUST03946,2025-03-12,9,30,Central,Premium,Quarterly,1599.3,0.0,Yes,1,1,28.4,3.6,2025-12-20 13:11:55.320466558,15698.66,No
CUST03947,2025-04-29,8,38,East,Standard,Monthly,955.48,0.0,No,0,2,22.6,4.9,2025-12-23 18:59:16.936311080,7027.86,No
CUST03948,2025-01-19,11,25,South,Standard,Quarterly,1235.61,0.15,Yes,1,2,22.9,3.7,2025-12-30 00:00:00.000000000,12625.13,No
CUST03949,2024-09-11,15,48,West,Premium,Annual,1988.66,0.05,No,6,0,33.8,4.2,2025-12-21 06:15:23.605417711,28516.34,No
CUST03950,2024-11-21,13,45,Central,Basic,Monthly,634.16,0.0,Yes,1,1,19.3,3.6,2025-12-23 21:09:10.385879755,7710.05,No
CUST03951,2023-08-18,28,43,South,Basic,Annual,682.39,0.05,Yes,2,1,29.8,2.8,2025-12-11 11:38:01.362814795,18770.31,No
CUST03952,2025-05-20,7,36,South,Standard,Monthly,1418.9,0.0,Yes,3,1,35.0,2.8,2025-12-12 05:26:41.070792331,10016.12,Yes
CUST03953,2023-04-15,32,36,East,Standard,Annual,1095.41,0.0,Yes,3,0,23.3,3.2,2025-12-22 05:34:16.838542013,35359.1,No
CUST03954,2024-05-06,19,39,East,Premium,Annual,2033.92,0.05,Yes,2,1,18.3,3.8,2025-12-14 21:48:01.566335886,38308.63,No
CUST03955,2024-10-16,14,23,Central,Standard,Annual,1090.3,0.05,No,3,0,36.2,5.0,2025-12-15 00:28:22.398545327,15091.26,No
CUST03956,2023-12-23,24,29,West,Basic,Monthly,793.46,0.0,Yes,3,0,32.4,3.6,2025-12-12 15:24:14.167915056,18418.74,No
CUST03957,2024-01-20,23,31,West,Standard,Monthly,977.96,0.0,No,4,1,29.2,1.7,2025-12-11 14:52:24.034688095,22288.11,Yes
CUST03958,2023-08-24,28,45,Central,Premium,Monthly,2039.06,0.15,No,2,1,20.9,4.6,2025-12-28 11:34:41.946159075,55751.69,No
CUST03959,2023-09-07,27,54,South,Basic,Monthly,794.46,0.0,Yes,0,1,30.0,4.1,2025-12-16 19:40:23.944291413,20896.32,No
CUST03960,2024-06-27,18,33,North,Basic,Quarterly,653.17,0.0,Yes,2,1,28.2,3.8,2025-12-26 12:28:36.210251237,12248.9,No
CUST03961,2024-07-07,17,37,Central,Standard,Quarterly,1305.66,0.0,No,1,0,33.7,4.5,2025-12-17 14:10:56.739767520,21718.73,No
CUST03962,2024-08-20,16,36,South,Standard,Annual,1333.23,0.1,No,2,1,44.8,3.4,2025-12-16 22:49:15.220169115,22156.1,No
CUST03963,2023-06-18,30,29,South,Premium,Annual,1913.02,0.0,Yes,2,1,28.0,3.2,2025-12-25 10:54:15.610682771,57246.99,No
CUST03964,2024-04-03,20,29,Central,Basic,Quarterly,816.18,0.05,No,4,1,20.2,2.0,2025-12-14 22:43:33.978441326,15920.16,No
CUST03965,2023-07-09,29,35,East,Basic,Monthly,787.51,0.0,No,3,0,18.5,2.7,2025-12-12 18:18:07.167450491,22721.42,No
CUST03966,2024-11-16,13,46,Central,Basic,Monthly,800.17,0.1,Yes,2,1,39.4,3.6,2025-12-19 11:28:00.141447888,9759.53,No
CUST03967,2023-11-01,25,21,East,Standard,Monthly,1431.31,0.0,Yes,2,2,40.0,3.9,2025-12-09 22:15:02.563115570,34771.71,No
CUST03968,2023-08-06,28,43,Central,Premium,Annual,1655.95,0.15,Yes,3,0,21.4,3.1,2025-12-24 02:53:55.171030091,47897.15,No
CUST03969,2023-10-08,26,23,East,Basic,Monthly,684.35,0.0,No,2,3,30.3,3.2,2025-12-17 18:57:23.625122997,17533.05,No
CUST03970,2024-05-13,19,42,East,Basic,Monthly,539.58,0.0,Yes,1,0,17.3,3.9,2025-12-18 17:51:52.332551816,9869.61,No
CUST03971,2023-06-02,30,32,Central,Basic,Monthly,864.1,0.1,No,5,1,32.1,2.8,2025-12-26 17:09:03.880987627,26616.88,No
CUST03972,2024-02-10,22,23,North,Basic,Monthly,750.67,0.0,Yes,3,0,33.6,2.3,2025-12-18 08:07:53.047213637,17260.2,No
CUST03973,2025-04-07,8,20,Central,Standard,Monthly,1338.58,0.0,Yes,2,1,27.7,2.3,2025-12-18 13:58:19.165236791,10001.35,No
CUST03974,2024-02-02,22,31,East,Basic,Quarterly,676.03,0.05,Yes,2,0,17.6,2.7,2025-12-10 09:19:07.841779574,15482.88,No
CUST03975,2024-01-25,23,43,East,Basic,Annual,729.01,0.1,Yes,2,1,26.9,3.5,2025-12-05 20:54:54.676906975,17060.98,No
CUST03976,2024-12-25,12,27,Central,Basic,Monthly,446.28,0.1,Yes,4,0,25.7,3.4,2025-12-19 12:44:01.682461502,5053.87,No
CUST03977,2023-04-25,32,35,East,Premium,Monthly,1752.89,0.15,Yes,1,1,24.0,3.3,2025-12-19 15:14:00.444867196,55449.56,No
CUST03978,2024-05-06,19,25,East,Basic,Quarterly,769.6,0.05,No,3,0,12.7,1.9,2025-12-21 14:05:08.789950176,14789.92,No
CUST03979,2024-01-29,23,24,Central,Premium,Monthly,1995.64,0.0,Yes,3,0,8.9,3.9,2025-12-07 20:56:32.064798040,47342.69,No
CUST03980,2023-12-06,24,29,North,Basic,Monthly,644.0,0.0,No,1,0,27.0,4.4,2025-11-05 16:56:53.275323702,15313.92,Yes
CUST03981,2023-03-16,33,23,Central,Basic,Monthly,674.27,0.1,Yes,4,0,13.2,5.0,2025-12-15 02:37:57.979904676,22684.94,No
CUST03982,2024-12-18,12,35,West,Premium,Monthly,1973.95,0.0,No,0,0,36.3,5.0,2025-12-18 05:11:44.991673438,22200.02,No
CUST03983,2023-11-20,25,18,Central,Premium,Annual,1764.76,0.0,Yes,2,0,31.6,2.6,2025-12-11 14:19:19.673675939,45703.77,No
CUST03984,2024-08-09,16,49,North,Standard,Monthly,1273.56,0.1,No,3,1,42.3,2.9,2025-12-20 11:01:25.259572468,19402.64,No
CUST03985,2023-07-19,29,28,North,Standard,Monthly,1279.1,0.05,Yes,7,0,7.6,4.0,2025-12-20 20:29:14.614060848,37697.56,No
CUST03986,2023-10-16,26,27,West,Basic,Annual,713.91,0.0,No,1,1,22.9,3.2,2025-12-27 07:07:58.493446473,18500.79,No
CUST03987,2023-07-21,29,44,Central,Basic,Monthly,697.81,0.05,Yes,1,0,29.5,2.9,2025-12-25 01:15:27.216535807,20417.84,No
CUST03988,2025-03-31,9,30,South,Standard,Monthly,1228.73,0.1,No,4,1,23.4,2.8,2025-12-22 07:55:21.150800818,10251.96,No
CUST03989,2023-08-29,28,45,West,Premium,Monthly,1766.89,0.05,No,0,0,21.7,5.0,2025-12-16 15:31:05.679035697,49092.65,No
CUST03990,2023-01-04,35,25,East,Standard,Monthly,1492.83,0.05,No,1,0,22.0,3.7,2025-12-18 23:11:03.379951634,52312.89,No
CUST03991,2024-12-16,12,25,East,Basic,Monthly,692.28,0.05,Yes,4,0,14.5,2.1,2025-12-30 00:00:00.000000000,8800.3,No
CUST03992,2023-04-25,32,26,North,Premium,Monthly,1916.71,0.0,No,2,0,43.3,3.7,2025-12-28 09:17:29.156179673,59486.91,No
CUST03993,2025-02-20,10,50,West,Basic,Monthly,641.91,0.0,Yes,4,0,13.9,2.9,2025-12-03 09:15:39.216160950,6627.16,Yes
CUST03994,2023-02-02,34,18,East,Basic,Annual,812.55,0.0,No,3,0,28.7,4.1,2025-12-10 13:18:59.735698762,28390.9,No
CUST03995,2023-05-20,31,35,Central,Basic,Quarterly,713.38,0.0,Yes,3,2,19.2,3.7,2025-12-08 09:52:38.332434824,21687.49,Yes
CUST03996,2023-08-15,28,52,West,Standard,Monthly,1309.51,0.1,Yes,0,0,18.0,2.7,2025-12-18 11:20:09.968886215,36001.12,No
CUST03997,2025-05-28,7,27,Central,Basic,Monthly,704.55,0.05,Yes,3,0,37.8,3.9,2025-12-15 23:13:21.574139011,5107.74,No
CUST03998,2024-08-16,16,45,Central,Basic,Monthly,612.84,0.05,Yes,2,0,22.5,4.2,2025-12-27 05:20:56.402026867,9528.74,No
CUST03999,2024-10-31,13,41,West,Basic,Annual,595.81,0.1,Yes,4,0,27.5,4.1,2025-12-05 10:32:20.525003348,8097.74,No
CUST04000,2023-11-05,25,40,East,Standard,Monthly,1284.55,0.15,Yes,2,0,12.3,5.0,2025-12-15 21:00:18.314552227,31483.64,No
CUST04001,2023-10-11,26,35,West,Basic,Monthly,772.68,0.0,Yes,3,1,36.4,3.6,2025-11-13 19:36:23.288490009,20812.35,Yes
CUST04002,2023-11-28,25,31,North,Premium,Annual,1539.43,0.05,No,2,1,31.8,4.3,2025-12-30 00:00:00.000000000,38155.52,No
CUST04003,2025-05-17,7,26,East,Standard,Monthly,1291.75,0.0,No,1,1,33.7,3.6,2025-12-19 03:06:03.710964010,9640.53,No
CUST04004,2025-05-24,7,35,North,Basic,Annual,732.62,0.1,Yes,1,0,33.1,3.8,2025-12-02 20:05:50.293769387,5717.12,No
CUST04005,2023-03-30,33,40,South,Standard,Monthly,1079.31,0.05,Yes,2,0,37.3,3.7,2025-12-09 11:03:24.351059863,36630.07,No
CUST04006,2023-11-11,25,31,West,Basic,Annual,761.32,0.0,No,1,0,30.0,3.6,2025-12-15 09:06:08.977742226,19493.37,No
CUST04007,2025-03-28,9,44,South,Basic,Quarterly,580.26,0.0,Yes,4,1,31.6,2.8,2025-12-30 00:00:00.000000000,5469.99,No
CUST04008,2023-12-21,24,41,East,Standard,Annual,1025.59,0.0,No,0,0,25.2,2.8,2025-11-22 12:26:14.463820352,25434.3,Yes
CUST04009,2025-02-26,10,37,West,Premium,Monthly,2270.56,0.05,Yes,3,0,21.6,4.1,2025-12-19 12:40:49.174625580,24769.23,No
CUST04010,2024-12-31,11,31,Central,Premium,Monthly,1701.99,0.0,Yes,0,0,28.8,2.4,2025-12-10 21:43:58.695805465,17048.55,No
CUST04011,2025-03-16,9,40,East,Standard,Monthly,1014.38,0.1,Yes,0,0,16.1,3.2,2025-12-27 12:05:43.084950052,10065.0,No
CUST04012,2023-03-20,33,36,North,Basic,Quarterly,607.3,0.0,Yes,2,0,3.4,4.1,2025-12-19 00:43:49.040083895,20186.58,No
CUST04013,2024-05-06,19,54,West,Standard,Monthly,1221.71,0.05,Yes,1,1,5.2,2.3,2025-12-21 06:53:56.937700047,24149.19,No
CUST04014,2023-08-04,28,37,South,Standard,Monthly,1276.34,0.0,No,4,1,28.4,4.0,2025-12-04 04:22:41.492515884,37009.74,No
CUST04015,2023-02-08,34,40,West,Premium,Monthly,1800.34,0.1,Yes,4,1,32.3,3.2,2025-12-19 22:16:34.734497520,62318.52,No
CUST04016,2024-09-05,15,21,Central,Basic,Monthly,752.24,0.0,Yes,1,0,28.8,3.1,2025-12-11 09:29:56.664553753,11447.71,No
CUST04017,2024-02-08,22,35,West,Standard,Annual,1028.64,0.0,Yes,0,1,27.6,2.8,2025-12-18 14:06:41.179239182,23565.91,No
CUST04018,2024-01-17,23,50,North,Premium,Quarterly,1762.22,0.0,Yes,2,2,16.4,3.3,2025-12-17 20:16:22.794458077,38876.28,No
CUST04019,2023-10-28,26,38,West,Standard,Monthly,1208.07,0.0,No,5,2,37.0,4.1,2025-12-17 14:17:46.168716676,32471.64,No
CUST04020,2025-02-14,10,43,North,Standard,Annual,1057.41,0.0,No,7,0,25.5,3.3,2025-12-17 23:40:15.420081896,9690.16,No
CUST04021,2023-09-21,27,31,West,Basic,Quarterly,561.71,0.0,Yes,8,0,2.0,4.0,2025-12-29 17:56:58.510686224,15019.13,No
CUST04022,2024-07-19,17,29,West,Standard,Monthly,1312.05,0.05,Yes,1,0,20.5,2.3,2025-12-06 22:23:00.731940418,21660.51,No
CUST04023,2024-12-11,12,36,Central,Standard,Monthly,1032.75,0.1,Yes,3,1,3.6,1.7,2025-12-11 13:56:09.288344317,12895.19,No
CUST04024,2023-10-31,26,23,Central,Premium,Annual,1483.91,0.0,Yes,2,0,38.1,1.9,2025-12-29 15:30:35.477627026,38632.2,No
CUST04025,2025-05-09,7,31,South,Standard,Monthly,1355.47,0.05,Yes,2,0,41.0,3.5,2025-12-04 21:01:00.953322390,10263.78,No
CUST04026,2024-10-04,14,56,West,Basic,Monthly,616.75,0.05,No,4,0,24.6,2.9,2025-12-04 16:51:17.369303461,8289.89,No
CUST04027,2025-03-10,9,33,West,Standard,Quarterly,1279.83,0.05,Yes,3,1,11.0,3.4,2025-12-18 21:21:50.918344215,12021.05,No
CUST04028,2024-05-03,19,28,North,Basic,Quarterly,807.31,0.15,Yes,5,2,16.9,2.9,2025-12-02 15:00:36.375489038,15212.52,Yes
CUST04029,2024-04-12,20,48,West,Premium,Monthly,1593.17,0.1,Yes,0,0,15.3,4.6,2025-12-11 21:03:05.543933956,31362.02,No
CUST04030,2024-06-26,18,38,South,Basic,Monthly,728.67,0.0,Yes,6,0,21.4,3.9,2025-12-30 00:00:00.000000000,12534.81,No
CUST04031,2024-02-06,22,29,North,Premium,Annual,1940.4,0.0,Yes,4,0,45.5,2.8,2025-12-13 02:45:07.954128657,44063.77,No
CUST04032,2023-09-26,27,34,Central,Standard,Annual,1140.85,0.0,Yes,1,0,25.8,2.3,2025-12-21 17:30:33.781741765,30617.99,No
CUST04033,2024-06-07,18,33,Central,Basic,Monthly,656.36,0.0,Yes,5,2,17.2,3.9,2025-12-20 04:06:47.535705453,12379.59,No
CUST04034,2025-01-10,11,28,East,Standard,Monthly,1359.23,0.0,No,1,1,33.1,3.5,2025-12-15 02:47:24.618216175,14887.87,No
CUST04035,2023-02-26,34,36,North,Premium,Quarterly,1881.19,0.0,Yes,1,0,29.4,3.5,2025-12-30 00:00:00.000000000,65669.09,No
CUST04036,2023-05-21,31,35,West,Basic,Monthly,688.94,0.0,No,3,2,47.0,2.3,2025-12-23 00:50:17.064773736,22018.56,No
CUST04037,2023-12-05,24,29,East,Basic,Annual,604.34,0.0,Yes,3,1,13.7,2.2,2025-12-23 06:03:37.368114434,14758.57,No
CUST04038,2024-07-17,17,31,South,Premium,Quarterly,2076.44,0.15,Yes,3,0,22.3,3.2,2025-12-24 22:18:20.867248057,36456.99,No
CUST04039,2023-04-03,32,48,East,Basic,Annual,770.65,0.05,Yes,0,0,51.9,4.4,2025-12-21 02:51:36.699652118,24214.78,No
CUST04040,2023-01-15,35,50,North,Standard,Annual,1216.38,0.0,No,2,2,29.5,4.3,2025-12-15 17:46:43.995303371,43036.82,No
CUST04041,2025-04-13,8,36,Central,Premium,Annual,1796.86,0.0,Yes,0,1,28.0,4.4,2025-12-12 16:09:12.282419546,13957.06,No
CUST04042,2024-09-11,15,18,West,Standard,Monthly,1407.76,0.05,No,0,1,22.4,1.8,2025-11-28 19:40:41.718216064,21402.7,Yes
CUST04043,2023-07-28,29,34,North,Standard,Monthly,1126.6,0.0,No,4,0,24.3,3.1,2025-12-25 04:29:39.118480999,33762.31,No
CUST04044,2024-05-17,19,20,Central,Basic,Quarterly,560.92,0.0,Yes,7,0,27.0,2.6,2025-11-23 13:16:08.521967640,11009.89,Yes
CUST04045,2023-12-13,24,29,South,Standard,Monthly,1137.18,0.05,Yes,3,1,30.2,3.5,2025-12-29 10:16:50.325591974,27508.88,No
CUST04046,2023-09-29,27,18,North,Basic,Monthly,808.6,0.05,Yes,1,1,25.0,3.4,2025-11-26 14:03:09.917911273,22470.63,Yes
CUST04047,2024-05-05,19,52,North,Basic,Quarterly,542.44,0.1,No,3,0,27.1,3.6,2025-12-09 23:10:37.380367454,9823.53,Yes
CUST04048,2023-10-08,26,34,West,Premium,Monthly,2093.22,0.0,Yes,4,2,15.4,2.5,2025-12-25 15:28:47.543528998,53289.16,No
CUST04049,2024-07-09,17,48,Central,Standard,Monthly,1230.99,0.0,No,1,1,18.1,3.7,2025-12-01 15:45:37.416624167,20628.95,Yes
CUST04050,2025-03-27,9,18,East,Standard,Monthly,1173.87,0.05,Yes,2,1,28.6,4.8,2025-12-22 00:45:09.069268732,10994.15,No
CUST04051,2024-06-14,18,51,East,Standard,Monthly,1035.72,0.05,No,0,1,22.1,3.7,2025-12-14 00:23:46.609964765,17697.78,No
CUST04052,2024-07-19,17,36,South,Standard,Monthly,1293.74,0.15,Yes,4,3,23.7,3.8,2025-12-20 15:35:24.119035325,20917.52,No
CUST04053,2024-04-10,20,43,Central,Standard,Monthly,1267.1,0.1,Yes,2,0,37.2,5.0,2025-12-23 07:26:47.007900243,25971.66,No
CUST04054,2023-01-04,35,32,North,Basic,Quarterly,763.39,0.05,Yes,1,1,21.0,3.2,2025-12-13 06:04:35.767217609,26144.8,No
CUST04055,2024-06-28,18,30,Central,Basic,Quarterly,549.98,0.05,No,0,0,30.9,4.6,2025-12-15 18:38:11.775853882,10212.47,No
CUST04056,2024-03-26,21,18,East,Basic,Quarterly,751.52,0.0,No,0,1,25.4,4.7,2025-12-26 10:30:09.207117980,16439.37,No
CUST04057,2024-03-13,21,31,South,Basic,Annual,626.3,0.05,No,0,2,34.6,4.5,2025-11-23 16:21:54.745678440,12914.46,Yes
CUST04058,2025-01-08,11,18,North,Basic,Monthly,765.36,0.0,Yes,0,1,38.3,3.0,2025-12-18 10:03:25.899495691,7967.66,No
CUST04059,2023-08-31,28,29,West,Basic,Annual,624.11,0.0,Yes,1,0,38.8,3.9,2025-12-07 21:01:04.640376320,17008.07,No
CUST04060,2024-03-05,21,19,East,Basic,Monthly,796.77,0.15,No,3,1,10.3,2.6,2025-11-30 06:12:24.409709854,17341.67,Yes
CUST04061,2024-10-08,14,30,Central,Premium,Monthly,1972.46,0.05,No,3,0,37.0,5.0,2025-12-24 17:11:14.852865930,25833.38,No
CUST04062,2024-03-06,21,55,South,Basic,Annual,811.64,0.15,Yes,0,1,19.9,2.9,2025-11-29 18:24:11.749991107,17468.02,No
CUST04063,2023-06-29,30,40,Central,Premium,Monthly,1966.04,0.05,Yes,4,0,22.8,3.0,2025-12-15 06:55:57.641978399,59681.4,No
CUST04064,2023-06-09,30,38,East,Standard,Annual,1049.23,0.05,Yes,5,1,2.0,3.5,2025-12-18 11:52:30.551378045,30596.5,No
CUST04065,2024-03-24,21,38,West,Standard,Quarterly,1046.59,0.1,Yes,7,1,6.9,1.7,2025-12-12 11:06:26.774363921,21600.7,No
CUST04066,2023-05-25,31,31,East,Standard,Monthly,1265.73,0.0,Yes,2,1,25.4,4.0,2025-12-20 09:02:38.250592720,38637.16,No
CUST04067,2024-11-19,13,25,East,Premium,Monthly,1760.03,0.0,Yes,5,2,19.3,3.2,2025-12-16 08:42:41.940366875,24633.85,No
CUST04068,2023-02-27,34,42,North,Basic,Monthly,733.05,0.1,Yes,2,0,10.7,4.4,2025-12-17 16:02:16.279769867,24878.12,No
CUST04069,2024-05-19,19,36,East,Premium,Quarterly,1876.62,0.05,Yes,0,0,23.9,3.5,2025-12-25 09:52:33.107055557,34759.12,No
CUST04070,2023-01-14,35,22,West,Standard,Monthly,1308.43,0.1,Yes,2,1,27.9,3.8,2025-12-21 00:53:54.736093444,45870.5,No
CUST04071,2024-09-03,15,47,Central,Standard,Monthly,786.5,0.05,No,2,1,3.4,3.7,2025-12-18 06:31:45.697727286,11441.26,No
CUST04072,2024-05-01,20,50,Central,Basic,Quarterly,654.99,0.0,No,2,1,30.6,2.9,2025-12-19 08:44:11.174140107,13050.88,No
CUST04073,2023-01-22,35,32,Central,Standard,Quarterly,1145.52,0.0,Yes,1,1,15.4,4.8,2025-12-20 18:12:33.589160427,39669.69,No
CUST04074,2024-02-09,22,42,Central,Standard,Monthly,1192.61,0.0,Yes,4,1,18.8,2.1,2025-12-19 05:27:47.860990428,27419.09,Yes
CUST04075,2024-03-15,21,32,South,Basic,Monthly,573.72,0.0,No,1,0,31.8,2.6,2025-12-17 12:53:09.096951054,11933.63,No
CUST04076,2023-10-08,26,41,South,Premium,Monthly,2055.77,0.0,Yes,4,1,34.2,3.9,2025-12-15 03:05:42.544623434,51416.97,No
CUST04077,2023-01-28,35,27,East,Basic,Annual,552.47,0.0,No,0,0,36.7,2.1,2025-12-09 17:55:43.503055156,19631.22,No
CUST04078,2024-12-13,12,26,East,Standard,Monthly,1444.03,0.0,Yes,4,2,33.4,4.4,2025-12-20 03:26:55.777805163,18043.53,No
CUST04079,2025-02-26,10,44,East,Basic,Annual,709.29,0.0,Yes,2,0,39.7,3.8,2025-12-08 07:43:17.838400947,7022.36,No
CUST04080,2024-08-05,16,48,West,Standard,Monthly,1122.7,0.0,No,1,2,26.9,3.8,2025-12-27 02:02:16.962133284,19061.17,No
CUST04081,2025-04-27,8,38,Central,Basic,Monthly,573.08,0.0,Yes,1,0,43.3,2.2,2025-12-04 16:15:10.945331217,5101.09,No
CUST04082,2024-11-13,13,42,North,Basic,Quarterly,706.61,0.05,Yes,2,1,31.1,3.9,2025-12-13 17:27:48.597022196,9513.05,No
CUST04083,2023-01-27,35,44,North,Standard,Annual,979.48,0.0,No,3,2,17.8,3.0,2025-12-12 17:01:02.073301473,33986.13,No
CUST04084,2024-03-01,22,39,North,Standard,Monthly,1365.52,0.0,Yes,3,0,25.2,2.2,2025-12-27 22:52:50.542265358,30604.75,No
CUST04085,2023-07-27,29,67,South,Premium,Monthly,2089.95,0.0,Yes,0,1,26.4,3.3,2025-12-22 19:28:58.527403113,61977.96,No
CUST04086,2024-11-04,13,47,East,Basic,Monthly,711.2,0.0,Yes,4,2,31.1,2.7,2025-12-17 19:45:48.834898206,8594.02,No
CUST04087,2023-10-06,26,32,East,Basic,Monthly,615.51,0.0,No,10,1,44.0,3.0,2025-12-17 21:53:11.359436332,15784.17,No
CUST04088,2025-01-15,11,33,North,Basic,Quarterly,730.77,0.0,Yes,1,1,24.7,2.8,2025-12-30 00:00:00.000000000,8163.98,No
CUST04089,2023-03-26,33,35,South,Standard,Monthly,1218.85,0.1,Yes,1,0,9.6,3.0,2025-12-14 22:11:07.748363582,39295.64,No
CUST04090,2023-06-30,30,38,North,Standard,Quarterly,1114.84,0.0,No,2,0,41.7,3.6,2025-12-15 08:04:59.095614752,33380.49,No
CUST04091,2025-06-14,6,26,East,Standard,Monthly,1333.53,0.0,Yes,2,0,30.3,4.2,2025-12-20 18:14:27.105382623,8399.42,No
CUST04092,2024-03-27,21,36,East,Standard,Annual,975.47,0.0,No,2,0,45.6,1.7,2025-12-25 23:52:16.040767207,21454.9,No
CUST04093,2023-05-30,31,27,Central,Basic,Monthly,786.67,0.0,Yes,1,1,33.4,3.3,2025-12-30 00:00:00.000000000,24157.22,No
CUST04094,2023-08-23,28,30,Central,Basic,Quarterly,606.57,0.0,Yes,3,0,13.4,3.0,2025-12-30 00:00:00.000000000,17223.39,No
CUST04095,2025-01-23,11,48,South,Basic,Monthly,713.52,0.0,No,2,0,19.7,3.8,2025-12-06 13:36:46.871134301,8371.91,No
CUST04096,2025-01-22,11,39,North,Basic,Quarterly,772.9,0.1,No,1,1,15.6,3.4,2025-12-02 04:54:59.851981731,8400.24,No
CUST04097,2025-06-26,6,33,North,Standard,Monthly,1166.95,0.15,Yes,1,0,24.8,2.6,2025-12-13 12:40:46.203781953,6501.73,No
CUST04098,2024-10-07,14,44,West,Standard,Monthly,1292.45,0.05,No,3,0,30.4,3.5,2025-12-13 17:14:13.551758486,18119.28,No
CUST04099,2023-03-16,33,41,South,Standard,Quarterly,1158.32,0.0,No,1,1,13.8,4.1,2025-12-22 17:57:13.472955905,37615.21,No
CUST04100,2023-05-09,31,48,South,Basic,Monthly,553.2,0.0,Yes,5,0,23.3,4.1,2025-12-20 22:50:57.596730957,17621.06,No
CUST04101,2023-06-07,30,43,East,Standard,Monthly,1372.07,0.15,No,1,0,33.7,3.2,2025-12-26 20:09:46.860296910,41206.17,No
CUST04102,2024-09-15,15,24,East,Basic,Monthly,895.8,0.1,Yes,1,0,2.0,2.2,2025-12-19 14:25:50.321918836,14314.92,No
CUST04103,2025-06-15,6,36,East,Basic,Monthly,725.46,0.0,No,0,0,19.6,3.4,2025-12-13 13:08:02.754386431,3670.73,Yes
CUST04104,2023-03-16,33,20,Central,Standard,Quarterly,1214.31,0.05,Yes,1,0,52.0,3.8,2025-12-03 18:53:07.715091858,39243.25,No
CUST04105,2024-03-18,21,49,East,Basic,Monthly,707.92,0.05,Yes,2,1,14.1,3.6,2025-12-30 00:00:00.000000000,14559.73,No
CUST04106,2023-01-22,35,36,West,Basic,Monthly,560.27,0.0,No,1,0,18.9,3.0,2025-12-29 21:48:56.288421372,19850.81,No
CUST04107,2024-03-17,21,30,Central,Standard,Quarterly,1086.2,0.05,Yes,0,0,20.6,3.8,2025-12-16 00:34:39.008546231,23247.88,No
CUST04108,2024-04-02,20,35,East,Basic,Monthly,756.64,0.0,No,4,2,32.3,2.7,2025-12-20 03:27:49.086285397,15872.0,No
CUST04109,2023-11-19,25,24,East,Standard,Annual,1402.58,0.0,No,2,0,7.3,4.1,2025-12-13 02:47:00.953433770,34503.08,No
CUST04110,2024-08-04,16,36,North,Basic,Monthly,758.2,0.0,Yes,2,0,41.5,4.4,2025-12-17 14:07:01.069349443,11544.51,No
CUST04111,2024-07-14,17,50,East,Standard,Monthly,1197.75,0.0,No,1,0,41.8,3.8,2025-12-13 10:45:06.958449516,20435.92,No
CUST04112,2023-07-23,29,30,West,Premium,Annual,1980.21,0.0,No,1,0,35.3,2.8,2025-12-12 08:50:54.683431461,58465.58,No
CUST04113,2024-06-12,18,36,South,Standard,Monthly,1105.78,0.05,Yes,2,0,40.7,3.3,2025-12-24 16:45:10.991770800,18949.22,No
CUST04114,2025-02-21,10,33,Central,Standard,Monthly,1082.8,0.0,Yes,4,0,31.4,3.3,2025-12-21 17:16:51.058918586,9840.77,No
CUST04115,2025-04-27,8,41,West,Standard,Monthly,996.14,0.05,Yes,0,0,27.0,4.8,2025-12-03 08:17:31.576429896,8174.24,Yes
CUST04116,2025-04-22,8,46,South,Premium,Monthly,2006.47,0.1,Yes,2,0,27.3,3.4,2025-12-21 05:44:03.383395489,14815.55,No
CUST04117,2023-04-17,32,18,North,Standard,Quarterly,1069.48,0.0,Yes,3,1,38.1,3.6,2025-12-16 07:27:38.200448892,34358.26,No
CUST04118,2023-02-25,34,33,North,Basic,Quarterly,673.81,0.1,Yes,2,0,39.3,3.5,2025-12-21 15:46:27.686197333,22987.84,No
CUST04119,2024-03-03,21,23,South,Standard,Monthly,1258.35,0.0,Yes,0,1,26.8,4.2,2025-12-22 12:53:34.896690505,27471.86,No
CUST04120,2024-01-01,23,25,South,Standard,Monthly,1337.0,0.15,Yes,1,1,21.1,2.5,2025-12-09 07:03:30.273680414,31544.09,No
CUST04121,2025-03-08,9,42,East,Standard,Monthly,1244.54,0.05,Yes,1,0,32.1,3.7,2025-12-22 19:43:00.484751324,12286.37,No
CUST04122,2023-03-21,33,49,Central,Standard,Annual,972.55,0.1,Yes,2,0,45.0,3.4,2025-12-18 17:57:17.233087750,31826.92,No
CUST04123,2025-06-04,6,28,North,Standard,Annual,999.67,0.05,No,1,0,39.0,4.4,2025-12-11 03:22:26.254394199,6150.37,No
CUST04124,2023-01-21,35,43,West,Basic,Annual,794.64,0.05,No,6,1,28.7,3.8,2025-12-15 22:42:36.704976852,27496.53,No
CUST04125,2024-06-19,18,21,North,Standard,Quarterly,1172.34,0.1,Yes,1,0,11.9,3.2,2025-12-18 05:43:27.013729985,21993.5,No
CUST04126,2024-11-23,13,36,South,Basic,Quarterly,904.29,0.0,Yes,6,2,11.6,4.2,2025-12-21 19:19:33.028626260,11420.66,No
CUST04127,2023-10-21,26,37,East,Standard,Monthly,1023.61,0.0,No,0,0,23.8,3.2,2025-12-07 10:45:00.741371317,25667.86,No
CUST04128,2024-07-15,17,25,North,Basic,Annual,769.97,0.15,Yes,1,0,12.9,3.4,2025-12-21 02:47:24.188550695,12844.83,No
CUST04129,2025-06-21,6,42,West,Premium,Quarterly,1918.98,0.0,No,2,0,21.8,4.1,2025-12-29 05:03:33.907346344,12685.65,No
CUST04130,2025-06-07,6,42,East,Basic,Monthly,656.87,0.05,No,3,0,17.9,3.9,2025-12-30 00:00:00.000000000,3447.02,No
CUST04131,2025-01-23,11,30,Central,Basic,Monthly,681.0,0.05,No,3,1,17.1,2.5,2025-12-11 22:37:36.874054707,6902.06,No
CUST04132,2023-03-18,33,28,Central,Standard,Quarterly,1227.45,0.1,Yes,1,0,32.5,4.2,2025-12-14 22:39:15.976730391,39583.27,No
CUST04133,2024-06-12,18,42,West,Standard,Monthly,1299.57,0.1,Yes,2,0,17.1,4.3,2025-12-23 17:26:26.027597377,24302.65,No
CUST04134,2023-10-21,26,42,East,Standard,Monthly,1314.62,0.1,Yes,3,0,14.3,3.9,2025-12-10 11:35:20.354489431,35114.17,No
CUST04135,2024-11-10,13,39,Central,Standard,Annual,1170.01,0.0,Yes,3,1,18.9,3.5,2025-12-25 07:07:48.431467160,15136.58,No
CUST04136,2024-05-02,19,46,North,Standard,Quarterly,1039.95,0.05,No,0,1,33.6,2.4,2025-12-08 04:50:12.320499524,19382.36,No
CUST04137,2023-01-02,35,37,Central,Standard,Quarterly,1160.2,0.0,No,1,0,27.0,3.6,2025-12-18 21:16:56.386814688,39851.59,No
CUST04138,2023-03-26,33,37,East,Basic,Annual,677.13,0.05,Yes,6,0,20.7,3.4,2025-12-28 03:25:23.688735716,22571.66,No
CUST04139,2023-04-23,32,30,South,Standard,Annual,1325.52,0.0,Yes,3,1,33.8,2.9,2025-12-18 21:04:27.031938592,41177.18,No
CUST04140,2024-04-08,20,38,East,Basic,Annual,841.9,0.05,Yes,1,1,29.6,3.6,2025-12-29 03:11:41.236447673,16390.53,No
CUST04141,2023-06-28,30,37,Central,Standard,Monthly,1150.14,0.0,Yes,2,0,31.1,2.6,2025-12-30 00:00:00.000000000,33952.78,No
CUST04142,2023-01-25,35,53,East,Basic,Annual,692.6,0.05,Yes,1,1,31.2,4.0,2025-12-18 06:17:17.414411741,23580.38,No
CUST04143,2023-08-11,28,46,North,Basic,Monthly,501.61,0.1,Yes,3,0,14.4,3.4,2025-12-22 13:53:14.549025201,13671.72,No
CUST04144,2023-09-14,27,30,North,Standard,Quarterly,1128.57,0.05,No,3,1,26.4,4.6,2025-12-21 16:07:51.514994903,30725.95,No
CUST04145,2024-02-08,22,23,West,Premium,Annual,1964.64,0.15,No,2,0,35.6,4.3,2025-12-16 15:49:02.422763432,43296.58,No
CUST04146,2023-04-07,32,23,North,Basic,Annual,582.31,0.1,No,3,0,15.8,4.5,2025-12-07 06:57:47.603299655,18100.49,No
CUST04147,2024-02-02,22,34,South,Basic,Monthly,692.56,0.0,No,0,0,26.1,2.9,2025-12-17 14:54:09.352627128,14636.51,No
CUST04148,2024-04-25,20,25,South,Standard,Monthly,1191.12,0.0,Yes,1,0,28.9,3.5,2025-12-24 06:30:14.266905483,22821.09,No
CUST04149,2024-10-05,14,25,North,Standard,Monthly,1167.5,0.1,Yes,3,2,24.8,2.5,2025-12-13 02:46:53.019670740,15553.24,No
CUST04150,2023-09-10,27,27,East,Standard,Monthly,1146.8,0.0,Yes,4,1,27.7,3.4,2025-12-15 02:47:31.864195099,31941.69,No
CUST04151,2023-08-16,28,33,East,Standard,Annual,1376.74,0.0,Yes,2,0,34.9,3.0,2025-12-22 12:01:06.959454549,38800.66,No
CUST04152,2024-01-16,23,22,Central,Premium,Monthly,1691.16,0.15,Yes,3,0,5.2,2.7,2025-12-15 03:20:31.941685240,40136.39,No
CUST04153,2025-02-17,10,22,Central,Standard,Monthly,1109.61,0.0,Yes,3,1,28.8,3.2,2025-12-25 23:30:14.947308867,11149.77,No
CUST04154,2023-05-08,31,40,West,Standard,Annual,1256.46,0.05,No,4,3,33.4,4.2,2025-12-26 02:38:39.087986450,38269.82,No
CUST04155,2024-07-27,17,32,Central,Standard,Monthly,1002.51,0.1,Yes,2,1,20.1,3.9,2025-12-10 01:55:00.407660765,17436.92,No
CUST04156,2023-01-18,35,35,West,Standard,Annual,1160.19,0.0,No,1,1,12.0,4.7,2025-12-13 02:07:01.023625707,40361.98,No
CUST04157,2023-08-03,28,50,Central,Basic,Monthly,556.84,0.1,No,3,0,33.8,3.3,2025-12-20 04:58:48.887532846,15933.31,No
CUST04158,2025-05-09,7,26,West,Standard,Monthly,1231.42,0.05,Yes,1,0,22.6,3.9,2025-12-29 06:38:11.344749919,9780.16,No
CUST04159,2023-09-26,27,34,South,Basic,Monthly,833.27,0.05,Yes,1,0,18.1,2.7,2025-12-09 03:10:06.340540884,23107.78,No
CUST04160,2023-06-18,30,55,West,Standard,Monthly,1359.77,0.0,No,2,2,29.2,3.2,2025-12-23 22:57:35.514206430,40972.62,No
CUST04161,2023-07-13,29,51,South,Standard,Annual,987.22,0.0,Yes,2,2,24.2,2.9,2025-12-24 20:53:49.015026678,29505.74,No
CUST04162,2025-05-29,7,47,South,Basic,Monthly,635.66,0.0,No,5,2,38.7,2.4,2025-12-28 19:50:13.005914776,4275.67,No
CUST04163,2023-02-14,34,19,East,Premium,Monthly,1947.58,0.0,Yes,1,0,25.7,3.2,2025-12-30 00:00:00.000000000,65404.38,No
CUST04164,2024-08-23,16,28,West,Standard,Annual,1092.99,0.05,Yes,0,0,22.6,2.6,2025-12-23 09:01:51.389267993,16702.42,No
CUST04165,2023-09-19,27,35,North,Basic,Monthly,721.17,0.0,Yes,4,1,17.1,5.0,2025-12-18 20:41:53.884630940,18815.94,No
CUST04166,2025-03-14,9,23,East,Premium,Quarterly,1623.07,0.1,No,1,0,34.5,3.4,2025-12-29 14:47:10.415210160,13812.52,No
CUST04167,2024-03-05,21,24,West,Basic,Annual,707.4,0.15,Yes,3,0,20.4,2.7,2025-12-22 02:17:18.160819783,15112.13,No
CUST04168,2023-02-25,34,48,South,Premium,Monthly,1933.48,0.0,Yes,2,1,38.7,3.8,2025-12-05 03:17:57.169680038,66664.3,No
CUST04169,2024-11-16,13,18,South,Basic,Annual,600.3,0.15,Yes,0,2,43.8,3.6,2025-12-06 18:25:35.472540314,7427.02,No
CUST04170,2023-05-18,31,25,West,Standard,Monthly,1220.41,0.05,Yes,0,3,46.7,4.4,2025-12-22 16:20:17.228769107,36941.23,No
CUST04171,2023-12-28,24,27,East,Standard,Quarterly,1173.83,0.0,Yes,0,0,39.8,2.6,2025-12-30 00:00:00.000000000,28445.86,No
CUST04172,2024-05-30,19,60,Central,Standard,Annual,1302.74,0.05,No,0,0,25.4,4.0,2025-12-21 17:24:25.380470544,23877.78,No
CUST04173,2024-06-29,18,33,North,Premium,Monthly,1998.31,0.0,Yes,0,0,44.5,4.1,2025-11-26 19:51:16.777412243,35173.49,Yes
CUST04174,2023-12-22,24,27,South,Premium,Monthly,1779.18,0.0,Yes,1,0,24.5,3.0,2025-12-10 22:16:54.894232650,43280.15,No
CUST04175,2023-01-24,35,24,East,Basic,Monthly,733.46,0.1,Yes,2,1,28.9,2.2,2025-11-26 11:39:18.872777722,25363.72,Yes
CUST04176,2025-01-16,11,28,North,Standard,Monthly,1331.6,0.05,Yes,1,1,32.1,2.4,2025-12-27 01:02:23.631278338,13696.67,No
CUST04177,2025-04-16,8,47,South,Standard,Quarterly,925.76,0.0,No,3,0,36.4,4.4,2025-12-29 23:58:06.506644749,7153.91,No
CUST04178,2024-05-13,19,32,East,Premium,Quarterly,2087.97,0.0,No,2,1,14.7,3.7,2025-12-10 23:04:55.742782020,39335.82,No
CUST04179,2025-04-03,8,39,West,Basic,Monthly,836.6,0.0,Yes,3,0,24.3,4.3,2025-12-15 03:13:39.139355972,5934.7,No
CUST04180,2024-07-09,17,26,Central,Standard,Monthly,1162.52,0.0,Yes,1,1,26.6,4.3,2025-12-15 20:16:39.205961009,20336.86,No
CUST04181,2025-01-24,11,47,West,Standard,Monthly,1179.69,0.1,No,1,0,31.5,2.6,2025-12-03 08:30:11.579057036,12092.72,No
CUST04182,2024-01-18,23,54,East,Standard,Monthly,1267.65,0.0,Yes,1,0,12.5,2.9,2025-12-25 19:38:33.585658124,28951.98,No
CUST04183,2024-10-01,14,36,North,Standard,Quarterly,1498.45,0.05,Yes,1,1,23.6,3.2,2025-12-14 00:20:49.133437273,20526.57,No
CUST04184,2025-01-22,11,29,West,Basic,Quarterly,731.0,0.05,No,2,0,28.1,3.7,2025-12-20 09:02:44.090336389,7889.95,No
CUST04185,2023-05-27,31,21,North,Basic,Monthly,669.28,0.0,No,0,1,32.9,3.1,2025-12-14 08:43:31.537108414,20578.84,No
CUST04186,2024-01-12,23,40,South,Basic,Annual,747.64,0.0,Yes,3,0,33.1,2.4,2025-12-09 21:12:05.823538560,17695.9,Yes
CUST04187,2024-07-24,17,28,East,Standard,Monthly,1182.29,0.0,No,1,0,35.8,4.1,2025-12-21 10:21:01.498153459,21001.49,No
CUST04188,2025-02-27,10,51,North,Basic,Quarterly,640.9,0.0,No,1,0,43.1,3.5,2025-12-29 13:16:07.875060505,6152.38,No
CUST04189,2024-09-09,15,40,South,Basic,Annual,637.43,0.1,No,2,0,16.2,3.8,2025-12-15 20:03:30.511405161,9767.43,No
CUST04190,2023-10-07,26,22,North,Standard,Quarterly,1219.92,0.0,Yes,2,1,19.1,3.5,2025-12-14 16:38:43.756979315,30666.52,No
CUST04191,2024-09-05,15,25,West,Standard,Monthly,1081.06,0.0,Yes,0,0,23.6,3.2,2025-12-19 19:46:57.349439346,16584.52,No
CUST04192,2023-05-16,31,24,North,Premium,Annual,1997.05,0.0,Yes,4,0,28.7,2.4,2025-12-24 05:10:10.597824322,61418.7,No
CUST04193,2024-05-09,19,42,North,Basic,Monthly,715.25,0.05,Yes,3,2,30.9,3.9,2025-12-08 23:31:08.998136786,13101.09,Yes
CUST04194,2023-09-11,27,51,Central,Standard,Quarterly,1354.7,0.0,Yes,2,1,41.8,3.7,2025-12-16 14:24:44.762183306,37831.16,No
CUST04195,2023-09-30,27,38,North,Basic,Annual,612.53,0.0,Yes,2,0,14.4,4.7,2025-12-15 00:36:45.137192389,16135.1,No
CUST04196,2025-06-09,6,27,West,Basic,Quarterly,766.33,0.0,Yes,1,0,19.8,2.4,2025-12-11 01:47:42.896244639,4755.97,No
CUST04197,2025-04-04,8,47,South,Basic,Monthly,694.35,0.0,Yes,4,0,16.3,2.6,2025-12-19 10:15:28.336863042,6021.73,No
CUST04198,2023-10-12,26,33,East,Basic,Monthly,676.09,0.0,Yes,1,0,23.7,2.6,2025-12-21 09:44:44.944771523,17635.06,No
CUST04199,2025-05-12,7,37,Central,Standard,Monthly,1197.81,0.1,No,2,0,10.6,2.8,2025-12-08 21:26:52.462979670,8864.31,No
CUST04200,2023-09-21,27,21,West,Basic,Monthly,856.46,0.05,Yes,2,0,17.8,2.7,2025-12-20 21:10:31.017078901,22430.65,No
CUST04201,2023-04-17,32,35,Central,Standard,Quarterly,1178.03,0.0,Yes,1,3,46.4,3.9,2025-12-11 09:35:31.617308124,37624.57,No
CUST04202,2023-08-20,28,38,East,Standard,Monthly,1234.92,0.0,Yes,2,1,35.5,3.0,2025-12-09 01:31:48.006618387,35612.31,No
CUST04203,2023-05-26,31,22,Central,Standard,Quarterly,1247.71,0.05,No,0,0,33.0,3.4,2025-12-03 13:22:46.998533445,38765.67,No
CUST04204,2024-12-17,12,42,Central,Standard,Annual,1329.32,0.05,No,2,0,37.3,3.2,2025-12-21 09:01:33.960936689,15078.98,No
CUST04205,2025-02-02,10,41,South,Standard,Quarterly,1642.75,0.1,No,7,0,5.1,3.1,2025-11-27 20:17:31.009280355,16412.48,Yes
CUST04206,2024-12-20,12,41,Central,Premium,Monthly,1809.03,0.0,Yes,2,2,32.9,2.2,2025-12-18 22:38:38.776239696,21745.77,No
CUST04207,2024-08-03,16,18,East,Standard,Quarterly,1387.86,0.1,Yes,2,0,41.1,3.6,2025-12-18 05:20:51.101109670,23197.44,No
CUST04208,2023-02-12,34,53,Central,Standard,Monthly,1266.28,0.0,No,0,1,31.6,1.1,2025-12-26 09:55:51.940936123,43529.54,No
CUST04209,2024-09-05,15,30,West,Standard,Annual,1005.17,0.1,Yes,0,0,17.7,4.1,2025-12-02 20:02:57.123655832,14726.92,Yes
CUST04210,2024-05-10,19,33,East,Basic,Quarterly,656.89,0.05,No,2,0,18.6,4.0,2025-12-09 23:53:47.417675004,12505.44,No
CUST04211,2025-04-10,8,21,Central,Standard,Monthly,1185.0,0.15,No,4,0,9.4,3.7,2025-12-30 00:00:00.000000000,10307.89,No
CUST04212,2024-06-06,18,30,Central,Standard,Monthly,1187.84,0.0,No,3,0,15.9,2.3,2025-12-02 10:22:16.644543073,21291.14,No
CUST04213,2023-07-13,29,31,East,Premium,Monthly,2262.81,0.0,No,2,1,34.6,1.7,2025-12-25 21:39:30.013230428,66432.99,No
CUST04214,2025-03-19,9,46,West,Standard,Monthly,1277.98,0.1,Yes,1,2,34.8,3.5,2025-12-01 14:27:04.452647654,11963.05,Yes
CUST04215,2023-07-08,29,23,West,Basic,Monthly,792.39,0.05,Yes,3,0,17.4,3.7,2025-12-17 09:17:12.162110407,23418.92,No
CUST04216,2024-08-02,16,37,North,Basic,Annual,608.63,0.0,Yes,1,0,17.0,3.3,2025-12-14 16:50:48.270147862,10078.37,No
CUST04217,2024-12-20,12,39,West,Standard,Monthly,1180.62,0.0,No,2,0,32.7,2.3,2025-12-05 09:51:42.280702491,14900.71,No
CUST04218,2024-07-15,17,32,West,Standard,Monthly,1298.36,0.0,Yes,4,1,7.9,3.4,2025-12-21 08:16:04.273260949,21334.65,No
CUST04219,2023-05-01,32,34,Central,Standard,Annual,1186.38,0.0,Yes,3,0,30.0,3.3,2025-12-27 23:00:57.968084512,38251.56,No
CUST04220,2023-01-21,35,38,North,Standard,Monthly,1320.14,0.0,No,5,0,35.5,4.2,2025-12-16 08:35:40.989461039,46744.41,No
CUST04221,2023-12-01,25,18,North,Standard,Monthly,1325.77,0.05,Yes,2,1,16.8,4.2,2025-12-07 11:38:10.792397801,32370.3,No
CUST04222,2023-10-04,26,30,East,Premium,Monthly,1860.67,0.0,Yes,3,1,27.8,4.4,2025-12-15 19:55:52.189297246,46923.58,No
CUST04223,2024-07-27,17,28,South,Basic,Monthly,665.68,0.15,Yes,4,1,7.3,3.9,2025-12-30 00:00:00.000000000,11112.31,No
CUST04224,2023-10-24,26,36,East,Basic,Quarterly,795.88,0.0,Yes,1,0,31.2,4.1,2025-12-18 05:15:23.560677257,21245.55,No
CUST04225,2025-03-28,9,55,West,Basic,Monthly,734.29,0.0,Yes,1,0,25.6,3.6,2025-12-24 14:53:26.076513299,6742.9,No
CUST04226,2025-05-18,7,25,West,Basic,Monthly,646.97,0.0,Yes,0,0,37.2,3.5,2025-12-09 03:28:49.418134159,4994.81,No
CUST04227,2024-10-08,14,53,West,Standard,Monthly,1140.65,0.0,No,1,0,38.2,3.6,2025-12-23 23:57:10.174298115,15918.12,No
CUST04228,2024-04-10,20,28,North,Standard,Monthly,1218.24,0.05,Yes,0,0,19.8,3.9,2025-12-03 16:20:50.197150945,23900.46,No
CUST04229,2025-05-08,7,35,East,Basic,Monthly,867.13,0.0,Yes,3,1,27.8,1.2,2025-12-08 20:39:13.895966693,6689.19,No
CUST04230,2023-05-19,31,39,East,Basic,Annual,699.24,0.0,No,2,1,36.4,4.5,2025-12-11 11:18:58.692851335,22058.24,No
CUST04231,2023-07-15,29,18,East,Standard,Annual,1287.6,0.05,No,0,2,25.1,3.6,2025-12-11 09:29:32.657105674,37292.27,No
CUST04232,2025-04-09,8,51,Central,Standard,Quarterly,1058.7,0.0,Yes,3,0,33.7,2.1,2025-12-24 17:45:38.938060625,8295.98,No
CUST04233,2025-06-12,6,36,Central,Standard,Monthly,1112.31,0.0,No,1,1,29.8,3.6,2025-12-23 19:19:00.964172315,6300.56,No
CUST04234,2023-04-29,32,36,North,Standard,Monthly,1312.18,0.05,Yes,1,0,27.4,3.5,2025-12-24 11:12:13.695014264,43135.55,No
CUST04235,2024-07-25,17,53,East,Premium,Monthly,1813.94,0.05,Yes,3,2,28.4,2.2,2025-12-12 00:06:07.300537840,30989.02,No
CUST04236,2025-06-26,6,31,Central,Basic,Quarterly,592.42,0.1,No,5,0,30.0,1.8,2025-12-15 07:32:14.055356236,3364.94,No
CUST04237,2024-08-15,16,38,East,Basic,Quarterly,780.59,0.0,Yes,2,1,15.2,4.0,2025-12-19 11:02:26.755703048,12184.1,No
CUST04238,2023-10-29,26,20,South,Standard,Monthly,1183.86,0.0,Yes,2,0,26.1,3.0,2025-12-24 18:24:16.951043469,30854.99,No
CUST04239,2023-09-05,27,41,West,Standard,Monthly,1262.0,0.0,Yes,3,4,32.9,3.5,2025-11-28 13:30:09.532405910,35099.29,Yes
CUST04240,2024-07-01,18,33,North,Basic,Monthly,760.18,0.05,No,3,0,22.1,3.6,2025-12-10 22:13:42.166852565,13973.87,Yes
CUST04241,2024-01-18,23,32,North,Premium,Monthly,2164.35,0.0,No,5,0,24.5,3.8,2025-12-18 21:16:37.165597571,48102.52,No
CUST04242,2023-12-04,24,32,West,Basic,Monthly,746.68,0.0,Yes,2,0,29.5,3.2,2025-12-05 14:44:30.181629872,18622.08,No
CUST04243,2023-03-11,33,43,North,Premium,Monthly,2004.77,0.0,No,2,0,21.8,3.1,2025-12-06 10:32:37.880370698,67307.38,No
CUST04244,2023-06-16,30,29,West,Standard,Monthly,1155.07,0.15,Yes,1,0,26.8,3.4,2025-12-03 04:54:08.521793952,35107.1,No
CUST04245,2023-11-14,25,42,South,Basic,Monthly,714.8,0.0,No,3,1,19.4,3.8,2025-12-13 02:19:46.817244970,18397.21,No
CUST04246,2024-03-27,21,37,South,Premium,Annual,2148.82,0.0,No,2,1,20.5,3.4,2025-12-18 06:30:34.086734260,46493.32,Yes
CUST04247,2023-01-28,35,18,South,Basic,Monthly,809.69,0.05,Yes,1,0,34.9,3.2,2025-12-25 03:38:02.247852144,28888.81,No
CUST04248,2023-07-26,29,38,North,Basic,Monthly,639.8,0.0,No,5,3,26.9,4.7,2025-12-11 19:07:55.679871237,18745.95,No
CUST04249,2024-07-22,17,38,South,Premium,Quarterly,2084.9,0.05,No,1,0,30.0,3.9,2025-12-07 22:44:37.272980562,35495.49,No
CUST04250,2023-05-13,31,27,North,Basic,Annual,709.29,0.05,No,2,1,32.4,4.5,2025-12-23 04:50:39.239972356,21977.7,No
CUST04251,2025-03-30,9,28,West,Standard,Annual,1144.78,0.1,Yes,2,1,32.3,3.8,2025-12-15 05:23:28.921141865,9472.77,No
CUST04252,2025-06-13,6,33,South,Standard,Monthly,1386.72,0.0,Yes,4,0,40.8,2.7,2025-12-20 06:59:06.622506811,8954.5,No
CUST04253,2025-03-13,9,39,Central,Basic,Quarterly,663.06,0.1,Yes,3,0,28.8,1.9,2025-12-19 07:21:26.822190261,5396.73,No
CUST04254,2023-02-13,34,38,North,Basic,Monthly,865.71,0.0,Yes,2,0,22.8,4.3,2025-12-19 10:56:19.902943292,29969.5,No
CUST04255,2024-12-25,12,19,South,Standard,Monthly,1237.94,0.1,No,1,2,45.5,1.2,2025-12-15 06:06:10.489140666,15907.65,No
CUST04256,2023-01-14,35,34,South,Basic,Monthly,631.09,0.05,No,0,0,35.5,2.8,2025-12-11 00:08:33.876731092,22717.58,No
CUST04257,2023-06-28,30,20,Central,Standard,Monthly,1335.27,0.0,Yes,0,1,27.3,3.0,2025-12-25 06:30:24.667620809,39920.17,No
CUST04258,2024-01-31,22,35,East,Premium,Annual,2029.14,0.1,No,1,1,17.0,3.6,2025-12-12 18:03:25.691669448,44281.16,No
CUST04259,2025-06-03,6,37,North,Premium,Monthly,1871.16,0.0,Yes,1,1,26.8,4.0,2025-12-07 09:38:01.522045064,10717.63,No
CUST04260,2024-12-26,12,26,North,Standard,Monthly,1445.26,0.0,Yes,1,0,24.3,2.3,2025-12-22 06:31:36.929968099,16676.58,No
CUST04261,2025-06-16,6,30,West,Standard,Monthly,1110.25,0.05,No,6,1,27.5,3.1,2025-12-08 02:03:16.334868269,6119.8,Yes
CUST04262,2024-04-06,20,18,Central,Standard,Annual,1300.84,0.15,Yes,2,0,30.7,3.3,2025-12-03 07:16:14.651040234,25137.35,No
CUST04263,2023-11-12,25,29,West,Standard,Annual,1117.42,0.0,Yes,2,0,46.7,3.8,2025-12-30 00:00:00.000000000,26983.8,No
CUST04264,2023-12-06,24,18,North,Basic,Monthly,707.59,0.0,Yes,1,1,30.7,4.4,2025-12-16 10:19:41.105354765,17648.76,No
CUST04265,2024-07-08,17,32,West,Basic,Quarterly,750.82,0.05,Yes,3,1,22.7,2.3,2025-12-25 02:03:21.507850680,13152.32,No
CUST04266,2023-09-28,27,36,Central,Basic,Monthly,641.27,0.0,No,0,0,18.5,4.0,2025-12-11 14:33:48.044699217,17045.13,No
CUST04267,2025-01-06,11,35,East,Standard,Annual,1438.07,0.0,No,2,0,30.4,3.3,2025-12-09 01:31:57.925536978,16180.5,No
CUST04268,2025-04-05,8,44,Central,Basic,Quarterly,812.93,0.0,Yes,2,3,22.3,2.8,2025-12-19 14:06:05.356015523,6927.33,No
CUST04269,2025-01-19,11,36,North,Standard,Quarterly,1330.74,0.0,No,3,0,24.1,2.5,2025-12-16 04:13:25.645670484,15555.81,No
CUST04270,2023-10-09,26,37,Central,Standard,Monthly,1111.46,0.1,No,1,2,16.9,4.8,2025-11-29 00:06:49.046555656,28304.59,No
CUST04271,2025-03-01,10,32,North,Standard,Monthly,1167.04,0.0,Yes,1,0,41.6,2.7,2025-12-17 23:36:57.255790704,11709.82,No
CUST04272,2025-06-08,6,42,South,Premium,Annual,1781.19,0.15,No,7,1,32.7,4.5,2025-12-23 15:23:25.518343791,11725.68,No
CUST04273,2023-01-10,35,29,Central,Basic,Monthly,595.15,0.0,Yes,0,0,28.2,2.7,2025-12-07 21:36:09.885152546,20865.88,No
CUST04274,2024-02-01,22,51,North,Standard,Annual,1484.71,0.0,Yes,1,2,17.3,4.6,2025-12-26 12:48:30.814748514,33436.04,No
CUST04275,2024-04-25,20,32,Central,Premium,Quarterly,2051.78,0.1,Yes,1,1,45.2,2.9,2025-12-08 10:07:54.458772390,40375.33,No
CUST04276,2023-11-27,25,39,Central,Basic,Annual,663.28,0.0,No,4,1,14.7,3.3,2025-12-22 15:26:02.997597210,16071.0,No
CUST04277,2024-08-02,16,33,West,Standard,Quarterly,1063.13,0.05,Yes,1,0,38.6,3.4,2025-12-22 22:38:24.167313736,16259.51,No
CUST04278,2024-06-25,18,43,South,Standard,Monthly,1151.88,0.0,Yes,3,1,23.4,2.7,2025-12-17 00:46:53.440970362,21496.79,No
CUST04279,2025-06-28,6,27,North,Premium,Quarterly,1935.1,0.05,Yes,3,3,10.9,5.0,2025-11-30 21:28:13.844300290,11386.82,No
CUST04280,2023-02-11,34,38,West,Premium,Annual,2097.17,0.0,Yes,3,0,2.5,2.9,2025-12-15 23:09:21.741006258,71360.58,No
CUST04281,2025-05-07,7,26,Central,Standard,Quarterly,1350.99,0.1,No,1,2,14.5,3.4,2025-12-11 21:31:38.293075938,9321.67,No
CUST04282,2024-11-28,13,50,West,Premium,Annual,2032.81,0.0,No,1,0,36.9,4.0,2025-12-24 03:57:16.694531341,26218.51,No
CUST04283,2023-08-04,28,28,East,Basic,Monthly,621.87,0.0,Yes,2,2,7.6,2.6,2025-12-21 14:14:12.156854548,17778.6,No
CUST04284,2023-10-19,26,32,Central,Standard,Monthly,1322.03,0.0,No,2,1,36.6,4.2,2025-12-19 05:29:50.826589947,33326.4,No
CUST04285,2023-11-07,25,21,West,Standard,Quarterly,1240.49,0.05,Yes,2,1,42.5,3.3,2025-12-10 04:08:24.988763544,31417.66,No
CUST04286,2025-05-22,7,27,Central,Standard,Monthly,1076.44,0.1,Yes,0,2,15.5,4.0,2025-12-11 15:14:36.368577917,7146.87,No
CUST04287,2023-04-27,32,22,North,Premium,Quarterly,1930.22,0.0,Yes,1,1,25.2,3.2,2025-12-18 17:42:14.747657179,62700.72,No
CUST04288,2023-11-19,25,19,East,Basic,Monthly,821.57,0.05,Yes,1,1,32.4,3.4,2025-12-23 15:29:07.920360033,20442.86,No
CUST04289,2025-05-09,7,43,North,Basic,Annual,662.71,0.0,No,2,0,32.5,3.4,2025-12-30 00:00:00.000000000,4963.46,No
CUST04290,2025-01-25,11,22,East,Basic,Monthly,708.19,0.0,No,2,0,26.7,1.9,2025-12-24 02:01:54.479153364,7344.63,No
CUST04291,2025-05-12,7,24,East,Basic,Quarterly,816.17,0.1,Yes,2,0,29.2,3.0,2025-12-11 07:08:53.698430017,6202.19,No
CUST04292,2024-11-23,13,37,East,Standard,Quarterly,1265.22,0.0,Yes,3,2,39.2,4.0,2025-12-13 18:03:48.694439207,15484.23,No
CUST04293,2024-02-16,22,58,North,Standard,Annual,1169.07,0.1,No,3,1,25.1,3.0,2025-12-19 22:06:03.639301460,24917.8,No
CUST04294,2024-04-09,20,18,South,Standard,Annual,1126.42,0.0,Yes,0,1,7.3,3.4,2025-12-25 09:49:23.620428000,23486.27,No
CUST04295,2024-04-29,20,41,West,Standard,Monthly,1412.92,0.0,Yes,2,1,30.8,3.5,2025-12-28 04:22:52.927507794,27219.62,No
CUST04296,2024-11-02,13,34,North,Premium,Monthly,1801.4,0.0,Yes,2,0,28.3,2.5,2025-12-23 00:32:28.059847691,24144.55,No
CUST04297,2025-03-16,9,41,Central,Premium,Annual,1799.89,0.05,Yes,3,2,15.8,4.2,2025-12-14 16:44:02.006729682,17560.24,No
CUST04298,2024-03-10,21,32,South,Standard,Quarterly,1111.59,0.0,Yes,2,0,28.7,4.5,2025-12-06 15:41:14.473626392,22330.85,No
CUST04299,2025-03-16,9,40,South,Premium,Monthly,1912.44,0.15,Yes,7,0,30.9,2.9,2025-12-14 17:54:54.358928338,18978.64,No
CUST04300,2024-11-10,13,45,West,Standard,Monthly,1365.08,0.05,Yes,1,2,24.5,3.1,2025-12-03 23:13:58.477278274,19069.08,Yes
CUST04301,2024-01-01,23,28,North,Standard,Monthly,1118.89,0.05,Yes,5,0,22.1,1.4,2025-12-07 18:28:48.638921192,25037.47,No
CUST04302,2024-11-23,13,18,North,Basic,Monthly,550.77,0.0,Yes,0,1,17.7,2.4,2025-11-30 04:55:17.398163154,6993.71,No
CUST04303,2023-10-28,26,19,South,Standard,Quarterly,1245.74,0.0,Yes,3,0,49.8,4.1,2025-12-23 12:35:43.171853122,31192.64,No
CUST04304,2023-03-19,33,32,Central,Premium,Annual,1961.53,0.0,No,3,1,23.9,2.5,2025-12-29 11:40:41.146261934,66540.01,No
CUST04305,2023-08-24,28,37,North,Standard,Monthly,1155.61,0.0,No,1,0,37.9,5.0,2025-12-06 00:45:23.351478172,32676.48,No
CUST04306,2025-06-26,6,40,North,Standard,Annual,1188.6,0.05,Yes,3,0,33.4,3.0,2025-12-25 07:03:29.694768040,7889.73,No
CUST04307,2024-01-27,23,23,North,Standard,Annual,1163.94,0.0,Yes,1,0,42.5,4.5,2025-12-16 23:22:05.702289917,27600.96,No
CUST04308,2023-05-25,31,33,East,Basic,Monthly,820.16,0.05,Yes,4,0,21.9,4.9,2025-12-20 22:13:29.197435803,25548.05,No
CUST04309,2023-09-02,27,30,Central,Standard,Quarterly,1170.43,0.0,Yes,4,0,34.1,3.1,2025-11-28 11:37:36.665794336,30477.13,Yes
CUST04310,2023-11-23,25,37,East,Standard,Monthly,1327.15,0.05,No,1,1,20.3,3.7,2025-12-08 21:49:42.187892224,32723.16,Yes
CUST04311,2024-05-22,19,36,North,Basic,Quarterly,772.2,0.0,Yes,1,2,45.6,3.3,2025-12-14 16:29:56.731939199,14960.88,No
CUST04312,2023-10-13,26,25,South,Basic,Monthly,579.13,0.05,Yes,3,0,31.7,2.9,2025-12-16 17:26:07.105541021,14762.08,No
CUST04313,2023-05-21,31,44,East,Basic,Quarterly,793.69,0.0,Yes,2,0,27.0,3.1,2025-12-01 16:36:33.256826306,25388.24,No
CUST04314,2024-01-28,23,23,East,Basic,Annual,602.14,0.0,Yes,3,1,19.1,3.0,2025-12-16 16:46:37.698662053,13549.44,No
CUST04315,2024-09-25,15,52,North,Basic,Quarterly,903.55,0.0,Yes,6,0,17.1,3.5,2025-12-16 16:45:53.760923376,13163.16,No
CUST04316,2023-05-15,31,33,West,Standard,Monthly,1243.81,0.1,Yes,4,1,18.8,2.6,2025-12-17 17:08:33.162482308,37738.09,No
CUST04317,2024-03-10,21,39,Central,Basic,Monthly,691.44,0.05,Yes,0,0,26.3,3.9,2025-12-08 15:54:46.915313314,15040.81,No
CUST04318,2024-01-27,23,31,Central,Premium,Quarterly,1846.28,0.05,No,3,0,5.6,3.2,2025-12-20 11:10:21.265138710,42979.44,No
CUST04319,2024-07-02,17,43,West,Basic,Quarterly,742.71,0.15,No,1,0,43.9,4.4,2025-11-26 15:00:50.326392485,12173.21,Yes
CUST04320,2024-04-06,20,24,East,Basic,Monthly,685.27,0.0,Yes,5,2,33.8,2.8,2025-12-14 00:36:22.599026776,13867.82,No
CUST04321,2023-05-14,31,19,West,Basic,Annual,992.08,0.05,No,2,1,20.8,4.1,2025-12-24 12:27:54.993911213,31109.75,No
CUST04322,2024-11-30,13,41,East,Basic,Quarterly,657.8,0.0,Yes,3,0,34.1,3.3,2025-12-02 16:59:56.579348510,8627.26,No
CUST04323,2025-02-08,10,18,West,Standard,Quarterly,1123.54,0.1,Yes,2,2,24.9,3.5,2025-12-07 10:26:20.294789456,11560.3,No
CUST04324,2024-09-20,15,18,South,Standard,Monthly,1305.71,0.0,No,0,0,37.2,2.7,2025-11-30 02:34:46.630619141,18409.62,No
CUST04325,2023-03-08,33,42,East,Standard,Monthly,1244.04,0.0,Yes,1,0,24.8,4.2,2025-12-25 12:35:28.220717153,40217.12,No
CUST04326,2024-04-23,20,38,South,Premium,Monthly,1976.74,0.1,No,7,1,18.8,3.0,2025-12-30 00:00:00.000000000,39203.45,No
CUST04327,2024-06-28,18,42,Central,Standard,Annual,1299.78,0.05,Yes,1,1,7.8,3.9,2025-12-25 03:42:00.642503486,23430.08,No
CUST04328,2024-07-29,17,22,East,Basic,Monthly,724.7,0.15,Yes,3,2,12.8,3.5,2025-12-29 04:45:02.472329938,12318.32,No
CUST04329,2025-01-29,11,18,West,Basic,Monthly,803.75,0.1,No,1,0,46.7,2.9,2025-12-10 08:38:33.742816530,8052.12,No
CUST04330,2023-10-22,26,18,Central,Standard,Monthly,1204.21,0.0,Yes,2,2,28.9,4.1,2025-12-24 03:01:25.172187969,30867.66,No
CUST04331,2023-05-07,31,22,South,Basic,Monthly,541.92,0.1,No,3,0,10.7,4.9,2025-12-10 15:50:15.954471909,16805.5,No
CUST04332,2024-12-10,12,61,North,Standard,Monthly,1320.92,0.0,No,4,1,44.6,4.8,2025-12-25 08:57:28.476624456,16733.61,No
CUST04333,2024-07-27,17,18,West,Basic,Monthly,669.9,0.05,No,3,0,30.4,2.9,2025-12-22 19:46:55.035615896,11404.67,No
CUST04334,2023-05-06,31,31,West,Standard,Quarterly,1206.99,0.05,No,2,0,45.0,2.2,2025-12-11 09:13:22.486660796,38068.41,Yes
CUST04335,2024-12-27,12,31,East,Premium,Quarterly,1984.7,0.1,Yes,2,0,34.4,3.7,2025-12-24 02:08:57.773576904,25338.11,No
CUST04336,2023-03-27,33,46,Central,Standard,Annual,1119.53,0.0,Yes,2,1,24.0,4.8,2025-12-30 00:00:00.000000000,37530.63,No
CUST04337,2024-06-10,18,38,South,Standard,Quarterly,1092.82,0.0,Yes,1,0,11.9,3.1,2025-12-24 00:09:34.733778480,20433.28,No
CUST04338,2025-05-11,7,35,North,Standard,Quarterly,969.35,0.15,No,3,1,25.5,3.5,2025-12-15 05:42:44.949294378,7318.74,No
CUST04339,2024-12-15,12,45,East,Basic,Monthly,728.57,0.0,Yes,3,1,15.9,3.8,2025-12-30 00:00:00.000000000,8423.57,No
CUST04340,2025-03-06,9,27,North,Standard,Annual,1084.66,0.0,Yes,2,0,18.3,2.0,2025-12-15 07:31:53.137519038,8707.26,No
CUST04341,2025-03-02,9,39,South,Basic,Monthly,792.68,0.0,Yes,4,1,35.1,3.2,2025-12-19 21:19:07.115797198,7772.52,No
CUST04342,2025-01-24,11,39,West,Basic,Monthly,564.22,0.0,No,1,1,9.2,4.3,2025-12-06 03:01:31.109840187,5776.18,Yes
CUST04343,2024-05-11,19,21,Central,Standard,Quarterly,1354.67,0.0,No,1,1,31.1,3.2,2025-12-15 12:15:32.509165280,24923.19,No
CUST04344,2025-06-03,6,27,Central,Premium,Annual,1756.64,0.05,No,1,1,22.7,3.3,2025-12-10 19:27:25.546525229,10665.7,No
CUST04345,2023-09-03,27,26,South,Basic,Monthly,603.86,0.0,Yes,2,2,35.6,2.8,2025-12-18 20:17:34.418614808,15859.61,No
CUST04346,2023-05-13,31,29,West,Standard,Quarterly,1236.92,0.0,No,3,1,11.9,3.1,2025-12-06 18:55:45.697070321,37528.42,Yes
CUST04347,2023-07-10,29,33,Central,Standard,Monthly,1323.74,0.1,Yes,1,2,21.8,2.6,2025-12-24 10:47:29.135235993,37130.33,No
CUST04348,2025-04-05,8,26,East,Standard,Quarterly,1308.33,0.0,No,3,1,48.2,3.2,2025-12-29 06:14:49.642959342,9256.89,No
CUST04349,2024-03-23,21,31,East,Basic,Quarterly,630.77,0.0,Yes,4,2,40.0,3.6,2025-12-24 20:54:12.319417870,13366.36,No
CUST04350,2024-07-12,17,24,North,Basic,Monthly,684.8,0.1,No,2,1,20.0,4.7,2025-12-20 21:52:05.104167393,11024.64,No
CUST04351,2023-06-26,30,26,East,Basic,Monthly,784.51,0.1,No,4,1,42.1,3.6,2025-12-30 00:00:00.000000000,23624.79,No
CUST04352,2025-02-09,10,41,South,Standard,Monthly,1101.76,0.0,No,2,1,9.7,4.7,2025-12-20 15:17:48.972385966,9928.59,No
CUST04353,2024-06-30,18,33,West,Basic,Monthly,660.27,0.0,Yes,6,0,9.1,3.5,2025-12-12 20:19:44.367394855,12472.09,No
CUST04354,2023-05-17,31,33,East,Standard,Quarterly,995.99,0.05,Yes,0,1,19.4,3.7,2025-12-28 06:19:04.159216310,31584.64,No
CUST04355,2023-08-22,28,27,Central,Basic,Quarterly,646.86,0.0,Yes,1,0,12.7,1.7,2025-12-10 04:48:40.756914202,17706.44,No
CUST04356,2024-05-23,19,18,East,Standard,Monthly,1180.89,0.05,No,3,1,25.4,3.8,2025-11-28 12:18:25.169958265,22616.59,Yes
CUST04357,2024-09-22,15,18,South,Standard,Annual,1152.07,0.0,Yes,4,4,24.8,3.2,2025-12-19 09:35:11.573928264,17926.43,No
CUST04358,2025-05-28,7,38,East,Basic,Quarterly,531.38,0.0,Yes,4,0,32.2,2.4,2025-11-26 20:57:42.956112217,3334.97,No
CUST04359,2023-12-11,24,58,Central,Premium,Annual,2099.76,0.0,Yes,4,1,16.0,3.8,2025-12-24 17:36:24.586420845,51433.46,No
CUST04360,2023-05-25,31,48,East,Standard,Quarterly,1294.83,0.15,No,3,0,33.2,3.6,2025-12-08 22:52:18.152616916,40456.45,No
CUST04361,2023-10-02,26,30,North,Premium,Monthly,1636.86,0.1,No,0,0,10.8,4.0,2025-12-30 00:00:00.000000000,41555.43,No
CUST04362,2023-11-14,25,33,West,Premium,Monthly,1630.08,0.0,No,1,0,17.5,4.3,2025-12-26 18:51:58.909976813,41132.78,No
CUST04363,2025-05-29,7,32,South,Standard,Monthly,1344.85,0.0,No,2,0,33.1,3.7,2025-12-25 02:54:17.404799596,9251.6,No
CUST04364,2025-06-17,6,34,South,Basic,Annual,807.24,0.0,Yes,0,1,21.5,4.2,2025-12-08 12:32:54.911192828,4674.42,No
CUST04365,2024-09-18,15,34,West,Premium,Quarterly,1853.51,0.0,Yes,1,0,21.5,4.7,2025-12-22 11:38:51.279930004,27774.53,No
CUST04366,2024-12-16,12,25,West,Standard,Annual,1104.42,0.05,Yes,1,1,24.8,3.9,2025-12-27 21:43:12.857132669,12200.08,No
CUST04367,2025-06-18,6,39,West,Premium,Annual,1722.93,0.0,No,2,1,38.7,4.0,2025-12-14 22:48:51.994950979,11105.3,No
CUST04368,2023-01-09,35,56,West,Standard,Annual,1559.3,0.0,Yes,0,1,33.4,3.4,2025-12-20 15:15:11.950202803,53389.35,No
CUST04369,2024-07-12,17,24,North,Standard,Monthly,1191.36,0.0,Yes,3,2,14.3,2.4,2025-11-23 00:11:20.438630857,19850.45,Yes
CUST04370,2025-03-05,9,29,South,Premium,Monthly,1722.23,0.05,Yes,1,0,26.5,3.8,2025-12-25 06:06:09.336601671,14743.28,No
CUST04371,2024-11-22,13,38,South,Standard,Quarterly,1070.72,0.0,Yes,1,1,34.6,4.2,2025-12-27 19:33:24.113315906,14783.05,No
CUST04372,2024-07-30,17,24,North,Basic,Monthly,784.69,0.0,No,2,0,35.5,2.8,2025-12-02 22:41:34.465744090,13455.97,Yes
CUST04373,2025-06-02,6,34,West,Standard,Monthly,1172.24,0.0,No,2,0,19.3,3.5,2025-12-08 06:23:07.291301312,7214.25,No
CUST04374,2024-01-10,23,29,South,Standard,Monthly,1166.6,0.05,Yes,2,0,32.1,2.5,2025-12-20 04:00:43.781901627,25716.2,No
CUST04375,2024-01-11,23,18,East,Premium,Monthly,2153.08,0.0,Yes,3,1,15.4,3.6,2025-12-28 09:05:05.941606356,48381.72,No
CUST04376,2024-10-25,14,49,West,Basic,Monthly,677.09,0.05,No,2,0,46.7,2.7,2025-11-22 08:37:15.320384075,9162.76,Yes
CUST04377,2024-03-01,22,18,East,Premium,Quarterly,1875.22,0.1,Yes,1,0,26.6,1.8,2025-12-19 14:39:37.476080597,42395.01,No
CUST04378,2024-12-17,12,40,Central,Premium,Quarterly,1830.8,0.0,No,2,0,42.8,2.6,2025-12-07 09:37:15.838443696,23059.48,No
CUST04379,2025-02-17,10,36,North,Basic,Annual,729.86,0.05,Yes,2,1,21.1,2.6,2025-12-19 16:11:42.661591354,8001.32,No
CUST04380,2024-09-06,15,38,Central,Basic,Monthly,586.96,0.0,Yes,2,4,28.9,5.0,2025-12-13 17:15:56.824739655,8268.29,No
CUST04381,2024-09-01,15,36,Central,Standard,Monthly,1074.59,0.0,Yes,2,0,30.4,4.1,2025-12-18 04:24:46.120364027,15339.04,No
CUST04382,2024-04-03,20,50,Central,Basic,Monthly,758.63,0.05,Yes,2,0,30.1,3.3,2025-12-18 20:53:38.084045134,14922.02,No
CUST04383,2023-05-06,31,43,North,Standard,Annual,1144.71,0.0,No,3,1,26.3,3.7,2025-12-08 14:46:47.158097031,36511.66,No
CUST04384,2024-02-04,22,32,West,Basic,Quarterly,585.7,0.05,No,3,1,39.1,3.9,2025-12-30 00:00:00.000000000,12513.29,No
CUST04385,2023-04-01,33,37,West,Standard,Quarterly,1188.54,0.0,No,2,1,18.5,3.2,2025-12-17 10:13:31.565096899,38119.74,No
CUST04386,2024-07-31,17,45,South,Basic,Monthly,745.69,0.0,Yes,0,0,44.9,2.7,2025-12-13 02:11:25.794583253,13373.13,No
CUST04387,2024-12-20,12,52,North,Premium,Annual,2022.48,0.1,Yes,3,2,17.7,3.3,2025-12-29 09:47:37.469259782,25428.6,No
CUST04388,2024-04-09,20,25,East,Standard,Monthly,986.44,0.0,Yes,0,1,22.3,3.9,2025-12-21 01:54:38.030641537,19062.73,No
CUST04389,2024-03-21,21,34,East,Standard,Monthly,1282.35,0.05,No,4,2,22.3,4.3,2025-12-21 01:12:41.738135467,26958.82,No
CUST04390,2025-05-12,7,20,Central,Basic,Monthly,640.03,0.0,No,1,0,23.2,1.6,2025-12-10 06:50:31.793367239,4716.9,No
CUST04391,2024-07-26,17,30,South,Premium,Monthly,1534.54,0.1,Yes,2,0,15.0,1.6,2025-12-27 01:22:07.406637664,25896.83,No
CUST04392,2023-04-27,32,34,West,Standard,Quarterly,1186.75,0.0,Yes,0,1,23.2,4.4,2025-12-20 00:43:12.014544265,36830.74,No
CUST04393,2024-09-27,15,25,West,Standard,Annual,1225.86,0.0,Yes,1,0,31.3,2.2,2025-12-14 03:12:16.966844580,17593.09,No
CUST04394,2024-09-15,15,32,North,Basic,Monthly,651.74,0.0,No,3,1,16.9,3.6,2025-12-04 09:29:43.925925950,9642.5,Yes
CUST04395,2023-05-22,31,44,West,Standard,Monthly,1284.88,0.0,No,5,0,21.5,3.2,2025-12-08 20:02:49.868545154,40595.87,No
CUST04396,2023-04-19,32,32,East,Standard,Monthly,1258.46,0.0,No,1,0,26.6,3.4,2025-12-09 16:24:43.333520804,40591.43,No
CUST04397,2025-04-05,8,30,West,Basic,Monthly,822.71,0.0,No,5,0,28.5,2.7,2025-12-07 21:37:36.534191163,6002.42,Yes
CUST04398,2023-09-13,27,18,Central,Basic,Monthly,683.02,0.1,Yes,1,0,47.8,5.0,2025-12-30 00:00:00.000000000,18211.44,No
CUST04399,2024-09-22,15,34,North,Standard,Quarterly,940.46,0.1,Yes,0,0,37.5,3.2,2025-12-18 15:45:29.549664242,13207.17,No
CUST04400,2023-11-11,25,29,South,Basic,Quarterly,735.24,0.0,No,3,0,32.9,3.0,2025-12-18 09:39:08.755151896,17770.34,No
CUST04401,2024-05-16,19,43,East,Standard,Monthly,1238.03,0.05,No,1,3,22.1,2.6,2025-12-18 20:45:25.626792586,22978.94,No
CUST04402,2023-04-27,32,21,West,Standard,Annual,1074.15,0.15,Yes,6,1,12.5,4.2,2025-12-10 23:38:19.611102696,34610.49,No
CUST04403,2023-12-21,24,36,West,Premium,Monthly,2079.64,0.0,Yes,3,2,15.0,3.0,2025-12-17 01:06:07.717743640,51784.64,No
CUST04404,2025-05-16,7,28,East,Basic,Monthly,652.35,0.0,Yes,1,0,30.1,2.1,2025-12-19 03:18:38.006592941,4647.91,No
CUST04405,2023-04-08,32,42,East,Basic,Monthly,819.59,0.0,No,2,0,29.6,3.5,2025-12-22 23:08:09.579544680,26401.59,No
CUST04406,2025-05-21,7,36,North,Standard,Monthly,1392.55,0.0,Yes,0,2,32.1,3.2,2025-12-22 14:33:08.239575295,8627.05,No
CUST04407,2024-04-23,20,21,East,Standard,Quarterly,1357.79,0.0,Yes,1,0,43.5,3.5,2025-12-28 11:46:18.842598961,25884.83,No
CUST04408,2025-01-24,11,25,Central,Basic,Annual,484.06,0.0,Yes,2,0,32.0,4.6,2025-12-12 23:33:23.712992543,4976.76,No
CUST04409,2023-10-11,26,53,South,Standard,Annual,1162.7,0.1,No,1,3,46.4,4.0,2025-11-28 14:57:37.580907367,29201.7,Yes
CUST04410,2024-02-23,22,43,East,Basic,Annual,786.12,0.1,No,3,2,12.6,4.0,2025-12-29 02:26:03.824605678,17044.04,No
CUST04411,2024-04-01,20,36,South,Basic,Monthly,787.79,0.0,No,2,0,17.7,3.5,2025-12-28 00:36:08.193169916,15061.71,No
CUST04412,2024-01-05,23,31,South,Basic,Annual,658.26,0.15,No,2,2,29.7,3.5,2025-12-23 15:56:24.016911231,14785.11,No
CUST04413,2024-08-04,16,32,East,Basic,Monthly,610.45,0.15,Yes,3,0,26.4,3.0,2025-12-25 20:00:15.806555341,9160.68,No
CUST04414,2024-09-21,15,28,Central,Basic,Monthly,653.2,0.05,No,5,0,32.9,3.9,2025-12-02 07:11:34.543570604,10017.97,Yes
CUST04415,2023-05-11,31,28,East,Premium,Monthly,2112.77,0.0,Yes,0,2,40.9,2.6,2025-12-25 17:50:33.109963276,67165.01,No
CUST04416,2023-11-27,25,33,Central,Standard,Monthly,1192.21,0.1,Yes,2,3,38.3,3.4,2025-12-30 00:00:00.000000000,30881.45,No
CUST04417,2024-09-04,15,37,East,Standard,Monthly,1257.78,0.0,No,1,0,38.5,3.5,2025-12-15 22:36:06.023912824,19028.85,No
CUST04418,2023-09-01,27,18,East,Standard,Monthly,1263.95,0.0,Yes,2,0,39.6,3.3,2025-12-09 18:00:59.015446975,34058.82,No
CUST04419,2023-01-17,35,18,East,Standard,Quarterly,1071.06,0.0,No,1,1,30.4,3.7,2025-12-19 09:47:44.224200739,38546.77,No
CUST04420,2023-12-19,24,34,East,Standard,Quarterly,999.62,0.0,Yes,2,2,12.3,3.8,2025-12-12 19:12:16.494474045,23367.92,No
CUST04421,2023-05-27,31,29,East,Standard,Monthly,1217.42,0.0,Yes,1,1,15.5,3.1,2025-12-18 22:19:57.613077524,38122.24,No
CUST04422,2024-01-21,23,27,North,Basic,Quarterly,651.34,0.1,Yes,2,2,40.8,2.6,2025-12-29 19:07:10.490072895,14594.77,No
CUST04423,2023-06-13,30,44,South,Standard,Monthly,1084.02,0.0,Yes,2,2,32.3,4.1,2025-12-23 08:12:41.312031397,32127.17,No
CUST04424,2023-07-27,29,39,South,Premium,Monthly,1818.42,0.0,No,1,2,27.7,3.3,2025-12-22 13:17:09.013136119,54205.0,No
CUST04425,2023-12-05,24,28,West,Basic,Monthly,664.76,0.05,No,2,2,30.7,4.4,2025-11-19 17:51:34.186069052,16388.04,Yes
CUST04426,2023-07-25,29,23,South,Basic,Monthly,782.81,0.05,No,2,0,36.5,3.7,2025-12-12 13:10:14.859405262,22311.91,No
CUST04427,2024-08-15,16,36,Central,Standard,Monthly,1224.24,0.0,Yes,1,1,19.1,4.2,2025-11-29 19:37:30.023878003,20778.37,Yes
CUST04428,2024-01-12,23,39,North,Premium,Quarterly,1876.22,0.15,Yes,4,1,3.1,2.5,2025-11-30 13:20:12.966146500,43561.55,No
CUST04429,2023-08-12,28,18,Central,Basic,Annual,683.94,0.05,No,1,0,22.2,4.4,2025-12-03 06:39:24.878058221,19612.63,No
CUST04430,2023-01-27,35,38,South,Standard,Quarterly,1264.81,0.0,No,1,0,30.7,4.1,2025-12-19 11:43:39.101004656,43621.46,No
CUST04431,2023-02-10,34,51,Central,Basic,Quarterly,610.01,0.0,No,2,1,39.8,3.1,2025-12-25 04:40:06.210007902,20891.49,No
CUST04432,2024-05-03,19,38,Central,Basic,Monthly,706.79,0.0,Yes,2,0,33.2,3.0,2025-12-07 02:08:04.702168888,12875.26,Yes
CUST04433,2025-04-01,9,43,West,Standard,Monthly,871.9,0.1,No,1,0,43.9,3.1,2025-12-13 17:50:23.246097029,7766.9,No
CUST04434,2025-03-29,9,25,East,Basic,Monthly,656.55,0.1,No,2,1,26.0,3.0,2025-12-19 09:44:30.365506571,6421.8,No
CUST04435,2024-02-04,22,37,Central,Basic,Annual,704.4,0.05,No,2,0,27.3,3.3,2025-12-30 00:00:00.000000000,15783.79,No
CUST04436,2024-07-12,17,39,North,Basic,Monthly,750.68,0.0,Yes,3,0,35.7,2.9,2025-12-06 10:22:07.291020070,12390.99,Yes
CUST04437,2025-02-16,10,50,East,Basic,Monthly,758.82,0.15,Yes,1,1,39.5,2.7,2025-12-13 18:29:57.002000496,7751.82,No
CUST04438,2025-05-11,7,30,West,Basic,Monthly,670.7,0.1,Yes,1,0,29.3,5.0,2025-12-30 00:00:00.000000000,5070.42,No
CUST04439,2024-11-12,13,32,South,Basic,Quarterly,738.0,0.0,Yes,3,1,15.9,4.2,2025-12-16 00:06:14.494058079,9162.44,No
CUST04440,2024-12-22,12,51,North,Basic,Quarterly,925.36,0.15,No,3,0,30.7,2.6,2025-12-02 17:47:00.864637898,11915.2,Yes
CUST04441,2024-12-15,12,27,East,Basic,Monthly,774.72,0.0,Yes,2,0,7.6,4.1,2025-12-07 00:27:20.905177715,8706.5,Yes
CUST04442,2024-05-08,19,37,North,Standard,Annual,1291.28,0.0,No,4,0,16.2,3.0,2025-12-19 08:22:31.744720774,24024.64,No
CUST04443,2023-05-09,31,34,East,Premium,Monthly,1766.17,0.0,No,2,1,49.7,4.0,2025-12-04 01:06:31.283019216,56036.2,No
CUST04444,2023-10-11,26,23,Central,Standard,Annual,1420.92,0.1,No,1,1,25.6,4.0,2025-12-30 00:00:00.000000000,37304.91,No
CUST04445,2025-05-20,7,39,South,Standard,Annual,1375.9,0.05,No,3,1,22.2,3.9,2025-12-30 00:00:00.000000000,10946.51,No
CUST04446,2023-04-21,32,32,West,Standard,Monthly,1303.62,0.1,Yes,4,2,30.5,3.0,2025-12-18 08:35:06.970615377,40514.0,No
CUST04447,2024-04-11,20,31,West,Basic,Monthly,697.69,0.05,No,3,0,24.1,3.2,2025-12-16 20:39:36.399762792,14054.17,No
CUST04448,2025-03-14,9,50,East,Basic,Annual,680.02,0.1,No,2,0,9.4,3.3,2025-12-13 22:47:08.089990668,5895.64,No
CUST04449,2023-04-19,32,18,East,Basic,Quarterly,667.95,0.0,Yes,2,1,39.9,1.8,2025-12-30 00:00:00.000000000,20895.77,No
CUST04450,2024-03-08,21,36,South,Basic,Monthly,624.47,0.15,Yes,1,1,22.3,4.2,2025-12-21 12:42:02.535760403,13367.49,No
CUST04451,2024-07-12,17,33,North,Standard,Annual,1152.25,0.0,Yes,3,1,20.3,3.3,2025-11-30 15:52:44.205781466,19411.52,No
CUST04452,2024-05-20,19,36,South,Standard,Monthly,1273.65,0.0,No,0,2,13.5,4.4,2025-12-02 17:27:44.517292664,25236.21,Yes
CUST04453,2023-06-28,30,31,Central,Basic,Monthly,778.02,0.0,Yes,2,0,16.0,3.7,2025-12-17 01:02:59.069032423,23006.99,No
CUST04454,2024-03-16,21,28,South,Standard,Monthly,1160.05,0.15,Yes,2,0,30.9,3.9,2025-12-07 05:52:53.729179205,25234.37,Yes
CUST04455,2024-08-02,16,34,Central,Basic,Monthly,764.62,0.0,No,0,0,21.6,2.7,2025-12-07 12:46:43.897356576,12275.8,Yes
CUST04456,2024-05-21,19,39,North,Basic,Monthly,644.77,0.05,Yes,4,0,12.1,2.7,2025-12-03 09:29:56.514829215,12101.92,No
CUST04457,2023-12-06,24,41,Central,Basic,Quarterly,791.58,0.0,Yes,2,0,22.2,3.0,2025-12-10 14:17:08.446846408,18263.6,No
CUST04458,2025-02-11,10,29,Central,Basic,Annual,713.98,0.0,Yes,1,1,26.1,2.3,2025-12-19 08:33:07.491112546,7793.01,No
CUST04459,2024-03-30,21,39,Central,Basic,Quarterly,698.27,0.15,Yes,2,3,23.1,3.1,2025-12-24 06:08:29.037333587,14890.08,No
CUST04460,2023-07-20,29,32,North,Basic,Monthly,602.67,0.0,No,2,0,36.1,2.5,2025-11-30 15:23:54.319867227,17607.74,No
CUST04461,2024-11-06,13,28,West,Standard,Monthly,1405.1,0.0,Yes,1,0,38.0,2.4,2025-12-18 11:34:48.594205987,19383.61,No
CUST04462,2024-06-13,18,41,North,Premium,Monthly,2004.85,0.0,Yes,3,1,8.6,2.3,2025-12-11 21:04:52.943348082,35466.14,No
CUST04463,2023-07-01,30,38,North,Premium,Quarterly,1860.44,0.0,No,4,0,25.4,2.6,2025-12-14 14:33:06.302607555,54784.42,No
CUST04464,2025-03-15,9,41,East,Premium,Quarterly,2020.66,0.0,Yes,3,0,17.4,3.4,2025-12-27 03:59:03.486396737,19688.58,No
CUST04465,2023-04-02,32,32,Central,Premium,Monthly,2235.32,0.0,Yes,4,0,32.0,3.5,2025-11-26 11:57:09.567268045,72539.4,Yes
CUST04466,2023-05-22,31,19,West,Basic,Monthly,702.63,0.1,No,0,0,35.3,2.0,2025-12-30 00:00:00.000000000,21924.66,No
CUST04467,2024-08-20,16,43,East,Premium,Monthly,1892.71,0.0,Yes,4,0,28.2,3.0,2025-12-19 14:56:30.104728970,31846.92,No
CUST04468,2023-06-17,30,33,Central,Basic,Annual,764.59,0.1,Yes,1,0,28.3,2.9,2025-12-28 07:08:35.369636972,22861.8,No
CUST04469,2024-12-25,12,25,East,Standard,Monthly,1133.41,0.0,No,3,0,23.8,2.8,2025-12-18 15:25:18.358344627,14057.59,No
CUST04470,2023-04-10,32,22,Central,Basic,Annual,828.67,0.0,Yes,2,0,11.4,3.0,2025-12-12 05:52:49.270417816,26641.97,No
CUST04471,2025-01-15,11,40,Central,Standard,Annual,1376.23,0.0,No,4,1,13.9,3.3,2025-12-11 09:02:16.991403110,14182.26,No
CUST04472,2023-09-10,27,37,South,Standard,Monthly,1266.7,0.0,No,1,0,41.2,3.4,2025-12-04 02:49:19.624668802,35002.21,No
CUST04473,2023-09-11,27,43,South,Premium,Annual,2035.9,0.0,Yes,4,1,24.0,3.0,2025-12-19 18:28:13.827942057,53230.54,No
CUST04474,2025-03-21,9,35,West,Standard,Quarterly,1043.01,0.15,No,1,1,33.5,3.2,2025-12-08 03:18:59.326598250,8868.04,No
CUST04475,2024-01-09,23,27,West,Standard,Annual,1093.78,0.1,Yes,3,0,45.4,3.3,2025-12-05 17:01:42.348767063,24635.63,No
CUST04476,2024-03-12,21,29,North,Premium,Monthly,2157.89,0.0,No,4,0,26.0,3.9,2025-12-26 03:26:03.735279494,45137.43,No
CUST04477,2024-10-09,14,38,West,Standard,Monthly,997.22,0.0,Yes,3,1,41.4,3.5,2025-12-18 18:45:37.190431982,13555.54,No
CUST04478,2024-04-22,20,24,East,Standard,Quarterly,1182.53,0.0,Yes,2,2,31.4,3.8,2025-12-30 00:00:00.000000000,23654.73,No
CUST04479,2023-08-06,28,32,South,Standard,Monthly,1139.75,0.0,Yes,1,1,29.5,3.5,2025-12-08 23:34:08.802184383,31843.93,Yes
CUST04480,2023-02-12,34,29,West,Standard,Annual,1388.57,0.1,Yes,2,0,47.8,4.0,2025-12-11 09:35:23.047290379,48190.87,No
CUST04481,2023-10-10,26,30,Central,Standard,Quarterly,1224.32,0.0,No,3,0,20.6,3.7,2025-12-16 18:56:36.244600461,32224.48,No
CUST04482,2024-11-03,13,64,West,Standard,Monthly,1394.25,0.05,No,4,1,29.9,3.1,2025-11-26 12:25:02.730526968,18000.61,Yes
CUST04483,2024-07-27,17,18,North,Standard,Monthly,1271.03,0.0,Yes,0,0,16.1,3.8,2025-12-08 10:57:18.608892558,20347.4,No
CUST04484,2024-09-24,15,37,North,Standard,Monthly,1322.81,0.1,Yes,2,0,17.5,3.6,2025-12-12 10:57:55.418808209,20753.38,No
CUST04485,2024-10-01,14,23,South,Standard,Monthly,1394.88,0.0,No,3,1,26.3,4.5,2025-12-21 18:11:30.658083493,20863.67,No
CUST04486,2023-07-03,29,55,West,Standard,Monthly,1214.86,0.1,Yes,2,3,14.7,3.3,2025-12-26 17:18:08.697492674,35328.87,No
CUST04487,2023-08-26,28,31,East,Premium,Monthly,2125.13,0.0,Yes,0,0,34.0,4.1,2025-12-25 02:05:07.955187081,60475.15,No
CUST04488,2025-04-07,8,32,North,Standard,Monthly,1132.56,0.05,No,2,1,34.8,2.4,2025-12-08 17:47:36.273967351,8327.52,No
CUST04489,2023-06-29,30,38,East,Premium,Quarterly,1738.14,0.0,Yes,0,0,36.4,2.9,2025-12-10 09:13:28.598443608,51927.7,No
CUST04490,2025-05-21,7,40,Central,Basic,Monthly,804.96,0.1,Yes,4,1,30.8,2.9,2025-12-06 04:22:56.626055161,6424.94,Yes
CUST04491,2024-11-15,13,33,East,Standard,Monthly,1214.41,0.0,No,1,0,12.7,5.0,2025-12-18 02:48:19.098724721,15710.26,No
CUST04492,2023-11-30,25,46,North,Standard,Monthly,1075.09,0.0,No,2,1,23.0,3.9,2025-12-10 16:27:26.539219092,25812.78,No
CUST04493,2023-12-14,24,34,Central,Premium,Quarterly,2080.04,0.1,No,1,0,34.7,3.8,2025-12-21 17:08:34.155157224,48007.62,No
CUST04494,2024-12-27,12,44,Central,Basic,Monthly,756.61,0.0,Yes,3,0,21.0,1.9,2025-12-13 05:01:28.028003739,8453.88,No
CUST04495,2024-03-04,21,30,South,Standard,Monthly,1155.62,0.05,Yes,1,0,24.6,2.5,2025-12-20 05:50:39.575963193,23916.39,No
CUST04496,2023-01-17,35,25,West,Standard,Monthly,1282.76,0.05,Yes,0,1,35.4,3.9,2025-12-18 12:23:50.756790316,43661.96,No
CUST04497,2024-01-23,23,29,Central,Premium,Annual,1784.85,0.0,Yes,4,1,30.6,5.0,2025-12-18 16:06:57.706093351,42470.61,No
CUST04498,2023-10-20,26,25,North,Premium,Quarterly,2013.44,0.0,Yes,0,0,29.1,4.2,2025-12-22 15:10:07.935497740,51058.47,No
CUST04499,2025-03-13,9,18,North,Premium,Quarterly,1923.63,0.0,Yes,2,0,17.3,2.6,2025-12-15 13:38:13.871655523,18164.22,No
CUST04500,2023-08-13,28,26,South,Basic,Monthly,732.17,0.0,Yes,5,1,38.5,2.6,2025-12-13 20:12:46.019346535,20191.87,No
CUST04501,2023-06-09,30,22,West,Premium,Monthly,1661.07,0.0,No,3,0,21.5,3.3,2025-12-24 08:51:18.944189652,48932.62,No
CUST04502,2023-07-08,29,40,North,Standard,Quarterly,987.12,0.0,Yes,2,2,45.0,3.3,2025-12-27 07:31:51.733389456,27884.64,No
CUST04503,2025-01-20,11,49,South,Basic,Monthly,614.37,0.15,No,3,0,23.1,4.4,2025-12-19 21:27:34.615795142,6722.68,No
CUST04504,2023-03-12,33,23,South,Standard,Quarterly,1354.98,0.0,Yes,2,0,19.7,3.3,2025-12-18 18:54:56.420258979,46042.84,Yes
CUST04505,2024-11-04,13,35,West,Basic,Quarterly,598.17,0.05,Yes,1,0,24.7,2.6,2025-12-20 16:47:35.123389124,8024.31,No
CUST04506,2024-01-17,23,25,East,Basic,Monthly,733.12,0.05,Yes,0,1,44.5,4.0,2025-12-18 20:08:02.268046312,16948.77,No
CUST04507,2024-03-17,21,43,South,Standard,Annual,1349.71,0.1,Yes,4,0,28.8,4.2,2025-12-06 16:06:07.529780008,28224.96,No
CUST04508,2023-09-18,27,47,East,Basic,Monthly,881.75,0.0,Yes,0,0,39.8,4.0,2025-12-17 03:56:26.359278908,24281.63,No
CUST04509,2024-06-13,18,28,East,Standard,Quarterly,817.63,0.0,Yes,4,0,39.6,3.8,2025-12-25 08:49:25.851978593,13962.23,No
CUST04510,2024-03-22,21,41,North,Standard,Monthly,1289.29,0.1,No,3,3,15.5,3.3,2025-12-08 19:39:56.020172366,27408.4,No
CUST04511,2023-05-05,31,18,East,Premium,Monthly,1727.17,0.1,Yes,5,1,26.1,3.7,2025-12-20 16:09:58.634222686,54425.14,No
CUST04512,2024-07-12,17,38,Central,Standard,Quarterly,1224.27,0.0,Yes,3,2,37.3,2.5,2025-12-12 05:27:17.265950813,21605.31,No
CUST04513,2024-05-18,19,43,West,Standard,Monthly,1206.07,0.0,No,0,1,21.9,2.2,2025-12-16 16:49:17.802433296,23903.75,No
CUST04514,2024-05-08,19,37,East,Standard,Monthly,1072.64,0.0,No,2,0,23.8,5.0,2025-12-28 00:49:32.915417448,20989.52,No
CUST04515,2025-06-29,6,41,West,Premium,Monthly,1597.53,0.1,No,4,1,16.8,3.3,2025-12-13 21:56:44.579704572,8539.84,Yes
CUST04516,2024-05-09,19,46,Central,Premium,Quarterly,1898.39,0.0,Yes,4,2,10.3,3.8,2025-12-22 23:52:24.831567910,34906.25,No
CUST04517,2025-06-18,6,58,South,Basic,Monthly,784.44,0.05,Yes,6,0,34.4,2.7,2025-12-04 13:27:50.261993367,4778.53,No
CUST04518,2024-06-08,18,35,North,Premium,Annual,1646.01,0.0,No,1,0,2.0,5.0,2025-12-22 06:57:14.668897459,28312.54,No
CUST04519,2024-05-04,19,34,North,Standard,Monthly,1223.71,0.05,No,1,0,18.7,3.2,2025-12-30 00:00:00.000000000,23549.73,No
CUST04520,2025-06-13,6,41,North,Standard,Quarterly,1179.91,0.0,Yes,0,1,36.4,4.0,2025-12-03 22:01:14.901569542,5953.04,No
CUST04521,2023-04-26,32,27,North,Standard,Annual,1158.15,0.05,Yes,6,2,15.8,2.5,2025-12-11 11:06:08.749706366,37057.35,Yes
CUST04522,2024-12-03,12,43,South,Basic,Monthly,654.13,0.1,Yes,0,0,41.8,3.3,2025-11-29 23:39:32.454881914,7943.31,No
CUST04523,2023-12-19,24,25,South,Basic,Annual,514.49,0.0,Yes,6,0,29.1,4.5,2025-12-13 19:36:26.700850268,12264.65,No
CUST04524,2023-05-15,31,35,West,Basic,Monthly,695.23,0.05,Yes,3,0,18.0,2.6,2025-12-22 23:17:01.400157958,22001.75,No
CUST04525,2024-10-05,14,26,South,Premium,Quarterly,1583.77,0.05,No,1,2,28.7,5.0,2025-12-05 05:43:04.124641536,22907.33,No
CUST04526,2023-09-28,27,22,South,Basic,Annual,747.24,0.0,No,2,1,15.6,4.4,2025-12-11 01:54:09.067681049,20395.81,No
CUST04527,2024-09-25,15,35,North,Standard,Monthly,1215.67,0.05,Yes,1,0,17.3,2.7,2025-12-12 04:48:01.668905554,17493.13,No
CUST04528,2023-08-12,28,25,West,Basic,Annual,760.44,0.05,No,3,2,29.3,4.1,2025-12-13 17:27:36.423096938,21722.56,No
CUST04529,2023-01-06,35,22,East,Standard,Monthly,1162.15,0.05,Yes,2,2,38.3,4.2,2025-12-10 07:08:02.774578267,39523.8,No
CUST04530,2024-02-22,22,31,North,Premium,Monthly,1953.31,0.0,Yes,3,1,7.9,3.6,2025-12-13 07:52:06.512719942,41892.59,No
CUST04531,2024-06-11,18,25,East,Basic,Annual,912.12,0.05,Yes,3,0,29.5,4.3,2025-12-23 15:18:03.451150956,17326.88,No
CUST04532,2025-05-25,7,36,Central,Basic,Annual,765.91,0.0,No,1,0,2.0,2.3,2025-11-16 18:43:29.485217557,6087.73,Yes
CUST04533,2024-03-08,21,39,East,Premium,Annual,2091.0,0.0,Yes,2,1,26.4,3.3,2025-12-17 01:47:14.327152296,43207.89,No
CUST04534,2023-10-09,26,38,West,Standard,Monthly,1173.56,0.0,Yes,1,0,26.8,2.8,2025-12-29 08:22:25.585626349,30375.86,No
CUST04535,2023-10-02,26,52,Central,Standard,Monthly,1232.1,0.0,Yes,4,1,22.0,3.8,2025-12-30 00:00:00.000000000,33093.02,No
CUST04536,2023-05-12,31,33,West,Basic,Quarterly,629.2,0.0,Yes,1,2,28.9,3.9,2025-12-16 10:27:20.079538670,19703.39,No
CUST04537,2025-04-21,8,30,Central,Basic,Monthly,525.62,0.0,No,1,0,23.1,3.1,2025-11-30 07:19:14.133878464,3912.89,Yes
CUST04538,2025-06-06,6,36,Central,Basic,Monthly,566.2,0.0,Yes,4,0,33.6,2.9,2025-12-24 01:32:04.656265086,3287.56,No
CUST04539,2023-12-10,24,29,South,Premium,Monthly,1879.31,0.0,Yes,1,0,13.5,3.4,2025-12-22 17:22:26.981236010,46551.79,No
CUST04540,2023-12-26,24,20,East,Basic,Quarterly,720.39,0.0,Yes,3,0,28.7,3.0,2025-12-30 00:00:00.000000000,17350.74,No
CUST04541,2023-03-06,33,39,North,Standard,Monthly,1352.2,0.0,No,4,0,21.3,2.0,2025-12-14 21:47:13.870386399,44365.27,No
CUST04542,2023-12-18,24,26,Central,Basic,Quarterly,809.6,0.1,Yes,1,0,32.5,2.7,2025-12-05 13:48:59.922947483,19672.78,No
CUST04543,2024-10-11,14,25,South,Standard,Monthly,1336.26,0.0,Yes,3,0,34.9,3.7,2025-12-01 16:13:41.337215219,17475.72,No
CUST04544,2023-03-02,34,30,East,Standard,Annual,1209.85,0.0,No,2,0,31.6,3.3,2025-12-20 08:23:35.815728221,41388.6,No
CUST04545,2023-09-21,27,34,North,Standard,Quarterly,1229.86,0.15,Yes,2,0,25.7,4.0,2025-12-25 13:16:33.432119343,32450.98,No
CUST04546,2025-06-19,6,29,East,Premium,Quarterly,1973.12,0.0,Yes,3,1,26.6,3.2,2025-12-18 00:52:09.148687663,11855.94,No
CUST04547,2024-12-18,12,18,South,Standard,Monthly,1073.21,0.0,Yes,2,0,18.4,4.4,2025-12-30 00:00:00.000000000,12756.18,No
CUST04548,2025-02-02,10,34,South,Standard,Monthly,1097.36,0.15,Yes,4,0,21.1,3.1,2025-12-17 12:46:23.604211612,10126.31,No
CUST04549,2024-04-21,20,36,East,Standard,Monthly,1364.56,0.1,No,3,0,14.5,3.3,2025-12-04 07:25:10.621453910,26931.52,No
CUST04550,2025-04-06,8,37,South,Basic,Quarterly,588.97,0.0,Yes,0,1,26.3,4.7,2025-12-16 10:12:22.490514657,4177.65,No
CUST04551,2025-05-11,7,51,East,Basic,Quarterly,749.52,0.15,Yes,3,0,23.0,2.6,2025-12-18 15:09:45.180287612,4566.16,No
CUST04552,2023-02-10,34,24,West,Standard,Monthly,1119.27,0.1,Yes,3,1,25.4,4.0,2025-12-14 07:15:22.778821199,38585.9,No
CUST04553,2024-09-06,15,52,East,Standard,Quarterly,872.33,0.05,No,0,1,31.0,4.7,2025-12-14 00:14:09.481279503,13517.7,No
CUST04554,2024-04-05,20,38,Central,Premium,Annual,2296.25,0.05,Yes,1,0,38.1,3.3,2025-12-22 09:11:54.339235034,45731.16,No
CUST04555,2024-04-01,20,27,East,Standard,Annual,998.16,0.0,Yes,1,0,21.0,3.8,2025-12-30 00:00:00.000000000,19100.42,No
CUST04556,2024-09-23,15,52,East,Standard,Annual,1281.11,0.1,Yes,4,1,38.2,3.7,2025-11-23 10:29:44.801876740,20346.86,Yes
CUST04557,2023-10-06,26,32,South,Standard,Annual,1100.99,0.0,No,2,1,31.4,3.8,2025-12-24 06:16:03.404477243,29591.53,No
CUST04558,2024-08-05,16,44,West,Standard,Monthly,951.46,0.0,Yes,5,0,7.1,4.8,2025-12-07 09:11:07.015979282,16127.37,Yes
CUST04559,2025-06-27,6,23,Central,Standard,Annual,1295.73,0.0,Yes,2,0,23.3,3.7,2025-12-26 11:36:31.547144915,8351.16,No
CUST04560,2024-11-30,13,45,East,Standard,Quarterly,1104.42,0.0,Yes,2,0,16.8,4.2,2025-12-20 09:15:41.408446764,13757.34,No
CUST04561,2024-10-05,14,43,Central,Basic,Monthly,824.97,0.15,No,1,2,35.9,3.1,2025-12-12 23:25:05.513163304,10772.03,No
CUST04562,2025-03-01,10,31,West,Standard,Monthly,1254.61,0.0,No,4,0,17.2,2.4,2025-11-29 09:35:08.269764660,11618.57,No
CUST04563,2024-12-21,12,49,East,Standard,Monthly,1300.2,0.0,No,0,2,26.1,3.7,2025-12-23 03:52:05.134634409,16818.91,No
CUST04564,2023-05-23,31,21,East,Premium,Monthly,1741.57,0.0,Yes,3,3,37.9,3.2,2025-12-18 18:33:38.085536857,55239.77,No
CUST04565,2023-11-07,25,56,East,Standard,Annual,1121.39,0.0,No,0,0,18.8,4.7,2025-12-11 12:19:15.243676568,28220.69,No
CUST04566,2023-04-04,32,20,North,Standard,Quarterly,1015.35,0.0,Yes,1,0,12.4,4.0,2025-12-10 10:54:28.192103079,32820.77,No
CUST04567,2023-01-18,35,37,South,Basic,Annual,586.23,0.0,Yes,3,0,26.0,3.5,2025-12-18 23:35:07.061231853,20471.76,No
CUST04568,2023-10-16,26,34,East,Standard,Monthly,1074.76,0.05,No,0,1,37.9,4.3,2025-12-22 10:51:06.063243731,28838.75,No
CUST04569,2024-06-26,18,18,Central,Premium,Monthly,1884.36,0.0,No,4,2,16.6,4.0,2025-12-13 02:05:20.648243671,32564.98,No
CUST04570,2024-05-27,19,37,North,Premium,Monthly,2144.27,0.0,No,2,0,36.8,4.4,2025-12-30 00:00:00.000000000,42604.18,No
CUST04571,2024-07-29,17,30,North,Standard,Monthly,1372.2,0.05,No,1,1,9.5,4.1,2025-11-30 17:36:48.303683171,24389.4,Yes
CUST04572,2024-05-25,19,23,West,Basic,Monthly,706.14,0.0,No,2,1,23.6,4.0,2025-12-18 08:52:54.259769243,13957.98,No
CUST04573,2023-08-31,28,27,East,Standard,Monthly,1108.77,0.0,No,4,0,49.8,5.0,2025-12-10 18:57:16.348868088,31641.72,No
CUST04574,2024-09-11,15,18,South,Premium,Monthly,1988.36,0.1,No,1,0,24.6,3.8,2025-12-30 00:00:00.000000000,30665.88,No
CUST04575,2024-07-25,17,44,North,Basic,Monthly,648.65,0.0,Yes,1,1,27.3,3.7,2025-12-11 16:18:39.865627910,11163.95,Yes
CUST04576,2023-10-07,26,23,Central,Standard,Annual,1296.2,0.0,No,0,3,26.0,3.3,2025-12-18 00:07:45.422649331,33671.84,No
CUST04577,2023-12-03,24,30,East,Standard,Quarterly,1224.92,0.0,Yes,3,1,39.7,1.0,2025-12-21 12:23:20.021580698,29873.51,No
CUST04578,2023-06-28,30,47,West,Basic,Monthly,837.9,0.0,No,2,0,13.4,2.8,2025-12-04 19:11:57.616543231,25192.19,No
CUST04579,2023-04-10,32,52,West,Standard,Monthly,1174.65,0.0,Yes,3,0,14.3,3.3,2025-11-29 22:05:21.150464482,36516.73,No
CUST04580,2023-07-06,29,18,North,Standard,Annual,1116.37,0.0,Yes,2,0,25.9,2.9,2025-12-24 09:03:48.410988126,32217.29,No
CUST04581,2024-10-01,14,37,Central,Premium,Quarterly,1539.04,0.05,Yes,2,1,32.6,3.3,2025-12-13 07:14:59.246850792,20089.98,No
CUST04582,2025-04-17,8,47,North,Basic,Monthly,667.83,0.05,No,3,0,10.0,3.4,2025-12-26 09:15:37.883702060,5783.25,No
CUST04583,2023-03-13,33,45,South,Premium,Annual,1818.83,0.0,No,1,1,19.8,1.6,2025-12-23 08:08:31.038490364,60003.14,No
CUST04584,2023-10-09,26,21,East,Standard,Monthly,1292.48,0.15,Yes,4,0,23.6,3.3,2025-12-15 03:51:56.081858115,32606.62,No
CUST04585,2025-04-09,8,29,South,Standard,Monthly,1309.5,0.0,No,2,1,25.0,3.8,2025-12-16 02:46:46.409302160,9238.87,No
CUST04586,2023-12-16,24,36,South,Basic,Monthly,627.01,0.05,Yes,3,0,22.4,3.6,2025-12-16 23:09:53.954695829,15554.5,Yes
CUST04587,2023-09-25,27,43,Central,Basic,Annual,703.93,0.0,Yes,0,0,31.3,3.4,2025-12-21 19:08:52.902028885,18834.03,No
CUST04588,2024-09-06,15,42,Central,Standard,Quarterly,1061.35,0.0,Yes,2,0,4.9,2.3,2025-12-30 00:00:00.000000000,15003.06,No
CUST04589,2024-02-09,22,20,South,Standard,Quarterly,1151.79,0.1,Yes,1,0,30.9,3.2,2025-12-30 00:00:00.000000000,25105.3,No
CUST04590,2024-10-16,14,41,West,Standard,Monthly,1222.06,0.0,No,4,0,17.0,4.6,2025-12-11 04:32:10.487701007,17724.08,No
CUST04591,2025-05-24,7,45,Central,Premium,Monthly,1756.81,0.05,No,2,0,29.9,4.2,2025-12-18 02:57:49.576645014,11542.48,No
CUST04592,2023-06-25,30,49,East,Basic,Annual,829.3,0.0,Yes,2,1,10.4,4.0,2025-12-20 17:45:21.713389344,24118.06,No
CUST04593,2025-03-06,9,39,East,Basic,Annual,674.68,0.05,No,0,0,35.8,3.8,2025-12-17 23:07:19.933947691,6611.4,No
CUST04594,2024-12-21,12,25,South,Premium,Annual,2116.49,0.0,Yes,2,1,12.3,3.0,2025-12-07 00:23:49.488100777,24894.03,No
CUST04595,2024-03-06,21,37,East,Standard,Monthly,1067.54,0.1,Yes,2,1,18.8,4.9,2025-12-20 15:15:11.874486690,22064.2,No
CUST04596,2024-12-29,12,37,East,Basic,Quarterly,582.56,0.0,No,2,0,30.0,2.2,2025-12-16 19:11:41.070124012,7182.32,No
CUST04597,2024-09-28,15,21,East,Standard,Monthly,1360.3,0.0,No,1,0,29.9,4.1,2025-12-03 06:05:40.163550787,20432.21,No
CUST04598,2025-04-22,8,21,North,Basic,Annual,662.18,0.0,Yes,1,1,7.4,2.9,2025-12-21 05:35:55.921894821,5433.52,No
CUST04599,2023-01-24,35,40,Central,Basic,Monthly,692.76,0.0,Yes,2,1,11.0,2.0,2025-12-22 05:33:05.317889994,23993.12,No
CUST04600,2023-09-16,27,47,Central,Basic,Annual,683.9,0.1,No,3,0,25.3,3.1,2025-12-16 03:16:30.855261951,18245.26,No
CUST04601,2025-01-27,11,34,North,Standard,Monthly,1029.77,0.0,Yes,0,1,27.0,2.6,2025-12-11 16:38:31.464667344,11702.01,No
CUST04602,2024-02-13,22,36,South,Standard,Annual,1084.1,0.0,Yes,1,0,40.8,5.0,2025-12-30 00:00:00.000000000,24785.42,No
CUST04603,2023-12-07,24,27,Central,Basic,Quarterly,728.57,0.05,Yes,5,0,30.0,1.6,2025-12-22 03:50:13.400650652,18011.02,No
CUST04604,2024-10-11,14,31,East,Basic,Monthly,631.69,0.15,No,3,0,35.8,2.6,2025-12-16 02:04:11.359323878,9087.36,No
CUST04605,2023-08-15,28,40,West,Standard,Quarterly,1195.89,0.05,No,2,0,5.8,3.1,2025-12-19 05:40:28.760858818,34666.35,No
CUST04606,2024-09-18,15,42,North,Standard,Quarterly,1131.05,0.1,No,4,1,13.5,2.9,2025-12-28 19:38:45.257768846,16130.21,No
CUST04607,2024-12-17,12,33,West,Standard,Monthly,1211.44,0.0,No,3,0,36.5,3.1,2025-12-22 00:11:05.164586587,15128.73,No
CUST04608,2023-01-25,35,18,West,Standard,Annual,1072.97,0.0,No,0,0,27.1,4.7,2025-12-30 00:00:00.000000000,36505.2,No
CUST04609,2023-07-12,29,35,West,Standard,Quarterly,921.71,0.0,Yes,4,0,23.1,3.1,2025-12-07 03:22:20.956977429,26540.03,No
CUST04610,2024-01-22,23,20,West,Basic,Monthly,611.04,0.0,Yes,1,0,26.8,4.4,2025-12-17 04:01:04.689426329,13518.79,No
CUST04611,2024-04-03,20,18,South,Basic,Monthly,705.91,0.05,Yes,1,0,41.5,4.6,2025-12-30 00:00:00.000000000,13552.16,No
CUST04612,2024-01-07,23,27,Central,Basic,Annual,627.57,0.0,Yes,1,3,34.9,3.6,2025-12-10 16:29:07.544132567,14449.59,No
CUST04613,2025-04-17,8,49,West,Premium,Quarterly,1927.86,0.0,Yes,6,1,18.4,3.0,2025-12-07 17:21:39.132032233,16105.83,Yes
CUST04614,2023-12-04,24,19,South,Standard,Monthly,1059.26,0.0,Yes,0,0,30.2,3.9,2025-12-23 08:22:35.462312671,24544.05,No
CUST04615,2023-01-15,35,34,West,Standard,Monthly,927.87,0.0,Yes,2,0,44.8,3.3,2025-12-14 05:56:09.289795123,31580.51,No
CUST04616,2023-05-11,31,36,North,Premium,Quarterly,2072.66,0.0,No,1,1,34.6,3.9,2025-12-23 02:50:00.285303198,66144.99,No
CUST04617,2024-08-28,16,47,Central,Basic,Quarterly,548.89,0.15,Yes,0,1,28.1,2.7,2025-12-26 05:07:13.416661045,8243.85,No
CUST04618,2025-03-26,9,27,South,Basic,Monthly,632.22,0.0,Yes,1,0,16.3,3.5,2025-12-28 14:04:43.414176009,5116.23,No
CUST04619,2023-07-16,29,34,Central,Standard,Quarterly,1025.64,0.0,Yes,1,0,39.1,3.8,2025-12-30 00:00:00.000000000,29439.84,No
CUST04620,2024-02-13,22,23,Central,Standard,Monthly,1197.22,0.0,No,1,1,27.4,2.9,2025-12-22 23:05:19.370657844,26305.12,No
CUST04621,2024-08-14,16,26,East,Standard,Monthly,1075.58,0.05,Yes,1,1,24.3,3.3,2025-12-19 20:53:04.802201175,16528.31,No
CUST04622,2023-09-29,27,39,West,Basic,Annual,576.64,0.0,No,0,0,29.5,3.3,2025-12-23 23:38:49.853579162,15033.45,No
CUST04623,2024-07-24,17,44,East,Basic,Monthly,487.08,0.0,Yes,3,2,22.4,1.6,2025-12-19 18:07:46.213659475,8243.69,No
CUST04624,2025-04-02,8,18,Central,Standard,Monthly,1328.26,0.1,No,2,1,28.5,3.9,2025-12-30 00:00:00.000000000,10467.7,No
CUST04625,2025-03-22,9,18,East,Standard,Monthly,1046.35,0.05,No,2,0,41.3,4.8,2025-12-27 04:20:26.154190557,9730.55,No
CUST04626,2024-05-31,19,28,North,Standard,Annual,1187.04,0.05,Yes,1,0,4.5,4.2,2025-12-21 20:50:47.810717290,23562.79,No
CUST04627,2025-04-07,8,44,West,Standard,Monthly,1199.88,0.05,Yes,4,2,18.9,4.3,2025-12-13 03:53:23.516390444,10751.48,No
CUST04628,2023-11-03,25,25,South,Standard,Monthly,1289.11,0.1,Yes,3,1,19.7,4.8,2025-12-30 00:00:00.000000000,32607.47,No
CUST04629,2025-03-13,9,44,West,Basic,Monthly,623.92,0.1,Yes,2,0,11.8,4.0,2025-12-15 01:34:39.590311587,5858.05,No
CUST04630,2024-02-13,22,31,South,Premium,Monthly,1718.39,0.0,Yes,1,0,13.4,2.5,2025-12-25 02:12:17.950765859,38811.98,No
CUST04631,2024-03-07,21,28,North,Standard,Annual,1070.94,0.1,Yes,3,0,21.6,4.5,2025-12-13 06:05:36.313302135,21600.36,No
CUST04632,2024-12-28,12,40,North,Basic,Quarterly,666.6,0.05,No,3,0,14.1,4.4,2025-12-11 00:19:35.730162259,7777.23,No
CUST04633,2025-05-19,7,34,West,Standard,Annual,1188.02,0.0,Yes,7,1,19.7,3.4,2025-12-20 02:47:42.270799483,8793.37,No
CUST04634,2023-04-16,32,37,East,Standard,Quarterly,1116.6,0.1,Yes,4,0,25.0,3.0,2025-12-30 00:00:00.000000000,36501.88,No
CUST04635,2024-03-24,21,18,East,Standard,Quarterly,1183.05,0.0,Yes,3,1,20.4,3.9,2025-12-24 17:07:34.665750866,24692.66,No
CUST04636,2024-04-06,20,35,Central,Basic,Monthly,687.11,0.1,No,4,1,22.7,4.0,2025-12-14 10:00:26.797445217,13072.73,No
CUST04637,2023-10-19,26,35,Central,Standard,Annual,1210.13,0.05,No,0,0,36.4,3.9,2025-12-19 17:46:49.163077045,32200.68,No
CUST04638,2024-02-24,22,67,East,Basic,Monthly,810.88,0.0,Yes,2,1,23.1,3.4,2025-12-18 05:17:10.267548726,18529.73,Yes
CUST04639,2024-03-31,21,32,North,Basic,Annual,664.53,0.0,Yes,2,0,12.0,2.6,2025-12-28 06:57:48.239327595,13458.21,No
CUST04640,2023-10-21,26,35,South,Basic,Annual,611.55,0.0,No,2,1,20.1,3.7,2025-12-11 20:00:35.379043477,15722.22,No
CUST04641,2023-05-15,31,45,East,Standard,Annual,1404.91,0.05,Yes,2,1,29.9,2.7,2025-12-14 13:02:30.285034665,44070.45,No
CUST04642,2023-08-29,28,44,South,Standard,Monthly,1202.89,0.0,No,0,0,39.0,4.2,2025-12-24 11:13:17.886013030,32555.25,No
CUST04643,2024-08-10,16,40,North,Standard,Annual,1195.51,0.0,Yes,1,1,16.0,4.4,2025-12-20 23:18:51.580786053,20315.27,No
CUST04644,2024-02-19,22,46,Central,Premium,Monthly,1834.29,0.0,No,1,2,23.3,3.2,2025-12-26 10:59:37.414095939,40851.01,No
CUST04645,2024-04-29,20,18,West,Basic,Monthly,748.06,0.05,Yes,2,2,30.8,3.6,2025-12-13 12:00:01.973787351,14451.33,No
CUST04646,2025-02-18,10,32,West,Basic,Monthly,639.44,0.05,No,2,1,23.7,3.2,2025-12-08 12:33:19.088882664,6079.73,No
CUST04647,2024-01-11,23,28,Central,Premium,Monthly,2025.26,0.0,Yes,3,1,24.4,2.8,2025-12-13 20:01:03.355722244,47618.87,No
CUST04648,2023-04-03,32,35,South,Standard,Monthly,1051.87,0.0,Yes,5,0,38.9,3.3,2025-12-25 18:26:33.036492725,32660.21,No
CUST04649,2024-04-30,20,18,Central,Standard,Quarterly,1048.35,0.0,No,4,0,26.7,2.3,2025-11-30 04:04:17.882723105,21688.91,No
CUST04650,2023-10-26,26,41,South,Basic,Annual,588.07,0.1,Yes,1,0,33.8,2.9,2025-12-10 21:47:35.026859447,15660.67,No
CUST04651,2023-11-26,25,30,East,Basic,Monthly,706.78,0.05,Yes,2,0,20.7,4.2,2025-12-19 15:16:11.239922041,17127.72,No
CUST04652,2025-03-25,9,40,Central,Basic,Quarterly,804.68,0.0,Yes,3,1,21.3,3.8,2025-12-20 05:28:12.454147598,7843.87,No
CUST04653,2024-03-05,21,34,South,Basic,Monthly,674.8,0.0,No,1,1,21.5,3.4,2025-12-14 23:24:27.114707371,14030.48,No
CUST04654,2025-02-14,10,38,East,Basic,Monthly,637.89,0.0,Yes,2,1,38.1,4.0,2025-12-10 08:43:40.301869452,6556.7,No
CUST04655,2025-06-12,6,45,South,Basic,Annual,581.8,0.0,Yes,1,1,37.2,4.3,2025-12-22 12:58:56.332795147,3376.95,No
CUST04656,2024-01-15,23,26,North,Premium,Monthly,1753.56,0.1,Yes,1,0,30.0,2.4,2025-12-26 14:00:48.723707863,39555.6,No
CUST04657,2023-11-20,25,18,South,Standard,Quarterly,1006.29,0.0,Yes,0,0,44.3,4.1,2025-12-17 11:56:52.781306848,24740.14,No
CUST04658,2023-11-05,25,33,North,Basic,Annual,782.95,0.05,Yes,1,0,24.2,4.1,2025-12-07 10:29:09.837843306,19857.7,No
CUST04659,2025-05-12,7,26,Central,Standard,Quarterly,1449.68,0.0,Yes,1,0,48.6,5.0,2025-12-23 01:59:13.529754649,11271.81,No
CUST04660,2024-10-30,14,32,South,Standard,Monthly,1043.15,0.1,Yes,3,2,13.4,3.6,2025-12-22 22:29:24.459538676,14193.31,No
CUST04661,2024-12-05,12,28,Central,Premium,Monthly,1794.32,0.0,No,0,1,10.2,3.0,2025-12-09 00:57:38.549499633,20095.35,Yes
CUST04662,2025-05-12,7,18,South,Basic,Annual,634.85,0.0,Yes,4,1,23.7,3.6,2025-12-28 22:20:37.732418417,5046.03,No
CUST04663,2025-03-27,9,24,West,Standard,Monthly,1049.3,0.0,No,3,0,30.3,2.8,2025-12-27 13:01:46.741936541,9929.26,No
CUST04664,2023-01-27,35,26,Central,Basic,Annual,550.46,0.0,Yes,2,1,42.7,3.5,2025-12-24 17:06:46.469201870,18942.31,No
CUST04665,2023-08-26,28,37,North,Standard,Monthly,1339.96,0.05,No,1,1,33.3,5.0,2025-12-12 17:14:05.761981591,37549.03,No
CUST04666,2024-09-03,15,41,South,Standard,Monthly,1158.17,0.0,No,2,1,20.5,3.3,2025-12-30 00:00:00.000000000,16978.5,No
CUST04667,2025-05-16,7,47,West,Standard,Monthly,1112.63,0.0,Yes,3,0,38.7,2.2,2025-12-20 16:11:16.820755121,8824.29,No
CUST04668,2024-12-29,12,36,West,Basic,Quarterly,712.07,0.0,Yes,1,1,19.1,4.0,2025-11-28 23:17:52.073834672,8354.99,No
CUST04669,2025-01-18,11,53,Central,Basic,Annual,675.56,0.0,No,1,1,22.2,4.2,2025-12-28 04:12:49.596380214,7738.89,No
CUST04670,2023-03-31,33,50,North,Standard,Monthly,1135.57,0.1,Yes,0,2,13.6,3.8,2025-12-04 21:50:37.914502955,37147.4,No
CUST04671,2023-08-16,28,30,West,Basic,Monthly,720.28,0.0,No,4,0,9.8,3.3,2025-12-05 16:06:25.382471089,20330.6,No
CUST04672,2023-08-12,28,30,North,Basic,Monthly,796.14,0.0,Yes,2,0,22.5,4.5,2025-12-24 09:32:42.246386040,22527.27,No
CUST04673,2025-05-21,7,23,South,Basic,Annual,668.75,0.05,No,4,0,17.4,3.8,2025-12-24 00:24:29.977649989,4877.1,Yes
CUST04674,2024-05-20,19,34,East,Premium,Monthly,2259.29,0.15,Yes,0,1,34.1,2.0,2025-12-18 15:25:49.569330697,41711.95,No
CUST04675,2025-04-06,8,31,West,Basic,Monthly,665.28,0.05,Yes,3,0,36.2,2.9,2025-12-22 10:54:00.633606740,5568.09,No
CUST04676,2024-11-25,13,39,East,Standard,Monthly,1529.67,0.05,Yes,2,0,29.1,2.0,2025-12-13 02:16:56.882198018,20392.16,No
CUST04677,2024-12-15,12,52,North,Standard,Annual,1040.53,0.1,Yes,3,0,16.6,3.3,2025-12-28 21:48:44.798189121,13519.04,No
CUST04678,2024-02-10,22,57,South,Standard,Monthly,935.0,0.0,Yes,1,0,29.4,4.6,2025-12-27 18:39:21.264631200,20903.77,No
CUST04679,2024-07-18,17,41,South,Standard,Monthly,1206.57,0.0,Yes,3,2,35.2,2.9,2025-12-15 15:58:17.432231696,21679.64,No
CUST04680,2023-05-13,31,25,South,Basic,Monthly,733.3,0.0,Yes,4,1,23.7,3.9,2025-12-30 00:00:00.000000000,23063.65,No
CUST04681,2025-05-13,7,38,North,Standard,Monthly,1328.03,0.0,Yes,6,0,10.6,1.8,2025-12-08 17:16:28.029031090,9756.12,No
CUST04682,2025-02-26,10,39,North,Premium,Monthly,1779.81,0.0,No,2,0,22.0,4.1,2025-12-08 20:38:19.286065940,18703.15,Yes
CUST04683,2024-03-02,21,26,North,Premium,Monthly,1955.18,0.0,Yes,3,0,15.7,3.0,2025-12-17 03:30:39.761031131,41121.92,No
CUST04684,2023-04-12,32,32,South,Basic,Monthly,616.37,0.15,No,3,0,23.2,3.8,2025-12-19 09:14:54.087553516,19751.84,No
CUST04685,2024-07-01,18,43,South,Standard,Monthly,1132.89,0.1,Yes,4,0,24.8,3.3,2025-12-15 02:36:23.281443556,21373.63,No
CUST04686,2025-03-31,9,29,Central,Basic,Annual,838.48,0.05,No,3,1,7.8,3.8,2025-12-18 09:39:17.458848041,6771.51,No
CUST04687,2024-11-01,13,24,South,Basic,Monthly,705.3,0.05,Yes,2,0,27.1,3.4,2025-12-10 00:41:23.231447705,9537.83,No
CUST04688,2024-08-19,16,32,Central,Standard,Annual,1468.96,0.0,No,1,0,40.3,3.5,2025-12-30 00:00:00.000000000,24126.14,No
CUST04689,2023-10-19,26,37,South,Standard,Monthly,1334.86,0.1,Yes,2,0,15.8,3.8,2025-12-20 02:32:26.117799922,35033.25,No
CUST04690,2023-01-16,35,47,Central,Standard,Monthly,1243.27,0.0,Yes,4,2,32.3,4.6,2025-12-22 19:20:12.865474430,44037.24,No
CUST04691,2025-03-11,9,26,West,Basic,Monthly,849.99,0.05,No,1,0,27.2,2.9,2025-12-20 22:50:31.975098703,8103.27,No
CUST04692,2023-07-18,29,42,West,Basic,Monthly,696.98,0.05,No,1,0,22.2,3.0,2025-12-11 08:11:29.899156552,20657.28,No
CUST04693,2025-05-15,7,35,East,Premium,Monthly,1497.26,0.0,Yes,1,2,33.8,3.2,2025-12-26 16:51:24.609711442,9161.41,No
CUST04694,2025-04-05,8,39,North,Premium,Monthly,1872.61,0.0,Yes,1,2,24.7,3.7,2025-12-30 00:00:00.000000000,13540.95,No
CUST04695,2023-04-04,32,37,West,Standard,Annual,1353.73,0.05,Yes,2,2,29.2,4.0,2025-12-15 17:05:17.865857832,44600.86,No
CUST04696,2023-04-23,32,26,Central,Basic,Quarterly,532.31,0.0,No,1,1,34.1,3.3,2025-12-23 04:16:51.537582126,17184.51,No
CUST04697,2023-02-03,34,18,East,Standard,Monthly,1274.95,0.1,No,2,2,18.1,3.4,2025-12-16 12:43:01.192065638,42189.11,No
CUST04698,2023-07-06,29,24,Central,Basic,Annual,642.07,0.0,Yes,1,0,36.6,3.2,2025-12-09 15:38:33.552485376,18556.62,No
CUST04699,2024-03-27,21,37,South,Basic,Monthly,813.58,0.0,Yes,6,0,18.4,3.2,2025-12-18 14:59:20.450457664,17178.2,No
CUST04700,2023-08-23,28,35,North,Standard,Monthly,1071.29,0.0,Yes,1,0,28.1,3.2,2025-12-14 10:15:27.203087388,30947.42,No
CUST04701,2024-12-30,12,37,North,Basic,Annual,801.09,0.1,No,4,1,16.3,2.3,2025-12-18 01:28:23.577238797,9155.91,No
CUST04702,2024-11-15,13,32,East,Basic,Monthly,658.89,0.0,Yes,2,0,32.9,3.6,2025-12-25 17:43:16.165732089,9039.48,No
CUST04703,2025-05-15,7,35,West,Basic,Monthly,716.62,0.1,Yes,3,0,25.0,5.0,2025-12-05 23:06:05.049480462,5710.21,Yes
CUST04704,2023-07-22,29,30,South,Basic,Annual,495.5,0.05,Yes,2,0,5.9,5.0,2025-12-30 00:00:00.000000000,14110.31,No
CUST04705,2024-10-06,14,47,North,Basic,Quarterly,609.34,0.0,Yes,2,0,21.0,3.6,2025-12-21 14:21:01.770015537,8746.56,No
CUST04706,2024-09-30,15,19,South,Standard,Annual,1041.8,0.1,No,1,0,35.4,2.6,2025-12-13 13:25:07.505358197,15583.04,No
CUST04707,2024-09-03,15,27,North,Basic,Monthly,586.6,0.0,Yes,2,1,14.7,4.2,2025-12-17 00:41:29.152151448,9339.8,No
CUST04708,2024-04-03,20,24,North,Premium,Annual,1807.43,0.15,Yes,1,0,42.5,2.4,2025-12-03 06:11:46.952241228,37653.52,No
CUST04709,2023-04-22,32,32,North,Standard,Monthly,1090.59,0.0,No,0,0,24.3,4.8,2025-12-20 06:24:22.650095840,34780.01,No
CUST04710,2023-01-08,35,41,South,Basic,Quarterly,736.78,0.0,Yes,2,0,27.0,2.9,2025-12-20 04:18:54.710439400,26484.56,Yes
CUST04711,2023-06-20,30,52,South,Basic,Monthly,653.2,0.1,No,7,0,18.2,2.6,2025-12-06 13:38:00.004474306,19273.06,Yes
CUST04712,2023-01-02,35,44,East,Basic,Monthly,623.99,0.0,Yes,3,0,21.9,1.6,2025-12-09 10:09:53.592668240,21344.33,Yes
CUST04713,2024-03-06,21,44,South,Standard,Monthly,1058.86,0.0,No,3,1,25.0,2.6,2025-12-22 04:26:31.599913707,21668.54,No
CUST04714,2025-04-15,8,48,North,Basic,Monthly,600.03,0.0,Yes,1,0,27.4,3.9,2025-11-30 23:36:41.877585384,4531.96,Yes
CUST04715,2024-05-12,19,44,South,Standard,Monthly,1309.15,0.0,No,5,0,23.3,3.9,2025-12-20 04:00:09.476366847,24341.4,No
CUST04716,2024-12-09,12,44,South,Premium,Monthly,1652.2,0.05,No,1,2,22.9,2.8,2025-12-23 07:18:22.379032213,18323.98,No
CUST04717,2024-08-31,15,25,North,Premium,Monthly,1939.69,0.0,Yes,0,1,29.1,3.2,2025-12-15 05:43:48.218678884,29640.95,No
CUST04718,2023-07-01,30,28,East,Standard,Annual,1302.73,0.0,Yes,1,2,29.4,3.4,2025-12-12 17:08:00.347604283,39776.73,No
CUST04719,2024-11-27,13,41,South,Basic,Annual,670.42,0.0,Yes,0,1,34.0,2.0,2025-12-22 10:21:42.429193719,8559.38,No
CUST04720,2025-02-28,10,35,East,Premium,Annual,1931.41,0.0,Yes,3,0,34.7,4.2,2025-12-17 03:02:27.701633026,19567.96,No
CUST04721,2023-05-02,31,31,Central,Standard,Annual,1162.51,0.05,Yes,2,1,25.4,3.7,2025-12-23 10:49:44.679302305,36923.12,No
CUST04722,2024-09-27,15,45,South,Basic,Quarterly,725.18,0.0,Yes,3,0,11.8,4.6,2025-12-23 13:20:54.338611532,10239.29,No
CUST04723,2023-12-10,24,30,East,Basic,Quarterly,585.7,0.0,Yes,1,0,19.2,2.4,2025-12-21 22:42:48.232680351,13478.46,No
CUST04724,2023-05-15,31,38,East,Basic,Monthly,632.4,0.1,Yes,1,1,29.0,3.5,2025-12-20 18:31:26.291292598,19428.92,No
CUST04725,2024-07-30,17,34,South,Standard,Monthly,1241.0,0.1,No,2,1,33.8,3.4,2025-11-23 05:36:32.126884681,22130.27,Yes
CUST04726,2024-08-19,16,24,East,Standard,Monthly,1272.27,0.0,Yes,1,1,19.9,4.5,2025-12-22 14:36:52.240296226,19387.32,No
CUST04727,2025-04-09,8,52,North,Premium,Monthly,2274.24,0.0,No,2,0,27.1,3.2,2025-11-29 16:34:51.508205772,19929.73,Yes
CUST04728,2024-09-03,15,18,East,Basic,Quarterly,779.18,0.0,Yes,3,2,27.6,2.4,2025-12-08 23:13:16.441157615,11658.11,Yes
CUST04729,2023-04-01,33,22,North,Premium,Annual,1938.15,0.15,Yes,1,0,45.2,4.0,2025-12-30 00:00:00.000000000,62791.9,No
CUST04730,2024-04-10,20,30,Central,Standard,Quarterly,1241.09,0.1,No,5,0,30.9,3.4,2025-12-24 08:30:37.239657158,24820.02,No
CUST04731,2023-09-18,27,48,Central,Premium,Quarterly,1699.26,0.05,Yes,5,1,34.8,4.2,2025-12-15 18:21:10.604431412,47309.55,No
CUST04732,2023-09-06,27,47,North,Standard,Annual,1363.53,0.1,Yes,2,1,29.3,3.5,2025-12-11 02:31:06.459617203,38074.87,No
CUST04733,2023-12-16,24,27,West,Premium,Monthly,1772.62,0.1,Yes,1,0,31.1,2.7,2025-12-30 00:00:00.000000000,43843.93,No
CUST04734,2023-10-22,26,40,North,Standard,Quarterly,1049.84,0.05,Yes,3,0,46.1,3.2,2025-12-17 16:20:58.212653931,28103.59,No
CUST04735,2023-04-17,32,32,West,Standard,Quarterly,1247.95,0.0,Yes,3,2,22.8,3.4,2025-12-25 08:59:33.905043837,40971.89,No
CUST04736,2023-02-22,34,24,Central,Premium,Monthly,2020.33,0.0,No,4,1,34.2,3.5,2025-12-15 23:58:28.189941261,68139.05,No
CUST04737,2023-11-20,25,37,West,Standard,Monthly,1121.21,0.0,Yes,4,1,20.1,2.6,2025-12-17 20:23:49.298120541,27102.84,No
CUST04738,2023-05-08,31,34,West,Premium,Monthly,1491.11,0.05,Yes,0,0,9.3,2.7,2025-11-27 10:30:49.873477041,46627.85,No
CUST04739,2025-06-11,6,28,South,Basic,Quarterly,719.72,0.1,Yes,1,0,16.5,2.6,2025-12-17 21:56:49.201693896,3680.2,No
CUST04740,2023-09-20,27,42,East,Standard,Quarterly,1308.52,0.1,Yes,0,1,11.9,2.2,2025-12-10 17:57:14.548581922,35474.47,No
CUST04741,2024-12-07,12,43,Central,Basic,Monthly,733.89,0.0,Yes,3,0,18.6,3.7,2025-12-21 05:37:50.219715720,8335.6,No
CUST04742,2024-09-03,15,24,South,Basic,Monthly,757.94,0.1,Yes,3,2,30.4,3.3,2025-12-14 13:57:37.990148801,11569.59,No
CUST04743,2025-06-22,6,51,West,Standard,Quarterly,1108.09,0.05,Yes,5,2,18.2,2.3,2025-12-16 13:35:28.093571071,5668.46,No
CUST04744,2024-05-22,19,40,North,Basic,Monthly,724.38,0.15,Yes,1,1,32.8,3.3,2025-12-27 08:09:40.076997936,13616.75,No
CUST04745,2023-09-27,27,33,West,Standard,Monthly,1146.36,0.05,Yes,5,1,29.5,3.7,2025-12-23 15:32:08.576731974,31856.69,No
CUST04746,2024-07-05,17,50,West,Basic,Monthly,656.23,0.1,Yes,5,0,43.3,3.6,2025-12-19 22:01:41.615012088,11721.97,No
CUST04747,2025-01-13,11,42,Central,Basic,Quarterly,589.53,0.05,Yes,2,0,15.7,3.4,2025-12-06 23:53:42.369946008,6596.39,Yes
CUST04748,2024-02-16,22,43,North,Basic,Annual,621.41,0.0,Yes,3,0,21.1,2.6,2025-12-17 18:11:48.403288845,14243.74,No
CUST04749,2023-05-30,31,42,East,Premium,Monthly,2064.01,0.0,Yes,1,0,20.7,2.8,2025-12-27 06:07:36.676101144,62043.08,No
CUST04750,2024-04-27,20,32,East,Premium,Monthly,1917.55,0.15,Yes,1,0,9.6,4.0,2025-12-12 11:49:04.227764371,38603.83,No
CUST04751,2023-02-04,34,40,South,Basic,Quarterly,692.69,0.05,Yes,1,1,39.8,4.0,2025-12-13 10:53:38.743108530,23690.77,No
CUST04752,2024-09-18,15,33,North,Basic,Annual,676.85,0.15,Yes,1,1,16.7,3.4,2025-12-10 12:05:08.513680270,10334.07,Yes
CUST04753,2025-04-07,8,27,Central,Standard,Quarterly,1187.08,0.0,No,1,3,19.0,3.8,2025-12-30 00:00:00.000000000,9636.96,No
CUST04754,2023-01-24,35,25,East,Basic,Annual,661.15,0.0,No,1,2,28.9,3.0,2025-12-22 22:50:30.836667290,23188.64,No
CUST04755,2023-01-26,35,39,South,Standard,Monthly,1205.75,0.1,Yes,6,0,34.2,3.8,2025-12-14 12:49:04.042262183,42251.48,No
CUST04756,2025-04-14,8,44,South,Standard,Monthly,1333.2,0.0,No,0,1,26.5,4.0,2025-12-20 06:38:23.685396038,10846.96,No
CUST04757,2024-06-09,18,20,North,Basic,Monthly,935.57,0.1,No,4,1,39.2,3.1,2025-12-27 22:08:26.692408145,16875.96,No
CUST04758,2023-09-26,27,51,Central,Basic,Monthly,903.88,0.0,Yes,3,0,36.9,3.3,2025-12-22 10:08:24.990649916,23594.94,No
CUST04759,2024-10-07,14,41,West,Premium,Annual,1651.84,0.0,Yes,3,0,16.4,3.2,2025-12-24 22:44:48.887712698,22905.3,No
CUST04760,2025-04-14,8,44,North,Standard,Annual,1214.76,0.15,No,1,1,27.6,4.0,2025-12-07 18:16:42.250891896,10868.5,No
CUST04761,2024-06-23,18,31,Central,Premium,Quarterly,1844.72,0.05,Yes,1,0,26.6,3.2,2025-12-10 16:41:43.886906267,33459.34,No
CUST04762,2024-08-26,16,41,Central,Standard,Annual,1001.01,0.05,Yes,6,1,28.7,2.0,2025-12-08 09:14:59.855113001,16814.17,No
CUST04763,2023-12-06,24,41,East,Standard,Monthly,1041.47,0.0,No,6,1,23.5,3.5,2025-12-20 05:13:12.052116748,25143.46,No
CUST04764,2025-03-30,9,21,East,Basic,Monthly,574.51,0.05,No,0,2,16.0,2.7,2025-12-10 05:18:48.501930943,4621.94,No
CUST04765,2025-02-19,10,44,South,Basic,Monthly,742.6,0.05,No,1,0,31.5,2.5,2025-11-21 12:22:55.886397252,7221.62,Yes
CUST04766,2025-04-06,8,56,South,Basic,Monthly,595.49,0.0,Yes,0,1,38.0,2.5,2025-12-09 06:23:15.579522788,5017.95,No
CUST04767,2025-04-12,8,27,West,Standard,Annual,1284.75,0.15,No,2,0,27.0,3.6,2025-12-22 16:04:13.300253219,10997.62,No
CUST04768,2023-07-11,29,18,South,Standard,Monthly,1134.19,0.0,Yes,1,1,14.6,3.4,2025-12-18 00:47:29.383494839,32321.75,No
CUST04769,2024-02-29,22,27,South,Standard,Monthly,984.07,0.0,No,2,1,28.1,4.2,2025-12-10 07:45:11.089647623,21158.17,No
CUST04770,2023-08-21,28,43,Central,Basic,Monthly,784.53,0.0,No,4,0,29.8,4.0,2025-12-16 08:51:34.888160480,22167.77,No
CUST04771,2024-06-16,18,39,West,Basic,Annual,1007.12,0.0,Yes,3,1,24.1,4.1,2025-12-15 22:18:19.451628813,18253.04,No
CUST04772,2025-05-02,7,25,East,Premium,Quarterly,1989.82,0.0,Yes,2,1,22.1,3.7,2025-12-30 00:00:00.000000000,12039.83,No
CUST04773,2024-03-13,21,28,North,Standard,Monthly,1070.85,0.05,Yes,1,0,35.5,2.7,2025-12-20 16:03:23.600148959,21633.44,No
CUST04774,2024-08-16,16,18,East,Standard,Monthly,1047.59,0.0,No,1,0,25.8,3.0,2025-12-22 13:06:19.807909359,17401.83,No
CUST04775,2025-03-12,9,35,West,Standard,Quarterly,1143.44,0.05,Yes,3,2,30.9,3.1,2025-12-21 17:38:33.492792840,11311.13,No
CUST04776,2024-05-09,19,18,East,Basic,Monthly,653.67,0.0,Yes,3,1,27.5,3.7,2025-12-04 12:40:26.243218635,12182.59,No
CUST04777,2024-03-18,21,32,Central,Basic,Monthly,649.39,0.05,No,5,1,9.9,2.2,2025-12-20 22:43:28.451275629,13774.61,No
CUST04778,2024-10-10,14,21,North,Basic,Monthly,637.26,0.05,No,1,1,11.9,4.7,2025-12-16 20:35:07.029367896,8933.52,Yes
CUST04779,2025-05-11,7,32,North,Standard,Monthly,1113.36,0.0,No,2,0,9.0,2.8,2025-12-17 08:02:35.508864904,7156.03,No
CUST04780,2024-11-17,13,41,East,Premium,Quarterly,1736.84,0.0,No,2,1,25.5,2.9,2025-12-13 03:47:56.090689317,21277.08,Yes
CUST04781,2023-03-22,33,32,Central,Basic,Quarterly,646.57,0.0,No,3,1,11.0,4.4,2025-12-20 12:14:44.720655490,20985.68,No
CUST04782,2024-04-08,20,36,Central,Premium,Monthly,1874.81,0.1,Yes,4,0,24.1,3.0,2025-12-08 16:26:42.379861270,38796.58,No
CUST04783,2024-11-23,13,37,South,Standard,Monthly,1134.47,0.0,No,4,0,31.5,4.2,2025-12-18 18:45:13.806527700,13824.3,No
CUST04784,2025-05-27,7,31,South,Basic,Quarterly,823.16,0.05,Yes,3,1,23.9,3.6,2025-12-20 17:03:07.611320774,6214.37,No
CUST04785,2024-08-28,16,26,South,Premium,Monthly,1786.52,0.15,Yes,4,1,11.8,3.7,2025-12-18 11:58:10.434218040,27986.01,No
CUST04786,2024-09-13,15,18,West,Premium,Quarterly,1756.38,0.0,No,0,0,22.7,3.6,2025-12-13 10:12:55.268659187,26329.8,No
CUST04787,2023-05-17,31,37,East,Basic,Annual,672.34,0.0,Yes,2,0,23.8,2.5,2025-12-11 20:05:20.361917942,20673.98,No
CUST04788,2023-02-12,34,48,West,Standard,Monthly,1431.21,0.0,No,3,0,21.5,1.9,2025-12-14 02:38:00.268198403,47530.54,No
CUST04789,2024-01-22,23,55,West,Basic,Annual,826.85,0.0,Yes,3,1,27.6,3.1,2025-12-26 11:20:17.302531382,19123.01,No
CUST04790,2024-11-20,13,18,Central,Standard,Annual,1332.16,0.1,Yes,1,1,22.7,4.3,2025-12-13 15:43:31.729412024,16817.78,No
CUST04791,2025-04-12,8,25,North,Standard,Annual,1137.9,0.15,Yes,3,1,41.8,3.8,2025-12-11 05:23:25.269756456,8292.59,No
CUST04792,2024-04-17,20,40,West,Basic,Quarterly,812.11,0.0,Yes,0,1,38.6,3.3,2025-12-11 15:53:47.878226673,16471.58,No
CUST04793,2023-07-16,29,53,Central,Basic,Quarterly,665.67,0.0,Yes,0,0,33.1,4.0,2025-12-29 04:16:04.393061156,19113.78,No
CUST04794,2024-02-14,22,23,North,Basic,Quarterly,739.47,0.15,Yes,2,1,43.2,2.8,2025-12-25 08:55:55.984766304,15687.62,No
CUST04795,2024-12-13,12,36,East,Standard,Quarterly,1346.04,0.0,Yes,1,1,10.5,4.3,2025-12-05 08:29:37.115116651,16864.57,Yes
CUST04796,2025-05-07,7,37,West,Standard,Annual,1092.36,0.05,No,2,1,25.2,4.6,2025-12-26 04:21:59.559241758,8386.17,No
CUST04797,2023-01-15,35,28,South,Basic,Monthly,697.82,0.0,Yes,1,0,18.7,4.7,2025-12-18 11:04:48.027707585,23970.14,No
CUST04798,2024-03-03,21,32,North,Standard,Monthly,1179.82,0.05,Yes,2,1,21.8,3.7,2025-12-22 16:57:30.674775860,24850.03,No
CUST04799,2024-08-27,16,30,West,Premium,Monthly,1890.74,0.0,Yes,1,0,13.4,4.0,2025-12-02 06:30:01.828934698,28962.2,Yes
CUST04800,2025-05-24,7,19,Central,Premium,Annual,1487.74,0.0,No,7,1,30.3,2.1,2025-12-30 00:00:00.000000000,9745.42,No
CUST04801,2023-01-29,35,52,West,Standard,Monthly,1263.97,0.0,Yes,6,0,19.3,5.0,2025-12-22 09:45:08.005059818,44865.94,No
CUST04802,2023-03-24,33,37,West,Basic,Annual,780.13,0.0,No,0,1,24.2,5.0,2025-12-13 06:14:51.701626079,25955.16,No
CUST04803,2024-09-26,15,30,West,Standard,Monthly,1215.27,0.1,Yes,3,1,42.3,2.8,2025-12-21 04:37:00.594846573,17751.26,No
CUST04804,2024-03-06,21,46,Central,Premium,Monthly,1797.13,0.0,No,4,0,31.7,3.3,2025-12-10 21:10:58.869542039,38634.95,No
CUST04805,2025-01-22,11,32,South,Premium,Quarterly,1597.16,0.0,No,2,2,24.9,4.1,2025-12-11 15:06:25.781590651,17713.38,No
CUST04806,2023-10-17,26,46,West,Basic,Monthly,791.81,0.05,Yes,4,0,22.2,3.0,2025-12-23 06:04:10.931302869,21117.14,No
CUST04807,2023-06-27,30,27,South,Standard,Quarterly,1350.04,0.1,Yes,0,1,26.8,2.9,2025-12-11 15:59:12.603964676,40435.79,No
CUST04808,2023-11-26,25,46,West,Premium,Monthly,1922.26,0.05,No,3,1,40.9,4.2,2025-12-03 20:56:20.747214373,48443.26,No
CUST04809,2025-06-23,6,41,East,Standard,Annual,1198.23,0.0,No,0,1,20.1,3.1,2025-12-14 00:58:14.479195965,7776.17,No
CUST04810,2024-04-01,20,27,East,Standard,Monthly,1345.73,0.0,Yes,1,0,19.5,4.0,2025-12-08 01:48:14.980073576,27554.91,No
CUST04811,2024-04-15,20,42,West,Basic,Monthly,529.97,0.0,Yes,3,0,12.3,2.0,2025-12-12 08:14:27.044687130,10790.59,No
CUST04812,2025-04-03,8,45,South,Premium,Annual,1841.93,0.05,Yes,1,1,24.9,3.9,2025-12-09 10:52:21.937098121,13945.46,No
CUST04813,2023-04-02,32,35,South,Basic,Quarterly,641.92,0.0,Yes,3,1,28.9,4.1,2025-12-11 16:07:31.087910378,20525.82,No
CUST04814,2023-11-21,25,23,South,Basic,Quarterly,503.08,0.15,Yes,3,1,20.8,1.5,2025-12-04 23:24:14.995701453,12248.7,Yes
CUST04815,2025-02-01,10,22,Central,Basic,Monthly,681.14,0.0,No,2,0,21.4,3.6,2025-12-22 02:36:29.578072750,6491.96,No
CUST04816,2025-01-27,11,33,East,Basic,Annual,706.17,0.1,No,1,0,20.7,3.0,2025-11-29 18:45:50.751694412,8212.25,Yes
CUST04817,2025-06-08,6,37,West,Standard,Monthly,1107.26,0.0,Yes,1,0,25.5,3.6,2025-12-29 02:37:32.448236820,6969.28,No
CUST04818,2023-04-06,32,18,North,Standard,Annual,1304.61,0.0,Yes,1,3,29.9,4.1,2025-12-18 11:14:39.068039262,42302.73,No
CUST04819,2024-02-19,22,41,North,Premium,Quarterly,1994.51,0.0,Yes,3,4,13.7,2.6,2025-12-17 18:58:37.836058965,43578.23,No
CUST04820,2024-01-18,23,39,East,Basic,Annual,665.12,0.0,Yes,1,0,26.4,3.1,2025-12-06 23:33:11.041596847,14796.22,No
CUST04821,2025-05-15,7,51,South,Basic,Monthly,670.98,0.05,No,2,1,49.2,2.3,2025-11-21 16:11:56.050611435,5124.91,Yes
CUST04822,2025-04-14,8,32,West,Premium,Monthly,1575.13,0.05,Yes,6,2,36.6,2.0,2025-11-24 01:58:52.640453376,13251.06,Yes
CUST04823,2023-04-12,32,31,East,Standard,Quarterly,1133.0,0.0,Yes,1,1,26.0,2.3,2025-12-15 21:31:44.458240403,36129.91,No
CUST04824,2024-03-26,21,38,Central,Basic,Annual,657.62,0.1,Yes,6,0,18.2,4.3,2025-12-17 04:30:02.473008331,13890.28,No
CUST04825,2025-03-17,9,21,East,Standard,Annual,1230.01,0.0,Yes,1,2,30.7,4.1,2025-12-27 10:16:50.020720104,11722.51,No
CUST04826,2025-05-12,7,35,Central,Premium,Annual,1803.98,0.0,Yes,2,0,20.7,2.8,2025-12-25 07:56:47.888769538,12084.78,No
CUST04827,2025-03-21,9,18,Central,Basic,Monthly,886.25,0.0,Yes,3,3,24.6,3.8,2025-11-26 14:20:32.819946110,7817.45,Yes
CUST04828,2023-06-16,30,26,East,Standard,Monthly,1026.93,0.05,Yes,0,0,22.2,3.3,2025-12-30 00:00:00.000000000,31714.91,No
CUST04829,2024-09-26,15,35,Central,Premium,Annual,1873.9,0.0,No,2,1,40.3,3.9,2025-12-15 15:15:48.515009058,28334.08,No
CUST04830,2024-04-07,20,34,Central,Standard,Quarterly,1269.98,0.0,Yes,0,1,39.6,3.9,2025-12-25 18:27:41.059690301,24788.89,No
CUST04831,2024-12-28,12,23,Central,Standard,Quarterly,1275.05,0.0,No,2,1,28.8,3.7,2025-12-25 14:05:09.026496727,14748.21,No
CUST04832,2024-05-05,19,38,North,Standard,Monthly,1369.46,0.0,Yes,3,0,27.2,2.7,2025-12-30 00:00:00.000000000,26746.08,No
CUST04833,2025-04-25,8,34,Central,Standard,Monthly,1167.58,0.0,Yes,2,1,37.0,2.9,2025-12-09 17:54:41.622607121,8535.19,No
CUST04834,2023-07-26,29,40,East,Basic,Monthly,673.13,0.0,Yes,2,3,19.1,4.2,2025-12-20 15:27:00.287647200,18976.89,No
CUST04835,2023-07-22,29,27,West,Basic,Annual,703.5,0.0,Yes,4,1,22.9,4.4,2025-12-24 09:10:17.127038577,20647.67,No
CUST04836,2025-04-05,8,31,South,Premium,Monthly,1984.24,0.05,Yes,0,0,42.9,3.4,2025-12-30 00:00:00.000000000,14108.8,No
CUST04837,2023-05-17,31,38,Central,Standard,Monthly,1352.75,0.1,Yes,1,0,27.9,2.3,2025-12-19 08:28:29.431806644,40715.67,No
CUST04838,2024-03-20,21,22,North,Basic,Monthly,682.88,0.1,Yes,1,0,20.0,4.1,2025-12-09 23:22:49.024806422,14146.31,No
CUST04839,2024-08-02,16,37,North,Standard,Quarterly,1188.8,0.0,Yes,1,0,20.2,3.7,2025-12-20 11:10:09.910751261,17903.15,No
CUST04840,2023-11-25,25,25,East,Premium,Annual,1711.84,0.05,Yes,5,1,22.4,4.9,2025-12-28 01:21:50.997188616,42630.69,No
CUST04841,2024-09-22,15,51,East,Premium,Monthly,1717.55,0.1,No,2,1,16.8,4.2,2025-12-09 03:45:59.991336133,24430.06,No
CUST04842,2023-10-28,26,26,Central,Standard,Annual,1263.73,0.05,Yes,4,2,31.9,1.8,2025-12-17 10:10:22.806119039,33420.88,No
CUST04843,2024-03-20,21,40,East,Basic,Monthly,788.62,0.0,Yes,4,1,29.2,3.7,2025-11-25 17:43:37.170723119,16504.77,No
CUST04844,2023-01-31,34,18,North,Standard,Monthly,831.53,0.0,No,3,2,7.2,1.5,2025-12-14 04:37:59.009368760,28669.92,No
CUST04845,2024-10-27,14,31,North,Standard,Annual,1289.48,0.0,Yes,1,1,41.4,3.3,2025-11-29 09:21:33.664939353,16981.31,Yes
CUST04846,2023-11-05,25,36,West,Basic,Monthly,723.12,0.0,Yes,2,0,17.0,3.1,2025-12-24 03:28:18.299440543,18082.56,No
CUST04847,2024-01-06,23,31,South,Standard,Monthly,1286.67,0.15,Yes,2,0,25.5,3.1,2025-12-09 21:50:30.178752767,30183.21,No
CUST04848,2023-02-17,34,28,Central,Basic,Annual,647.65,0.15,Yes,4,0,13.0,4.7,2025-11-27 12:14:44.103658972,21933.99,No
CUST04849,2024-08-20,16,23,South,Standard,Monthly,1194.65,0.0,No,5,1,9.8,3.9,2025-12-17 06:53:34.182300253,19374.58,No
CUST04850,2023-11-28,25,34,East,Basic,Quarterly,734.66,0.1,No,3,2,36.8,3.6,2025-12-18 16:58:35.834520136,18455.95,No
CUST04851,2023-01-11,35,31,Central,Basic,Quarterly,657.41,0.05,Yes,5,1,14.8,1.1,2025-12-09 08:20:40.500678377,22596.74,Yes
CUST04852,2025-05-20,7,33,East,Premium,Monthly,1916.86,0.0,Yes,3,0,10.2,4.1,2025-11-25 20:57:27.500457851,13724.17,Yes
CUST04853,2024-06-14,18,27,East,Basic,Monthly,758.72,0.0,Yes,4,1,23.7,2.1,2025-12-05 20:47:04.216847168,13997.1,No
CUST04854,2023-11-05,25,21,North,Standard,Monthly,1056.91,0.05,No,3,0,22.0,2.6,2025-12-21 20:07:53.362622185,25651.32,No
CUST04855,2024-05-29,19,43,West,Basic,Quarterly,634.65,0.0,Yes,1,2,27.4,5.0,2025-11-30 12:17:17.945582448,12413.53,Yes
CUST04856,2025-03-30,9,47,Central,Basic,Monthly,723.97,0.0,Yes,1,1,30.3,3.5,2025-12-30 00:00:00.000000000,6855.78,No
CUST04857,2023-12-04,24,45,West,Basic,Annual,794.67,0.0,No,0,1,26.1,4.3,2025-12-09 15:36:26.783273765,18875.99,No
CUST04858,2024-08-02,16,37,South,Standard,Monthly,1198.19,0.0,Yes,3,1,37.9,3.3,2025-12-16 21:33:40.386493420,19641.05,No
CUST04859,2024-05-04,19,36,East,Premium,Annual,1997.47,0.05,Yes,1,1,49.1,3.4,2025-12-22 04:23:43.606863494,38595.19,No
CUST04860,2023-04-28,32,32,South,Premium,Monthly,1883.84,0.0,No,2,0,21.8,4.1,2025-12-13 03:10:24.232410581,60692.5,No
CUST04861,2023-05-08,31,35,East,Premium,Monthly,1946.56,0.0,No,1,0,31.4,2.9,2025-12-14 18:44:02.815163428,61787.44,No
CUST04862,2025-06-18,6,34,East,Basic,Annual,554.53,0.0,No,1,0,34.9,3.7,2025-12-24 00:37:54.130772090,3191.14,No
CUST04863,2023-11-04,25,24,North,Standard,Monthly,1067.15,0.15,Yes,3,0,36.0,3.6,2025-12-15 06:01:51.944904086,25910.21,No
CUST04864,2025-03-08,9,21,West,Standard,Monthly,1164.47,0.0,No,1,1,31.8,2.8,2025-12-16 07:37:52.525667566,10500.77,No
CUST04865,2024-04-24,20,37,West,Standard,Quarterly,1168.47,0.15,No,3,1,30.3,3.3,2025-12-30 00:00:00.000000000,22372.09,No
CUST04866,2024-12-09,12,22,North,Basic,Monthly,688.42,0.0,Yes,3,1,25.8,4.2,2025-12-02 13:11:14.741979355,8252.76,Yes
CUST04867,2024-08-03,16,49,Central,Basic,Quarterly,468.21,0.0,No,3,0,11.7,2.2,2025-12-25 06:39:32.930823609,7101.26,No
CUST04868,2024-08-08,16,30,West,Basic,Annual,939.44,0.0,Yes,0,1,27.6,3.5,2025-12-20 15:00:19.525009868,14484.61,No
CUST04869,2025-06-14,6,41,East,Basic,Quarterly,717.22,0.0,No,3,3,38.0,3.9,2025-11-19 22:40:39.560414823,4826.42,Yes
CUST04870,2023-12-04,24,35,South,Standard,Annual,1201.59,0.05,Yes,2,2,41.1,3.3,2025-12-06 11:54:56.237774496,28465.7,Yes
CUST04871,2025-01-17,11,31,East,Standard,Monthly,1083.3,0.05,Yes,5,1,34.4,3.6,2025-12-13 07:55:47.727351740,11154.55,No
CUST04872,2024-05-04,19,36,South,Basic,Monthly,636.54,0.05,Yes,2,1,40.5,3.0,2025-12-23 02:21:45.013024800,12611.66,No
CUST04873,2024-03-10,21,34,North,Premium,Quarterly,2166.32,0.05,No,0,1,38.3,3.9,2025-12-30 00:00:00.000000000,46875.58,No
CUST04874,2024-08-13,16,41,East,Basic,Monthly,642.58,0.0,Yes,0,2,25.5,3.5,2025-12-09 02:22:22.038582098,10245.33,No
CUST04875,2023-09-29,27,39,Central,Basic,Annual,752.42,0.0,No,3,0,16.2,3.3,2025-12-04 01:12:47.816935788,20110.3,No
CUST04876,2023-02-09,34,48,South,Basic,Annual,797.44,0.1,No,2,3,29.7,4.2,2025-12-30 00:00:00.000000000,26847.1,No
CUST04877,2025-03-05,9,34,South,Standard,Annual,1119.83,0.0,No,0,2,17.0,3.5,2025-12-26 08:39:28.593402109,9369.99,No
CUST04878,2024-10-14,14,40,South,Premium,Quarterly,1896.56,0.05,No,3,0,27.1,5.0,2025-12-26 06:59:03.945216135,24705.61,No
CUST04879,2024-10-14,14,26,East,Standard,Monthly,1022.07,0.0,No,1,1,30.7,4.0,2025-12-23 00:41:12.107672284,13551.16,No
CUST04880,2023-08-14,28,46,East,Basic,Annual,777.7,0.1,No,0,1,26.1,2.2,2025-12-17 17:08:57.904998553,21498.27,No
CUST04881,2025-06-19,6,32,North,Standard,Monthly,1214.14,0.0,No,2,1,31.6,2.9,2025-12-19 22:28:19.719980988,7283.97,No
CUST04882,2023-07-11,29,35,Central,Standard,Monthly,1184.47,0.1,No,0,0,30.9,3.2,2025-12-22 01:51:54.974086774,35529.63,No
CUST04883,2024-05-24,19,27,East,Standard,Monthly,1336.02,0.05,No,4,0,17.5,3.1,2025-12-19 21:11:25.776598586,24809.55,No
CUST04884,2025-02-21,10,22,East,Basic,Monthly,729.92,0.0,No,0,0,36.2,3.7,2025-12-16 16:52:42.763993505,7611.44,No
CUST04885,2024-06-10,18,18,East,Standard,Monthly,1010.85,0.05,Yes,0,1,17.1,4.0,2025-12-01 05:31:38.578185990,18115.64,Yes
CUST04886,2024-11-20,13,59,South,Basic,Monthly,659.08,0.0,Yes,2,0,27.7,4.0,2025-12-13 03:48:03.464885106,9170.4,No
CUST04887,2023-01-09,35,47,West,Basic,Monthly,767.23,0.0,Yes,1,2,17.5,2.7,2025-12-16 07:25:36.255809203,27165.99,No
CUST04888,2025-04-26,8,26,Central,Basic,Monthly,554.57,0.0,Yes,2,0,15.4,4.3,2025-12-01 03:25:21.412758231,4046.59,Yes
CUST04889,2025-05-04,7,31,North,Basic,Annual,690.13,0.1,Yes,2,0,7.9,4.7,2025-12-17 13:07:47.202692348,4939.26,No
CUST04890,2025-03-22,9,18,North,Standard,Quarterly,1240.91,0.0,No,1,0,42.2,3.5,2025-12-11 10:10:46.483523360,10470.44,No
CUST04891,2025-02-15,10,41,South,Basic,Monthly,705.8,0.0,No,4,0,39.0,5.0,2025-11-19 20:23:13.245285624,6390.49,Yes
CUST04892,2025-01-06,11,38,Central,Standard,Monthly,1425.31,0.0,Yes,4,1,37.1,3.9,2025-12-06 12:15:52.810281525,16339.47,No
CUST04893,2023-04-20,32,41,West,Standard,Monthly,1209.94,0.0,Yes,1,0,36.0,2.4,2025-12-10 17:10:29.452689057,38337.67,No
CUST04894,2023-07-08,29,28,North,Basic,Monthly,653.3,0.0,Yes,2,3,31.0,4.6,2025-12-08 12:57:37.282532936,18775.8,No
CUST04895,2023-11-27,25,40,North,Basic,Annual,736.41,0.0,No,3,1,3.8,3.3,2025-12-13 17:31:11.845382353,18191.53,No
CUST04896,2023-06-27,30,33,West,Standard,Annual,946.62,0.0,No,1,0,20.9,2.0,2025-12-18 04:59:18.145404943,29225.05,No
CUST04897,2023-06-06,30,20,East,Standard,Annual,1294.64,0.15,No,0,0,24.0,3.3,2025-12-18 12:01:39.180997388,38453.42,No
CUST04898,2023-02-13,34,46,North,Basic,Monthly,849.87,0.05,No,0,1,33.3,3.8,2025-12-29 21:56:29.987455445,28631.68,No
CUST04899,2024-07-13,17,28,Central,Premium,Quarterly,2107.56,0.05,Yes,5,1,17.1,3.3,2025-12-20 14:48:09.988853864,37425.13,No
CUST04900,2024-10-31,13,41,North,Standard,Quarterly,1170.46,0.15,No,2,0,45.2,4.1,2025-12-25 00:59:10.693260488,14353.03,No
CUST04901,2023-12-10,24,41,South,Premium,Monthly,1869.89,0.0,Yes,4,0,11.4,3.3,2025-12-26 03:58:05.964042142,46108.61,No
CUST04902,2025-02-21,10,43,West,Standard,Quarterly,1045.43,0.1,Yes,4,1,24.3,1.7,2025-12-12 04:49:12.184902650,10770.24,No
CUST04903,2023-06-20,30,43,South,Basic,Monthly,776.89,0.0,Yes,0,3,27.8,2.4,2025-11-30 07:31:12.857850737,22911.78,No
CUST04904,2025-02-21,10,34,North,Basic,Monthly,744.8,0.0,No,0,1,49.7,4.8,2025-12-22 18:34:10.096037899,7599.05,No
CUST04905,2025-05-16,7,18,South,Standard,Quarterly,1097.66,0.0,Yes,0,1,37.4,3.6,2025-12-09 17:13:42.910240510,8358.29,No
CUST04906,2023-01-31,34,38,East,Standard,Monthly,1167.47,0.05,Yes,0,0,26.4,3.3,2025-12-28 17:45:23.479511400,38776.32,No
CUST04907,2025-02-08,10,60,East,Standard,Monthly,1060.07,0.0,No,3,0,33.8,5.0,2025-12-30 00:00:00.000000000,10692.76,No
CUST04908,2024-06-19,18,31,West,Basic,Quarterly,555.69,0.0,No,2,1,28.8,3.6,2025-12-26 14:06:22.917440748,10335.27,No
CUST04909,2024-05-13,19,41,East,Basic,Annual,730.66,0.05,Yes,1,0,44.0,4.9,2025-12-17 06:39:56.987298790,14479.92,No
CUST04910,2025-03-24,9,35,North,Basic,Monthly,742.08,0.1,Yes,2,1,33.1,3.5,2025-12-19 23:22:18.214333444,6512.03,No
CUST04911,2025-03-27,9,30,Central,Basic,Monthly,734.7,0.1,Yes,2,1,29.4,2.4,2025-12-15 18:22:30.259299939,6086.48,No
CUST04912,2024-04-06,20,35,West,Standard,Quarterly,1132.34,0.0,No,3,0,26.1,3.7,2025-12-18 13:41:12.888295752,23282.01,No
CUST04913,2025-04-27,8,49,North,Standard,Monthly,1289.54,0.0,Yes,2,1,17.4,4.2,2025-12-26 08:51:42.404742467,11346.29,No
CUST04914,2025-06-27,6,43,North,Premium,Monthly,2078.16,0.0,Yes,2,1,21.5,4.2,2025-12-05 06:48:45.580870927,13844.85,No
CUST04915,2023-05-21,31,35,North,Basic,Annual,681.17,0.1,Yes,3,1,31.3,2.6,2025-12-05 00:48:29.403338055,20595.21,No
CUST04916,2024-05-30,19,37,East,Standard,Monthly,1026.34,0.05,Yes,2,0,24.5,4.8,2025-12-21 02:37:54.895307060,18694.95,No
CUST04917,2023-11-11,25,18,Central,Standard,Quarterly,1040.76,0.15,No,2,0,39.2,3.7,2025-12-24 07:39:18.479848300,25221.71,No
CUST04918,2025-05-28,7,18,Central,Standard,Annual,1333.51,0.05,Yes,3,0,41.1,3.8,2025-12-04 15:58:49.864445694,8016.51,No
CUST04919,2023-01-13,35,18,East,Premium,Monthly,1734.74,0.1,No,1,0,26.2,3.0,2025-12-18 22:11:35.875659547,59343.02,No
CUST04920,2023-02-13,34,32,West,Basic,Monthly,754.84,0.1,Yes,4,0,24.2,3.8,2025-12-17 17:38:49.201755012,26306.97,No
CUST04921,2025-04-30,8,47,East,Standard,Monthly,1394.22,0.0,No,3,1,12.4,3.6,2025-12-05 20:49:35.858176536,10378.65,No
CUST04922,2024-07-28,17,46,West,Premium,Annual,1908.26,0.0,No,2,1,21.1,2.3,2025-12-15 23:09:33.547413364,33193.96,No
CUST04923,2023-08-05,28,28,North,Standard,Monthly,1175.34,0.05,No,5,0,39.8,3.3,2025-12-21 03:53:35.659051731,33688.17,No
CUST04924,2025-06-21,6,39,South,Standard,Annual,1251.78,0.05,No,5,0,13.7,4.9,2025-12-29 18:15:22.841512362,6318.72,No
CUST04925,2023-05-17,31,37,North,Standard,Monthly,1427.72,0.0,Yes,0,0,36.1,3.3,2025-12-06 15:27:31.130240354,42834.11,No
CUST04926,2024-08-02,16,49,North,Basic,Monthly,782.83,0.0,No,1,1,11.7,2.3,2025-12-08 20:24:27.420126403,12679.97,Yes
CUST04927,2024-06-04,18,18,West,Basic,Monthly,601.14,0.0,Yes,2,1,26.8,3.2,2025-12-08 07:13:08.196736728,10780.31,No
CUST04928,2023-09-14,27,19,Central,Standard,Monthly,1134.81,0.0,No,2,0,27.6,3.8,2025-12-18 11:17:57.068589365,30923.17,No
CUST04929,2025-05-22,7,34,East,Standard,Monthly,1164.89,0.05,No,4,0,19.4,3.8,2025-12-07 01:55:31.123034568,8437.16,No
CUST04930,2025-05-17,7,28,South,Basic,Quarterly,764.62,0.05,Yes,1,2,20.3,3.8,2025-12-30 00:00:00.000000000,4652.97,No
CUST04931,2023-08-02,28,18,East,Basic,Annual,792.28,0.15,No,1,0,17.5,2.6,2025-12-20 09:18:29.779576794,22046.96,No
CUST04932,2025-02-23,10,31,South,Basic,Quarterly,697.22,0.0,Yes,1,0,15.1,4.6,2025-12-07 10:50:53.304820236,7292.65,No
CUST04933,2024-06-29,18,54,West,Standard,Monthly,1251.25,0.0,No,2,0,19.3,3.2,2025-12-10 01:14:40.117005701,23422.62,No
CUST04934,2024-10-31,13,36,South,Standard,Monthly,1311.21,0.0,No,1,0,16.8,3.8,2025-12-04 19:16:57.390245688,17349.64,Yes
CUST04935,2024-09-04,15,25,North,Basic,Monthly,773.62,0.0,Yes,3,1,36.4,3.6,2025-12-20 20:22:37.659091216,11897.19,No
CUST04936,2023-01-09,35,44,Central,Standard,Monthly,1368.29,0.0,No,3,1,14.6,3.3,2025-12-20 05:36:36.084452899,47230.74,No
CUST04937,2024-03-14,21,22,East,Standard,Quarterly,1132.09,0.05,Yes,1,1,26.5,4.0,2025-12-18 01:22:45.180014480,23795.79,No
CUST04938,2023-06-07,30,34,North,Basic,Quarterly,821.43,0.05,No,2,1,20.1,4.2,2025-12-09 04:07:53.696050133,24344.1,No
CUST04939,2023-06-03,30,31,South,Basic,Quarterly,681.67,0.05,Yes,6,0,5.5,3.7,2025-12-06 11:57:38.614016739,20888.18,No
CUST04940,2025-06-02,6,38,West,Premium,Quarterly,1952.92,0.05,No,2,0,18.1,3.2,2025-12-12 03:59:57.331150858,11090.17,No
CUST04941,2023-03-05,33,34,West,Standard,Monthly,1024.05,0.1,Yes,1,1,20.1,4.0,2025-12-29 09:41:31.281055492,33581.3,No
CUST04942,2023-03-04,33,39,Central,Standard,Annual,1586.48,0.1,No,0,0,23.0,3.5,2025-12-23 11:09:09.081721864,52189.1,No
CUST04943,2024-11-15,13,26,East,Standard,Monthly,1092.87,0.1,No,3,0,29.6,2.5,2025-12-10 12:59:05.484732928,14576.54,No
CUST04944,2023-04-08,32,35,West,Premium,Monthly,1816.41,0.1,No,0,2,21.4,3.9,2025-12-19 02:14:01.597814783,59600.38,No
CUST04945,2023-04-27,32,43,South,Standard,Monthly,1391.83,0.0,Yes,3,1,18.0,3.4,2025-12-25 23:51:12.233736954,43689.33,No
CUST04946,2024-12-10,12,24,South,Premium,Quarterly,1702.66,0.0,Yes,4,1,10.6,3.4,2025-12-18 13:01:31.778857319,21651.97,No
CUST04947,2023-10-29,26,44,North,Standard,Monthly,1313.29,0.1,Yes,2,0,21.5,3.3,2025-12-23 21:03:27.336251690,34939.44,No
CUST04948,2025-02-21,10,37,South,Premium,Monthly,1931.18,0.15,Yes,4,1,9.0,2.9,2025-12-16 12:57:49.235606246,18990.77,No
CUST04949,2025-02-07,10,20,West,Standard,Monthly,940.97,0.0,No,1,1,39.3,3.5,2025-12-24 02:31:29.005862512,10031.38,No
CUST04950,2024-01-20,23,41,South,Basic,Monthly,585.4,0.1,Yes,3,1,24.5,3.5,2025-12-07 04:06:01.490129306,13522.2,No
CUST04951,2023-11-29,25,36,North,Standard,Monthly,1237.77,0.1,No,4,0,33.6,3.4,2025-12-28 11:48:39.212311606,30357.61,No
CUST04952,2025-02-04,10,23,North,Premium,Monthly,1706.51,0.0,Yes,2,0,25.6,4.2,2025-12-18 10:46:33.960099683,16239.27,No
CUST04953,2024-09-29,15,38,North,Premium,Annual,1833.21,0.0,No,2,1,31.2,3.7,2025-12-23 16:45:30.247206861,25981.6,No
CUST04954,2025-03-14,9,19,East,Standard,Monthly,1368.64,0.0,No,3,0,26.0,3.3,2025-11-28 10:11:18.319973450,13053.92,Yes
CUST04955,2024-06-26,18,24,North,Basic,Monthly,737.93,0.0,No,3,0,10.1,3.6,2025-12-10 09:05:39.983980189,13624.65,Yes
CUST04956,2023-11-11,25,25,South,Premium,Annual,1715.08,0.0,No,2,1,39.1,3.7,2025-12-12 06:01:37.589617137,41958.86,No
CUST04957,2025-06-07,6,39,South,Premium,Monthly,1643.0,0.0,Yes,2,1,32.0,1.8,2025-12-12 10:57:12.983903122,9220.26,No
CUST04958,2025-02-04,10,52,North,Standard,Monthly,1284.38,0.05,Yes,3,0,24.2,2.6,2025-12-21 08:01:22.229800292,13242.83,No
CUST04959,2025-03-26,9,33,West,Standard,Quarterly,957.81,0.05,No,2,0,39.9,3.9,2025-12-17 07:22:36.487272516,9567.03,No
CUST04960,2025-03-06,9,38,West,Standard,Monthly,1083.87,0.1,Yes,3,1,26.8,3.8,2025-12-06 13:09:06.459350939,9390.97,Yes
CUST04961,2025-06-10,6,37,South,Standard,Quarterly,1305.39,0.1,No,5,0,22.5,2.3,2025-12-19 11:32:30.206783671,6703.65,No
CUST04962,2024-01-17,23,38,North,Standard,Monthly,1209.67,0.05,No,4,0,19.1,3.1,2025-12-08 04:04:10.997926395,27266.95,Yes
CUST04963,2023-04-01,33,43,North,Basic,Monthly,728.69,0.0,Yes,1,1,17.4,3.9,2025-12-11 15:07:15.716933547,24483.7,No
CUST04964,2025-06-14,6,32,North,Premium,Annual,1924.02,0.1,Yes,1,1,31.1,2.9,2025-12-17 20:45:42.798770122,13441.34,No
CUST04965,2024-09-09,15,39,North,Basic,Monthly,737.21,0.15,Yes,2,0,21.4,4.0,2025-12-20 19:58:57.648269027,10747.75,No
CUST04966,2023-08-18,28,40,South,Standard,Quarterly,1135.3,0.0,No,1,1,23.2,3.2,2025-12-08 21:17:40.406287359,31073.09,No
CUST04967,2023-12-15,24,27,Central,Standard,Quarterly,952.8,0.0,Yes,5,0,25.7,3.2,2025-12-09 22:31:32.809601125,23045.88,No
CUST04968,2023-03-03,33,38,East,Basic,Monthly,747.58,0.0,Yes,3,1,28.4,4.2,2025-12-20 06:20:49.111249434,24110.6,No
CUST04969,2025-01-23,11,49,West,Basic,Monthly,563.62,0.0,No,0,0,24.4,4.2,2025-11-21 19:12:02.333029211,6153.78,Yes
CUST04970,2025-02-07,10,18,West,Basic,Annual,601.85,0.0,No,3,0,28.0,3.2,2025-12-10 19:11:27.804701377,5603.48,No
CUST04971,2024-05-22,19,29,Central,Standard,Annual,995.55,0.15,Yes,0,1,27.9,4.3,2025-12-15 07:11:55.000234755,18793.6,No
CUST04972,2024-08-10,16,45,North,Basic,Monthly,740.63,0.0,Yes,2,2,9.4,3.3,2025-12-19 05:56:08.709836566,11350.69,No
CUST04973,2024-06-01,18,42,North,Standard,Quarterly,1142.53,0.1,Yes,6,0,19.9,2.8,2025-12-15 08:40:26.097103419,20366.94,No
CUST04974,2024-01-07,23,35,Central,Standard,Quarterly,1263.46,0.0,Yes,3,0,27.9,4.5,2025-12-17 13:27:19.901419471,28160.39,No
CUST04975,2023-08-13,28,38,East,Basic,Monthly,689.31,0.05,Yes,4,1,43.5,2.3,2025-12-08 10:17:45.996191607,18930.06,No
CUST04976,2024-02-28,22,27,North,Standard,Monthly,1062.55,0.0,Yes,2,2,23.7,3.1,2025-12-15 14:55:53.880728094,22716.18,Yes
CUST04977,2025-05-27,7,39,North,Standard,Monthly,1343.75,0.0,Yes,0,0,24.9,3.2,2025-12-21 05:52:27.363336958,8594.51,No
CUST04978,2023-03-26,33,37,South,Basic,Monthly,702.77,0.0,Yes,7,1,15.6,3.2,2025-12-25 21:11:24.920851368,22908.24,No
CUST04979,2025-05-15,7,38,West,Standard,Monthly,889.44,0.0,Yes,4,1,22.0,3.5,2025-12-21 03:14:05.537892878,6754.87,No
CUST04980,2023-04-21,32,28,North,Standard,Monthly,1001.39,0.1,No,1,1,46.4,3.9,2025-12-19 02:34:49.883400146,32973.21,No
CUST04981,2025-06-21,6,35,South,Premium,Quarterly,2182.64,0.0,Yes,3,0,28.9,3.1,2025-12-25 22:02:40.606801740,11453.21,No
CUST04982,2024-06-16,18,18,North,Basic,Monthly,718.8,0.1,Yes,1,0,28.8,2.7,2025-12-25 03:37:52.811905432,13640.17,No
CUST04983,2024-05-27,19,41,East,Standard,Monthly,1177.31,0.05,No,1,0,28.0,4.7,2025-12-26 19:23:40.944471729,21804.6,No
CUST04984,2024-07-30,17,49,Central,Standard,Monthly,1156.04,0.15,Yes,6,1,14.9,3.2,2025-12-13 11:08:12.692112870,20400.85,No
CUST04985,2024-10-27,14,23,West,Premium,Monthly,2208.88,0.1,Yes,1,0,37.7,2.4,2025-12-12 01:43:52.854654542,31761.51,No
CUST04986,2023-09-07,27,33,East,Standard,Monthly,1307.28,0.0,Yes,2,1,12.0,4.0,2025-12-25 09:58:02.682603043,34468.73,No
CUST04987,2024-10-26,14,18,East,Basic,Monthly,707.96,0.15,No,2,0,45.0,3.9,2025-12-10 21:42:56.478396661,10051.15,No
CUST04988,2024-10-04,14,42,West,Standard,Quarterly,1334.28,0.0,No,3,1,11.9,3.5,2025-11-28 01:10:27.365836296,19104.02,No
CUST04989,2023-08-13,28,28,West,Standard,Monthly,1053.49,0.05,Yes,4,1,28.0,5.0,2025-12-24 08:17:42.712854217,29705.09,No
CUST04990,2023-11-19,25,33,North,Standard,Annual,1175.77,0.0,No,4,1,8.2,3.1,2025-12-22 11:05:42.325629706,28949.71,No
CUST04991,2024-08-14,16,26,North,Standard,Monthly,1352.08,0.05,Yes,5,0,31.0,3.8,2025-12-06 12:02:10.374862477,21525.64,Yes
CUST04992,2023-03-11,33,23,East,Standard,Annual,1135.27,0.05,No,4,2,24.1,3.1,2025-12-20 21:26:00.684576952,36951.21,No
CUST04993,2023-11-03,25,39,Central,Standard,Monthly,1275.11,0.0,No,4,1,24.3,3.7,2025-12-18 17:22:39.749416459,32505.37,No
CUST04994,2023-02-25,34,36,South,Basic,Monthly,597.69,0.0,Yes,2,1,20.6,2.2,2025-12-21 09:58:07.616062068,20105.73,No
CUST04995,2024-03-15,21,43,North,Basic,Monthly,701.24,0.05,Yes,1,0,12.9,3.3,2025-12-05 19:55:47.535056254,14185.0,No
CUST04996,2024-06-30,18,40,South,Basic,Annual,582.35,0.15,No,1,1,30.5,3.7,2025-12-18 20:28:46.822698538,10097.29,No
CUST04997,2025-03-31,9,25,South,Basic,Monthly,727.49,0.05,Yes,4,0,11.5,2.8,2025-12-21 00:41:46.660205812,7072.88,No
CUST04998,2024-12-06,12,51,South,Standard,Monthly,995.46,0.05,No,3,0,36.9,3.0,2025-12-16 01:16:42.400928937,12153.73,No
CUST04999,2023-09-17,27,18,Central,Premium,Annual,1853.36,0.0,No,3,1,38.4,2.8,2025-12-20 11:54:32.158523912,51378.25,No
CUST05000,2023-04-08,32,40,Central,Basic,Quarterly,738.93,0.0,Yes,2,1,33.4,4.0,2025-12-18 08:47:36.582007932,24271.32,No
